F_CdSiteHy;X;Y;25/05/2012;25/06/2012;25/07/2012;25/08/2012;25/09/2012;25/05/2013;25/06/2013;25/07/2013;25/08/2013;25/09/2013;25/05/2014;25/06/2014;25/07/2014;25/08/2014;25/09/2014;25/05/2015;25/06/2015;25/07/2015;25/08/2015;25/09/2015;25/05/2016;25/06/2016;25/07/2016;25/08/2016;25/09/2016;25/10/2016;25/11/2016
A0220651;1041171.77;6729475.105;1;1;1;1;1;1;1;1;0;NA;1;1;1;1;1;1;1;1;1;1;1;1;1;0;0;NA;NA
A0240002;1037400.246;6735788.845;1;1;1;0;1;1;1;1;1;NA;1;1;1;1;1;1;1;0;1;1;1;1;1;1;1;NA;NA
A0240003;1034615.843;6734594.157;1;1;1;1;1;1;1;1;1;NA;1;1;1;1;1;1;1;1;1;1;1;1;1;1;1;NA;NA
A0250001;1032761.47;6737540.71;1;1;1;1;1;1;1;1;1;NA;1;1;1;1;1;1;1;1;1;1;1;1;1;1;1;NA;NA
A0430301;1043629.676;6802471.289;1;1;1;1;1;1;1;1;1;1;1;1;1;1;1;1;1;1;1;1;1;1;1;1;1;NA;NA
A0530741;1045560.766;6816938.786;1;1;1;1;1;1;1;1;1;1;1;1;1;1;1;1;1;0;1;1;1;1;1;1;1;NA;NA
A1020001;1029996.651;6725304.144;1;1;1;1;1;1;1;1;1;NA;1;1;1;1;1;1;1;1;1;1;1;1;1;1;1;NA;NA
A1030001;1023118.964;6726634.663;1;1;1;1;1;1;1;1;1;NA;1;1;1;1;1;1;1;1;1;1;1;1;1;1;1;NA;NA
A1060002;1031115.539;6727392.967;1;1;1;1;1;1;1;1;1;NA;1;1;1;1;1;1;1;0;0;1;1;1;1;1;1;NA;NA
A1100201;1019855.3;6717954.5;1;1;1;1;1;1;1;1;1;NA;1;1;1;1;1;1;1;1;1;1;1;1;1;1;1;NA;NA
A1110001;1017378.651;6723393.301;1;1;1;1;1;1;1;1;1;NA;1;1;1;1;1;1;1;1;1;1;1;1;1;1;1;NA;NA
A1140001;1004572.349;6744723.852;1;1;1;1;1;1;1;1;1;NA;1;1;1;1;1;1;1;1;1;1;1;1;1;1;1;NA;NA
A1150841;1012460.795;6740220.988;1;1;0;1;1;1;1;0;0;NA;1;0;1;1;1;1;1;0;0;1;1;1;1;0;0;NA;NA
A1222011;1004603.537;6747774.733;1;1;1;1;1;1;1;1;1;NA;1;1;1;1;1;1;1;1;1;1;1;1;1;0;0;NA;NA
A1310001;1018454.169;6747705;1;1;0;0;0;1;1;0;0;NA;1;0;1;0;0;1;0;0;0;0;1;1;1;0;0;NA;NA
A1402021;996092.7113;6766200;1;1;1;1;1;1;1;1;1;NA;1;1;1;1;1;1;1;1;1;1;1;1;1;1;1;NA;NA
A1420352;999632.7719;6761108.795;1;1;1;1;1;1;1;1;1;NA;1;1;1;1;1;1;1;1;1;1;1;1;1;1;1;NA;NA
A1440201;1005563.904;6753093.193;1;1;1;1;1;1;1;1;1;NA;1;1;1;1;1;1;1;1;1;1;1;1;1;1;0;NA;NA
A1510581;1009650.699;6768695.711;1;1;1;1;1;1;1;1;1;NA;1;0;1;1;1;1;1;0;0;1;1;1;1;0;0;NA;NA
A1520201;1019273.988;6765142.301;1;1;1;1;1;1;1;1;1;NA;1;1;1;1;1;1;1;1;1;1;1;1;1;1;1;NA;NA
A1560201;1021595.4;6769927.5;1;1;1;1;1;1;1;1;1;NA;1;1;1;1;1;1;1;1;1;1;1;1;1;1;1;NA;NA
A1560202;1022737.301;6777282.241;1;1;1;1;1;1;1;1;0;NA;1;1;1;1;1;1;1;1;1;1;1;1;1;1;1;NA;NA
A1570225;1023900.463;6777487.346;1;1;1;1;1;1;1;1;1;NA;1;1;1;1;1;1;1;1;1;1;1;1;1;1;1;NA;NA
A2030531;1013332.699;6779067.433;1;1;1;1;1;1;1;1;1;NA;1;0;1;1;1;1;1;1;1;1;1;1;1;1;1;NA;NA
A2120201;1016264.916;6791725.699;1;1;1;1;1;1;1;1;1;NA;1;1;1;1;1;1;1;1;1;1;1;1;1;1;1;NA;NA
A2130201;1017325.362;6789060.699;1;1;1;1;1;1;1;1;1;NA;1;1;1;1;1;1;1;1;1;1;1;1;1;1;1;NA;NA
A2140102;1023353.435;6793380.747;1;1;1;0;0;1;1;0;0;NA;1;0;0;0;1;1;0;0;0;0;1;1;0;0;0;NA;NA
A2150302;1024750.509;6795838.844;1;1;1;1;1;1;1;1;1;NA;1;1;1;1;1;1;1;1;1;1;1;1;1;1;1;NA;NA
A2160101;1028718.114;6796273.8;1;1;0;0;0;1;1;0;0;NA;1;0;1;0;1;1;0;0;0;0;1;1;0;0;0;NA;NA
A2210001;1026980.119;6800227.469;1;1;0;0;0;1;1;0;0;NA;1;0;1;0;0;1;0;0;0;0;1;1;0;0;0;NA;NA
A2300001;1012220.762;6811260.767;1;1;1;1;1;1;1;1;1;1;1;1;1;1;1;1;1;1;1;1;1;1;1;1;1;NA;NA
A2310201;1019037.88;6813603.229;1;1;1;1;1;1;1;1;1;1;1;1;1;1;1;1;1;1;1;1;1;1;1;1;1;NA;NA
A2320701;1009129.446;6800382.096;1;1;1;1;1;1;1;1;1;NA;1;1;1;1;1;1;1;1;1;1;1;1;1;1;1;NA;NA
A2330001;1015208.121;6804512.385;1;1;1;0;0;1;1;1;0;NA;1;0;1;1;1;1;1;0;0;1;1;1;1;0;0;NA;NA
A2360031;1035565.144;6804055.904;1;1;1;1;1;1;1;1;1;1;1;1;1;1;1;1;1;0;1;1;1;1;1;1;1;NA;NA
A2360032;1039342.888;6815036.232;1;1;1;1;1;1;1;1;1;1;1;1;1;1;1;1;1;0;0;1;1;1;1;1;1;NA;NA
A2520001;1034921.41;6822855.699;1;1;1;1;1;1;1;1;1;1;1;1;1;1;1;1;1;1;1;1;1;1;1;1;1;NA;NA
A2550001;1032754.253;6813853.952;1;1;0;0;0;1;1;0;1;1;1;0;1;0;1;1;1;0;1;1;1;1;1;0;1;NA;NA
A2550002;1035253.41;6815641.59;1;1;1;1;1;1;1;1;1;1;1;0;1;1;1;1;1;0;1;1;1;1;1;1;1;NA;NA
A2600001;1023887.904;6826592.253;1;1;1;1;1;1;1;1;1;1;1;1;1;1;1;1;1;1;1;1;1;1;1;1;1;NA;NA
A2610201;1038095.757;6830420.979;1;1;1;1;1;1;1;1;1;1;1;1;1;1;1;1;1;1;1;1;1;1;1;1;1;NA;NA
A2730381;1011994.419;6832687.42;1;1;1;1;0;1;1;1;1;1;1;1;1;1;1;1;1;1;1;1;1;1;1;1;1;NA;NA
A2760753;1023921.997;6839083.894;1;1;0;0;0;1;1;1;1;1;1;0;1;1;1;1;1;0;0;1;1;1;1;1;1;NA;NA
A2820002;1024742.725;6846031.578;1;1;0;0;0;1;1;1;0;0;1;0;1;0;1;1;0;0;0;1;1;1;1;0;0;NA;NA
A2910001;1043576.197;6847119.727;1;1;1;1;1;1;1;1;1;1;1;1;1;1;1;1;1;1;1;1;1;1;1;1;1;NA;NA
A2920001;1041075.096;6848775.398;1;1;1;1;1;1;1;1;1;1;1;1;1;1;1;1;1;1;1;1;1;1;1;1;1;NA;NA
A3320001;1050615.822;6859951.794;1;0;0;0;0;1;1;1;0;1;1;1;1;1;1;1;1;1;1;1;1;1;1;1;1;NA;NA
A3400001;1011642.231;6844243.929;1;1;1;1;1;1;1;1;1;1;1;1;1;1;1;1;1;1;1;1;1;1;1;1;1;NA;NA
A3430211;1010899.477;6864735.374;1;1;1;1;1;1;1;1;1;1;1;1;1;1;1;1;1;1;1;1;1;1;1;1;1;NA;NA
A3440001;1023639.795;6869257.952;1;1;1;1;1;1;1;1;1;1;1;1;1;1;1;1;1;1;1;1;1;1;1;1;1;NA;NA
A3460001;1029068.008;6863249.009;0;1;0;0;0;1;1;1;0;0;0;0;0;0;0;1;0;0;0;0;1;1;1;0;0;NA;NA
A3510001;1047332.59;6851862.921;1;1;1;1;1;1;1;1;1;1;1;1;1;1;1;1;1;1;1;1;1;1;1;1;1;NA;NA
A3670001;1054873.096;6869268.41;1;1;1;1;1;1;1;1;1;1;1;1;1;1;1;1;1;0;0;1;1;1;1;1;1;NA;NA
A3690111;1070582.747;6874956.904;0;0;0;0;0;1;1;0;0;0;0;0;0;0;0;1;1;0;0;0;1;1;1;0;0;NA;NA
A3700001;1051979.982;6882165.332;1;1;1;1;1;1;1;1;1;1;1;0;1;1;1;1;1;0;1;1;1;1;1;1;1;NA;NA
A3710001;1058163.253;6887566.388;1;1;1;1;1;1;1;1;1;1;1;1;1;1;1;1;1;1;1;1;1;1;1;1;1;NA;NA
A3720001;1068202.036;6881756.944;1;1;1;1;1;1;1;1;1;1;1;1;1;1;1;1;1;1;1;1;1;1;1;1;1;NA;NA
A3800201;1055796.156;6892169.466;1;1;1;0;1;1;1;1;1;1;1;0;1;1;1;1;1;0;1;1;1;1;1;1;1;NA;NA
A3820001;1072924.363;6886437.952;1;1;1;0;0;1;1;1;1;1;1;1;1;1;1;1;1;0;0;0;1;1;1;1;1;NA;NA
A4000001;989351.1;6761643;1;1;1;1;1;1;1;1;1;1;1;1;1;1;1;1;1;1;1;1;1;1;1;1;1;NA;NA
A4050621;974568.3;6762435.5;1;1;1;1;1;1;1;1;1;1;1;1;1;1;1;1;1;1;1;1;1;1;1;1;1;NA;NA
A4080001;969406.2165;6773788.006;1;1;1;1;1;1;1;1;1;1;1;1;1;1;1;1;1;1;1;1;1;1;1;1;1;NA;NA
A4100001;992971.8195;6774069.2;1;1;1;1;1;1;1;1;1;1;1;1;1;1;1;1;1;1;1;1;1;1;1;1;1;NA;NA
A4130001;981242.2604;6767469.852;1;1;1;1;1;1;1;1;1;1;1;1;1;1;1;1;1;1;1;1;1;1;1;1;1;NA;NA
A4150001;977008.0557;6774202.922;1;1;1;1;1;1;1;1;1;1;1;1;1;1;1;1;1;0;1;1;1;1;1;1;1;NA;NA
A4300001;993360.2902;6782663.742;1;1;1;1;1;1;1;1;1;1;1;1;1;1;1;1;1;1;1;1;1;1;1;1;1;NA;NA
A4400001;964625.9;6788533;1;1;1;1;1;1;1;1;1;1;1;0;1;1;1;1;1;0;0;1;1;1;1;1;1;NA;NA
A4510001;964226.2575;6799329.899;1;1;1;1;1;1;1;1;1;1;1;1;1;1;1;1;1;0;0;1;1;1;1;1;1;NA;NA
A5002011;957724.2;6820660.5;1;1;1;1;1;1;1;1;1;1;1;1;1;1;1;1;1;1;1;1;1;1;1;1;1;NA;NA
A5002012;958198.8894;6811826.428;1;1;1;1;1;1;1;1;1;1;1;1;1;1;1;1;1;1;1;1;1;1;1;1;1;NA;NA
A5200001;937484.1694;6785082.563;1;1;1;1;1;1;1;1;1;1;1;1;1;1;1;1;1;1;1;1;1;1;1;1;1;NA;NA
A5270001;924602.648;6800450.435;1;1;1;1;1;1;1;1;1;1;1;1;1;1;1;1;1;1;1;1;1;1;1;1;1;NA;NA
A5320001;935564.1494;6822727.994;1;1;1;1;1;1;1;1;1;1;1;1;1;1;1;1;1;1;1;1;1;1;1;1;1;NA;NA
A5340001;931931.6469;6827301.503;1;1;1;1;1;1;1;1;1;1;1;1;1;1;1;1;1;1;1;1;1;1;1;1;1;NA;NA
A5400001;920945.0731;6821449.418;1;1;1;1;1;1;1;1;1;1;1;1;1;1;1;1;1;1;1;1;1;1;1;1;1;NA;NA
A5400002;921963.3461;6818772.568;1;1;1;1;1;1;1;1;1;1;1;1;1;1;1;1;1;1;1;1;1;1;1;1;1;NA;NA
A5410001;922160.9194;6826063.357;1;1;1;1;1;1;1;1;1;1;1;0;1;1;1;1;1;0;0;1;1;1;1;1;0;NA;NA
A5431011;930595.9315;6832963.917;1;1;1;1;1;1;1;1;1;1;1;1;1;1;1;1;1;1;1;1;1;1;1;1;1;NA;NA
A5431012;928311.3382;6832696.39;1;1;1;1;1;1;1;1;1;1;1;1;1;1;1;1;1;1;1;1;1;1;1;1;1;NA;NA
A5610001;913773.7691;6835764.406;1;1;0;0;0;1;1;1;1;1;0;0;1;0;0;1;1;0;0;0;1;1;1;0;0;NA;NA
A5723011;906814.5088;6842704.017;1;1;1;1;1;1;1;1;1;1;1;1;1;1;1;1;1;1;1;1;1;1;1;1;1;NA;NA
A5820001;917341.6944;6854904.163;1;1;1;0;0;1;1;1;1;1;1;0;1;1;1;1;0;0;0;0;1;1;1;1;0;NA;NA
A6010001;995552.8;6790034.5;1;1;1;1;1;1;1;1;1;1;1;1;1;1;1;1;1;1;1;1;1;1;1;1;1;NA;NA
A6020001;993805.3;6801490;1;1;1;1;1;1;1;1;1;1;1;1;1;1;1;1;1;1;1;1;1;1;1;1;1;NA;NA
A6070001;989462.389;6808768.753;1;1;1;1;1;1;1;1;1;1;1;1;1;1;1;1;1;1;1;1;1;1;1;1;1;NA;NA
A6080001;995659.9;6810934.5;1;1;1;1;1;1;1;1;1;1;1;1;1;1;1;1;1;1;1;1;1;1;1;1;1;NA;NA
A6300001;980631.603;6818505.625;1;1;1;1;1;1;1;1;1;1;1;1;1;1;1;1;1;1;1;1;1;1;1;1;1;NA;NA
A6300002;982286.9784;6817329.719;1;1;1;1;1;1;1;1;1;1;1;1;1;1;1;1;1;1;1;1;1;1;1;1;1;NA;NA
A6320001;973874.3409;6828942.597;1;1;1;0;0;1;1;1;1;1;1;0;1;0;0;1;1;0;0;0;1;1;1;0;0;NA;NA
A6320002;970488.9302;6830496.163;1;1;1;1;1;1;1;1;1;1;1;1;1;1;1;1;1;1;1;1;1;1;1;1;1;NA;NA
A6431121;987206.9906;6838977.643;1;1;1;1;1;1;1;1;1;1;1;1;1;1;1;1;1;1;1;1;1;1;1;1;1;NA;NA
A6500001;975759.2388;6842163.809;1;1;1;1;1;1;1;1;1;1;1;1;1;1;1;1;1;1;1;1;1;1;1;1;1;NA;NA
A6550001;967662.3463;6839662.573;1;1;1;1;1;1;1;1;1;1;1;1;1;1;1;1;1;1;1;1;1;1;1;1;1;NA;NA
A6600001;985570.6;6799959;1;1;1;1;1;1;1;1;1;1;1;1;1;1;1;1;1;1;1;1;1;1;1;1;1;NA;NA
A6731221;963725.2711;6825117.759;0;0;1;0;0;1;1;1;1;1;1;1;1;0;1;1;1;1;0;1;1;1;1;0;0;NA;NA
A6731222;960119.5675;6824670.513;1;1;0;0;0;1;1;1;1;1;1;0;1;0;0;1;1;0;0;0;1;1;1;1;0;NA;NA
A6812011;975679.7627;6846683.373;1;1;1;1;1;1;1;1;1;1;1;1;1;0;1;1;1;1;1;1;1;1;1;1;1;NA;NA
A6812012;971643.5979;6847164.46;1;1;1;1;1;1;1;1;1;1;1;1;1;1;1;1;1;1;1;1;1;1;1;1;1;NA;NA
A6850001;955555.7538;6843398.992;1;1;1;1;1;1;1;1;1;1;1;1;1;1;1;1;1;1;1;1;1;1;1;1;1;NA;NA
A6910001;951341.1759;6848795.564;1;1;1;1;1;1;1;1;1;1;1;0;1;0;1;1;1;0;1;1;1;1;1;1;1;NA;NA
A6921011;938315.3156;6839333.614;1;1;1;1;0;1;1;1;1;1;1;1;1;1;1;1;1;1;1;1;1;1;1;1;1;NA;NA
A7020001;929030.1219;6865130.676;1;1;1;1;1;1;1;1;1;1;1;0;1;1;1;1;1;0;0;1;1;1;1;1;1;NA;NA
A7122011;913148.815;6863112.149;1;1;1;1;1;1;1;1;1;1;1;1;1;1;1;1;1;1;1;1;1;1;1;1;1;NA;NA
A7122012;915417.7717;6865619.615;1;1;1;0;0;1;1;1;1;1;1;0;0;0;1;1;1;1;0;0;1;1;1;1;0;NA;NA
A7213011;917758.3013;6874412.479;1;1;1;1;1;1;1;1;1;1;1;1;1;1;1;1;1;1;1;1;1;1;1;1;1;NA;NA
A7300001;898096.8699;6861029.842;NA;1;1;0;0;1;1;1;1;1;1;0;0;1;1;1;1;0;0;0;1;1;1;0;0;NA;NA
A7310001;904333.1482;6869414.317;1;1;1;1;1;1;1;1;1;1;1;1;1;1;1;1;1;1;1;1;1;1;1;1;1;NA;NA
A7420001;923536.6344;6898511.227;1;1;1;1;1;1;1;1;1;1;1;1;1;1;1;1;1;1;1;1;1;1;1;1;1;NA;NA
A7530001;976714.1599;6869692.034;1;1;1;1;1;1;1;1;1;1;1;1;1;1;1;1;1;1;1;1;1;1;1;1;1;NA;NA
A7530002;974226.5795;6869320.988;1;1;1;1;1;1;1;1;1;1;1;1;1;1;1;1;1;1;1;1;1;1;1;1;1;NA;NA
A7560001;971022.2077;6853442.272;1;1;1;1;1;1;1;1;1;1;1;1;1;1;1;1;1;1;1;1;1;1;1;1;1;NA;NA
A7581021;958962.9845;6860725.685;1;0;0;0;0;1;1;0;0;1;0;0;0;0;0;0;0;0;0;0;1;1;1;0;0;NA;NA
A7620001;969277.7441;6867867.876;1;1;1;1;1;1;1;1;1;1;1;1;1;1;1;1;1;1;1;1;1;1;1;1;1;NA;NA
A7642011;959226.1177;6863193.841;1;1;1;1;1;1;1;1;1;1;1;1;1;1;1;1;1;1;1;1;1;1;1;1;1;NA;NA
A7701011;954807.6797;6863704.843;1;0;1;0;0;1;1;0;0;1;0;0;0;0;0;1;0;0;0;0;1;1;1;0;0;NA;NA
A7710001;962691.7775;6854079.489;1;1;1;1;1;1;1;1;1;1;1;1;1;1;1;1;1;1;1;1;1;1;1;1;1;NA;NA
A7750001;947400.1006;6864707.336;1;1;1;1;1;1;1;1;1;1;1;1;1;1;1;1;1;1;1;1;1;1;1;1;1;NA;NA
A7830001;934591.3842;6868933.806;1;1;0;0;0;1;1;0;1;1;1;0;1;0;0;1;1;0;0;1;1;1;1;0;1;NA;NA
A7864311;938408.4103;6882760.807;1;1;1;1;0;1;1;1;1;1;1;0;0;1;1;1;1;0;0;1;1;1;1;1;0;NA;NA
A8030001;885000.6575;6897343.566;NA;1;1;1;1;1;1;1;1;1;1;1;1;1;1;1;1;0;0;1;1;1;1;0;1;NA;NA
A8100001;906436.7274;6886035.188;NA;1;1;1;0;1;1;1;1;1;1;1;1;1;1;1;1;1;1;1;1;1;1;1;1;NA;NA
A8130001;890536.2133;6885317.664;NA;1;1;1;1;1;1;1;1;1;1;1;1;1;1;1;1;1;1;1;1;1;1;1;1;NA;NA
A8160001;896183.8081;6882957.522;NA;1;1;1;1;1;1;1;1;1;1;1;1;1;1;1;1;1;1;1;1;1;1;1;1;NA;NA
A8201011;909713.5369;6901754.086;1;1;0;0;0;1;1;1;1;1;1;0;1;1;1;1;0;0;0;1;1;1;1;1;0;NA;NA
A8210001;912025.5625;6903990.027;1;1;1;1;1;1;1;1;1;1;1;0;1;1;1;1;1;0;0;0;1;1;1;1;0;NA;NA
A8220001;908060.8013;6908878.863;1;1;1;0;1;1;1;1;1;1;1;1;1;1;1;1;1;1;0;1;1;1;1;1;1;NA;NA
A8700001;941753.6793;6906701.307;1;1;1;1;1;1;1;1;1;1;1;1;1;1;1;1;1;1;1;1;1;1;1;1;1;NA;NA
A8810001;929664.2318;6934022.237;1;1;1;1;1;1;1;1;1;1;1;1;1;1;1;1;1;1;1;1;1;1;1;1;1;NA;NA
A8870001;945382.3913;6929942.981;1;1;1;1;1;1;1;1;1;1;1;1;1;1;1;1;1;1;1;1;1;1;1;1;1;NA;NA
A9001051;994195.8704;6843879.099;1;1;1;1;0;1;1;1;1;1;1;1;1;1;1;1;1;1;1;1;1;1;1;1;1;NA;NA
A9001052;1004711.627;6835237.121;1;1;1;1;1;1;1;1;1;1;1;1;1;1;1;1;1;1;1;1;1;1;1;1;1;NA;NA
A9013051;1005290.695;6843437.299;1;1;1;1;1;1;1;1;1;1;1;1;1;1;1;1;1;1;1;1;1;1;1;1;1;NA;NA
A9040001;994262.6876;6865163.951;1;1;1;0;0;1;1;1;1;1;1;0;0;1;1;1;1;0;1;1;1;1;1;1;1;NA;NA
A9040002;994460.4455;6857766.241;1;1;1;0;0;1;1;1;1;1;1;1;1;1;1;1;1;1;1;1;1;1;1;1;1;NA;NA
A9040003;984116.1659;6856197.899;1;1;1;0;0;1;1;1;1;1;1;1;1;1;1;1;1;1;1;1;1;1;1;1;1;NA;NA
A9050001;1009452.625;6870881.862;1;1;1;0;0;1;1;1;0;0;0;0;0;0;1;1;0;0;0;1;1;1;1;0;0;NA;NA
A9062151;1006082.319;6860868.853;1;1;1;1;1;1;1;1;1;1;1;1;1;1;1;1;1;1;1;1;1;1;1;1;1;NA;NA
A9071051;1001401.534;6874684.107;0;0;0;0;0;1;0;1;0;0;0;0;0;0;0;0;0;0;0;1;1;1;0;0;0;NA;NA
A9100001;975111.5555;6878582.638;1;1;1;1;1;1;1;1;1;1;1;1;1;1;1;1;1;1;1;1;1;1;1;1;1;NA;NA
A9150001;989218.1732;6886266.747;1;1;1;0;1;1;1;1;1;1;1;1;1;1;1;1;1;1;1;1;1;1;1;1;1;NA;NA
A9170001;984651.0409;6872319.523;1;1;1;1;0;1;1;1;1;1;1;1;1;1;1;1;1;1;1;1;1;1;1;1;1;NA;NA
A9210001;1011280.231;6875325.469;1;1;1;1;1;1;1;1;0;1;1;1;0;1;1;1;1;1;0;1;1;1;1;0;0;NA;NA
A9301081;1007965.484;6893954.712;1;1;1;1;1;1;1;1;1;1;1;1;1;1;1;1;1;1;1;1;1;1;1;1;1;NA;NA
A9340001;1016945.668;6892561.92;1;1;1;1;1;1;1;1;1;1;1;1;1;1;1;0;1;1;1;1;1;1;1;1;1;NA;NA
A9372051;1005208.608;6898515.28;1;1;1;1;1;1;1;1;1;1;1;1;1;1;1;1;1;1;1;1;1;1;1;1;1;NA;NA
A9372052;1007835.353;6899217.181;1;1;1;1;1;1;1;1;1;1;1;1;1;1;1;1;1;1;1;1;1;1;1;1;1;NA;NA
A9410001;989413.3669;6902619.311;1;1;1;1;1;1;1;1;1;1;1;1;1;1;1;1;1;1;1;1;1;1;1;1;1;NA;NA
A9532051;982284.3989;6902640.854;1;1;1;1;1;1;1;1;1;1;1;1;1;1;1;1;1;1;1;1;1;1;1;1;1;NA;NA
A9700001;958085.0733;6873610.72;1;1;1;1;1;1;1;1;1;1;1;1;1;1;1;1;1;1;1;1;1;1;1;1;1;NA;NA
A9700002;954008.8452;6871090.615;1;1;1;1;1;1;1;1;1;1;1;1;1;1;1;1;1;1;1;1;1;1;1;1;1;NA;NA
A9700003;954417.6408;6877051.98;1;1;1;1;1;1;1;1;1;1;1;1;1;1;1;1;1;1;1;1;1;1;1;1;1;NA;NA
A9710001;968910.8349;6878890.554;1;1;1;1;1;1;1;1;1;1;1;1;1;1;1;1;1;0;1;1;1;1;1;1;1;NA;NA
A9737311;953611.2726;6886868.794;1;1;1;1;1;1;1;1;1;1;1;1;1;1;1;1;1;1;1;1;1;1;1;1;1;NA;NA
A9800001;977108.3461;6892677.744;1;1;1;0;1;1;1;1;1;1;1;1;1;1;1;1;1;1;1;1;1;1;1;1;1;NA;NA
A9840001;959073.4993;6893653.443;1;1;1;1;1;1;1;1;1;1;1;1;1;1;1;1;1;1;1;1;1;1;1;1;1;NA;NA
A9850001;958008.6047;6897508.279;1;1;1;1;0;1;1;0;1;1;1;0;1;1;1;1;1;0;0;1;1;1;1;1;0;NA;NA
A9950001;952578.2621;6926711.314;1;1;1;0;0;1;1;0;0;1;1;0;0;1;1;1;1;0;0;1;1;1;1;0;0;NA;NA
B0000001;892153.8045;6768813.432;1;1;1;0;0;1;1;1;0;1;1;0;1;1;1;1;1;0;0;1;1;1;1;1;1;NA;NA
B0020001;889449.079;6777280.707;1;1;1;0;1;1;1;1;1;1;1;0;1;1;1;1;1;0;1;1;1;1;1;1;1;NA;NA
B1000001;910471.7163;6782409.738;1;1;1;1;1;1;1;1;1;1;1;1;1;1;1;1;1;1;0;1;1;1;1;1;1;NA;NA
B1010001;907616.8;6776928.5;1;1;1;1;1;1;1;1;1;1;1;0;1;1;1;1;1;1;1;1;1;1;1;1;1;NA;NA
B1030001;903270.3523;6787471.825;1;1;1;1;1;1;1;1;1;1;1;1;1;1;1;1;1;1;1;1;1;1;1;1;1;NA;NA
B1060001;910676.9;6786720;1;1;1;1;1;1;1;1;1;1;1;1;1;1;1;1;1;1;1;1;1;1;1;1;1;NA;NA
B1130001;892253.0858;6810611.974;1;1;1;1;1;1;1;1;1;1;1;1;1;1;1;1;1;1;1;1;1;1;1;1;1;NA;NA
B1200001;913059.4628;6789063.93;1;1;1;1;1;1;1;1;1;1;1;1;1;1;1;1;1;1;1;1;1;1;1;1;1;NA;NA
B1210001;920458.8678;6796137.48;1;1;1;1;1;1;1;1;1;1;1;1;1;1;1;1;1;1;1;1;1;1;1;1;1;NA;NA
B1210002;918938.4;6792195;1;1;1;1;1;1;1;1;1;1;1;1;1;1;1;1;1;1;1;1;1;1;1;1;1;NA;NA
B1240001;922454.9621;6798943.478;1;1;1;1;1;1;1;1;1;1;1;1;1;1;1;1;1;1;1;1;1;1;1;1;1;NA;NA
B2003811;918498.2475;6815442.472;1;1;1;1;1;1;1;1;1;1;1;1;1;1;1;1;1;1;1;1;1;1;1;1;1;NA;NA
B2030001;910076.7463;6829275.448;1;1;0;0;0;1;1;1;1;1;0;0;0;0;0;1;0;0;0;0;1;1;1;0;0;NA;NA
B2052011;900250.5912;6837147.182;NA;1;1;1;1;1;1;1;1;1;1;1;1;1;1;1;1;1;1;1;1;1;1;1;1;NA;NA
B2200001;883474.1;6848896.5;NA;1;1;1;1;1;1;1;1;1;1;1;1;1;1;1;1;1;1;1;1;1;1;1;1;NA;NA
B2240001;891116.4578;6877534.299;NA;1;1;1;1;1;1;1;1;1;1;1;1;1;1;1;1;1;1;1;1;1;1;1;1;NA;NA
B2300001;880158.3242;6877278.16;NA;1;1;1;1;1;1;1;1;1;1;1;1;1;1;1;1;1;1;1;1;1;1;1;1;NA;NA
B2340001;880161;6890306.5;NA;1;1;1;1;1;1;1;1;1;1;1;1;1;1;1;1;1;1;1;1;1;1;1;1;NA;NA
B3160001;848163.9202;6937170.955;1;1;1;1;1;1;1;1;1;1;1;0;1;0;1;1;1;0;0;1;1;1;1;0;1;NA;NA
B3160002;849144.3;6935090.5;1;1;1;0;1;1;1;0;0;0;1;0;1;1;0;1;1;0;0;1;1;1;1;1;1;NA;NA
B3220001;845290.4918;6940248.148;1;1;1;1;0;1;1;1;0;0;1;0;0;1;1;1;1;0;0;1;1;1;1;1;0;NA;NA
B4110001;900384.2779;6918593.413;1;1;1;1;1;1;1;1;1;1;1;1;1;1;1;1;1;1;1;1;1;1;1;1;1;NA;NA
B4132011;895016.7;6922664;NA;1;1;1;1;1;1;1;1;1;1;1;1;1;1;1;1;0;0;1;1;1;1;1;0;NA;NA
B4312011;899655.9895;6910021.334;1;1;1;1;1;1;1;1;1;1;1;1;1;1;1;1;1;1;0;1;1;1;1;1;1;NA;NA
B4312012;895853.4106;6914130.938;NA;1;1;1;1;1;1;1;1;1;1;1;1;1;1;1;1;1;0;1;1;1;1;1;0;NA;NA
B4410001;871989.0581;6945925.39;NA;1;1;1;1;1;1;1;1;1;1;1;1;1;1;1;1;1;1;1;1;1;1;1;1;NA;NA
B4510001;885343.9572;6918010.791;NA;1;1;1;1;1;1;1;1;1;1;1;1;1;1;1;1;1;0;1;1;1;1;0;0;NA;NA
B4540001;876633.0757;6914591.245;NA;1;1;1;1;1;1;1;1;1;1;1;1;1;1;1;1;0;0;1;1;1;1;1;1;NA;NA
B4670001;847736.6732;6955846.823;1;1;1;1;1;1;1;1;1;1;1;1;1;1;1;1;1;1;1;1;1;1;1;1;1;NA;NA
B5110001;841018.7192;6933012.516;1;1;1;1;1;1;1;1;1;1;1;1;1;1;1;1;1;1;1;1;1;1;1;1;1;NA;NA
B5130001;830867.2279;6935456.085;1;1;1;1;1;1;1;1;1;1;1;1;1;1;1;1;1;1;1;1;1;1;1;1;1;NA;NA
B5140001;821159.1956;6946088.951;1;1;1;1;1;1;1;1;1;1;1;0;1;1;1;1;1;0;1;1;1;1;1;1;1;NA;NA
B5160001;825680.979;6947897.61;0;1;1;0;0;1;1;0;0;0;0;0;0;0;1;1;0;0;0;0;1;1;0;0;0;NA;NA
B5200001;826957.0688;6953151.133;1;1;1;1;1;1;1;1;1;1;1;1;1;1;1;1;1;1;1;1;1;1;1;1;1;NA;NA
B5200002;829740.4813;6957859.348;1;1;1;1;1;1;1;1;1;1;1;1;1;1;1;1;1;0;1;1;1;1;1;0;1;NA;NA
B5560001;811066.1838;6961066.608;1;1;1;1;1;1;1;1;1;1;1;1;1;1;1;1;1;1;1;1;1;1;1;1;1;NA;NA
B5610001;832223.5983;6970403.379;1;1;1;1;1;1;1;1;0;1;1;0;0;1;1;1;1;0;0;0;1;1;1;0;0;NA;NA
B6100001;832758.6801;6979531.608;1;1;1;1;1;1;1;1;1;1;1;1;1;1;1;1;1;1;1;1;1;1;1;1;1;NA;NA
B7000011;824953.6341;6980249.206;1;1;1;1;1;1;1;1;1;1;1;1;1;1;1;1;1;1;1;1;1;1;1;1;1;NA;NA
B7020001;817344.7165;6977457.463;1;1;1;1;1;1;1;1;1;1;1;1;1;1;1;1;1;1;1;1;1;1;1;1;1;NA;NA
B7100001;807762.0127;6982462.666;1;1;1;0;1;1;1;0;0;1;1;0;1;1;1;1;1;0;1;1;1;1;1;0;0;NA;NA
B7400001;829585.4442;7007346.945;1;1;1;0;0;1;1;0;0;0;0;0;0;0;1;1;0;0;0;1;1;1;1;0;0;NA;NA
D0000001;751323.287;6993281.979;NA;NA;NA;NA;NA;1;1;1;1;1;1;1;1;1;1;1;1;1;1;1;1;1;1;1;1;NA;NA
D0110001;752780.825;6999717.137;1;1;1;1;1;1;1;1;1;1;1;1;1;1;1;1;1;1;1;1;1;1;1;0;NA;NA;NA
D0137051;770857.2091;6995741.164;1;1;1;1;1;1;1;1;1;1;1;1;1;1;1;1;1;1;1;1;1;1;1;1;NA;NA;NA
D0137052;774780.8526;6991421.163;1;1;1;1;1;1;1;1;1;1;1;1;1;1;1;1;1;1;1;1;1;1;1;1;NA;NA;NA
D0158501;784344.2044;7002849.412;1;1;1;1;1;1;1;1;1;1;1;1;1;1;1;1;1;1;1;1;1;1;1;0;NA;NA;NA
D0158502;765797;7008457.5;1;1;1;1;1;1;1;1;1;1;1;1;1;1;1;1;1;1;1;1;1;1;1;1;NA;NA;NA
D0206021;776201.5216;7009968.104;1;1;1;1;1;1;1;1;1;1;1;1;1;1;1;1;1;1;1;1;1;1;1;1;NA;NA;NA
E1280001;722130.8298;7000294.355;1;1;1;1;1;1;1;1;1;1;1;1;1;1;1;1;1;1;1;1;1;1;1;1;NA;NA;NA
E1310001;727014.7269;7011418.764;1;1;1;1;1;1;1;1;1;1;1;1;1;1;1;1;1;1;1;1;1;1;1;1;NA;NA;NA
E1566011;693185.7078;7016950.171;0;0;0;0;0;1;1;1;1;1;1;1;1;1;1;1;1;1;1;1;1;1;1;1;1;NA;NA
E1727511;739689.7602;7002670.925;1;1;1;1;1;1;1;1;1;1;1;1;1;1;1;1;1;1;1;1;1;1;1;1;NA;NA;NA
E1766011;746679.1125;7013103.045;1;1;1;1;1;1;1;1;1;1;1;1;1;1;1;1;1;1;1;1;1;1;1;1;NA;NA;NA
E1766012;741497.9;7008027;1;1;1;1;1;1;1;1;1;1;1;1;1;1;1;1;1;1;1;1;1;1;1;1;NA;NA;NA
E1766013;747272.2055;7017654.079;1;1;1;1;1;1;1;1;1;1;1;1;1;1;1;1;1;1;1;1;1;1;1;1;NA;NA;NA
E1827021;750177.8;7019346.5;1;1;1;1;1;1;1;1;1;1;1;1;1;1;1;1;1;1;1;1;1;1;1;1;NA;NA;NA
E1827022;760324.8318;7023791.814;1;1;1;1;1;1;1;1;1;1;1;1;1;1;1;1;1;1;1;1;1;1;1;1;NA;NA;NA
E1827023;772108.7511;7025732.024;1;1;1;1;1;1;1;1;1;1;1;1;1;1;1;1;1;1;1;1;1;1;1;1;NA;NA;NA
E1840001;744343.4;7040582;1;1;1;1;1;1;1;1;1;1;1;1;1;1;1;1;1;1;1;1;1;1;1;1;NA;NA;NA
E1840002;734611.521;7044709.793;1;1;1;1;1;1;1;1;1;1;1;1;1;1;1;1;1;1;1;1;1;1;1;1;NA;NA;NA
E2010001;673008.1;7022452;0;0;0;0;0;1;1;1;1;1;1;1;1;1;1;1;1;1;1;1;1;1;1;1;1;NA;NA
E2010002;668278.6;7027964;1;1;1;1;1;1;1;1;1;1;1;1;1;1;1;1;1;1;1;1;1;1;1;1;1;NA;NA
E2330001;708478.5;7040949.5;1;1;1;1;1;1;1;0;1;1;1;1;1;1;1;1;1;1;1;1;1;1;1;0;NA;NA;NA
E2366610;728734.6142;7034630.508;1;1;1;1;1;1;1;1;1;1;1;1;1;1;1;1;1;1;1;1;1;1;1;1;NA;NA;NA
E2377211;716871.2468;7043070.269;1;1;1;1;1;1;1;1;1;1;1;1;1;1;1;1;1;1;1;1;1;1;1;1;NA;NA;NA
E2377212;724004.7;7045698;1;1;1;1;1;1;1;1;1;1;1;1;1;1;1;1;1;1;1;1;1;1;1;1;NA;NA;NA
E3010001;679342.0606;7032920.521;1;1;1;1;1;1;1;1;1;1;1;1;1;1;1;1;1;1;1;1;1;1;1;1;1;NA;NA
E3346021;714251;7048659.5;1;1;1;1;1;1;1;1;1;1;1;1;1;1;1;1;1;1;1;1;1;1;1;1;NA;NA;NA
E3518511;637229.4;7047198;1;1;1;1;1;1;1;1;1;1;1;1;1;1;1;1;1;1;1;1;1;1;1;1;1;NA;NA
E3611211;652476.6552;7062836.085;1;1;1;1;1;1;1;1;1;1;1;1;1;1;1;1;1;1;1;1;1;1;1;1;1;NA;NA
E3646281;655837.0613;7043376.739;1;1;1;1;1;1;1;1;1;1;1;1;1;1;1;1;1;1;1;1;1;1;1;1;1;NA;NA
E3658511;666497.2447;7072021.986;1;1;1;1;1;1;1;1;1;1;1;1;1;1;1;1;1;1;1;1;1;1;1;1;NA;NA;NA
E3658512;675231.9;7064646;1;1;1;1;1;1;1;1;1;1;1;1;0;1;1;1;1;1;1;1;1;1;1;1;NA;NA;NA
E3666011;690296.5;7060520;1;1;1;1;1;1;1;1;1;0;1;0;1;1;1;0;0;1;0;0;1;1;1;0;NA;NA;NA
E3666012;678803.1;7064621;1;1;1;1;1;1;1;1;1;1;1;1;1;1;1;1;1;1;1;1;1;1;1;1;NA;NA;NA
E3666013;680472.1964;7073763.193;1;1;1;1;1;1;1;1;1;1;1;1;1;1;1;1;1;1;1;1;1;1;1;1;NA;NA;NA
E3666014;679542.94;7046843.543;1;1;1;1;1;1;1;1;1;1;1;1;1;1;1;1;1;1;1;1;1;1;1;1;1;NA;NA
E3666015;670897.1558;7036420.95;1;0;0;1;1;1;1;1;1;0;1;0;0;0;0;1;0;0;1;0;1;1;1;1;0;NA;NA
E4036531;651873.9;7072592.5;1;1;1;1;1;1;1;1;0;1;1;1;1;1;1;1;1;0;1;1;1;1;1;1;1;NA;NA
E4036532;628076.7591;7054313.718;1;1;1;1;1;1;1;1;1;1;1;1;1;1;1;1;1;1;1;1;1;1;1;1;1;NA;NA
E4070001;641207.3;7081257.5;1;1;1;1;1;1;1;1;0;1;1;1;1;1;1;1;1;0;1;1;1;1;1;1;1;NA;NA
E4100001;636046.0607;7084154.811;1;1;1;1;1;1;1;1;1;1;1;1;1;1;1;1;1;1;1;1;1;1;1;1;1;NA;NA
E4100002;635416.0345;7081852.831;1;1;0;0;0;1;1;1;0;0;1;1;1;1;1;1;1;0;1;1;1;1;1;0;1;NA;NA
E4100003;622394.842;7076981.086;1;1;1;1;1;1;1;1;1;1;1;1;1;1;1;1;1;1;1;1;1;1;1;1;1;NA;NA
E4110001;634978.2124;7085716.049;1;1;1;1;1;1;1;1;1;1;1;1;1;1;1;1;1;1;1;1;1;1;1;1;1;NA;NA
E4110002;626981.6;7084976;1;1;1;1;1;1;1;1;1;1;1;1;1;1;1;1;1;1;1;1;1;1;1;1;1;NA;NA
E4110003;631900.3;7083046.5;1;1;1;1;1;1;1;1;1;1;1;1;1;1;1;1;1;1;1;1;1;1;1;1;1;NA;NA
E4196011;623266.9;7085902.5;1;1;1;1;1;1;1;1;1;1;1;1;1;1;1;1;1;1;1;1;1;1;1;1;1;NA;NA
E4196012;618866.1133;7089837.462;1;1;1;1;1;1;1;1;1;1;1;1;1;1;1;1;1;1;1;1;1;1;1;1;1;NA;NA
E4907010;662629.6;7087515;1;1;1;1;1;1;1;0;1;1;1;1;1;1;1;1;1;1;1;1;1;1;1;1;NA;NA;NA
E4909410;672229.9;7086606.5;1;1;1;1;1;1;1;1;1;1;1;1;1;1;1;1;1;1;1;1;1;1;1;1;NA;NA;NA
E4909411;661814.2;7089455;1;1;1;1;1;1;1;0;1;1;1;1;1;1;1;1;1;1;1;1;1;1;1;1;NA;NA;NA
E5108211;615521.3179;7077581.491;1;1;1;0;1;1;1;0;0;0;1;1;0;1;0;1;0;0;0;1;1;1;1;1;1;NA;NA
E5205711;616347.3108;7073475.725;1;1;1;1;1;1;1;1;1;1;1;1;1;1;1;1;1;1;1;1;1;1;1;1;1;NA;NA
E5300211;624623.8;7067909;1;1;1;1;1;1;1;1;1;1;1;1;1;1;1;1;1;1;1;1;1;1;1;1;1;NA;NA
E5300212;612590.1;7061926.5;1;1;1;1;1;1;1;1;1;1;1;1;1;1;1;1;1;1;1;1;1;1;1;1;1;NA;NA
E5390001;601348.1;7055791.5;1;1;1;1;1;1;1;1;1;1;1;1;1;1;1;1;1;1;1;1;1;1;1;1;1;NA;NA
E5406511;625366.9;7041116;1;1;1;1;1;1;1;1;1;1;1;1;1;1;1;1;1;1;1;1;1;1;1;1;1;NA;NA
E5406512;651637.7623;7031235.107;1;1;1;1;NA;1;1;1;1;1;1;1;1;1;1;1;1;1;1;0;1;1;1;1;1;NA;NA
E5406513;658981.3365;7021693;1;1;1;1;1;1;1;1;1;1;1;1;1;1;1;1;1;1;1;0;1;1;1;1;1;NA;NA
E5410002;618941.4;7042845;1;1;1;1;1;1;1;1;1;1;1;1;1;1;1;1;1;1;1;1;1;1;1;1;1;NA;NA
E5410003;608176.6;7045481;1;1;1;1;1;1;1;1;1;1;1;1;1;1;1;1;1;1;1;1;1;1;1;1;1;NA;NA
E5505721;630027.5;7020814.5;1;1;1;1;NA;1;1;1;1;1;1;1;1;1;1;1;1;1;1;1;1;1;1;1;1;NA;NA
E5505722;651346.8;7005498.5;1;1;1;1;1;1;1;1;1;1;1;1;1;1;1;1;1;1;1;1;1;1;1;1;1;NA;NA
E5505723;660123.8741;7012546.312;1;1;1;1;1;1;1;1;1;1;1;1;1;1;1;1;1;1;1;1;1;1;1;1;1;NA;NA
E5505724;665101.0086;7003272.711;1;1;1;1;1;1;1;1;1;1;1;1;1;1;1;1;1;1;1;1;1;1;1;1;1;NA;NA
E6070001;726410.322;6978020.247;1;1;1;1;1;1;1;1;1;1;1;1;1;1;1;1;1;1;1;1;1;1;1;1;1;NA;NA
E6130001;702920.5476;6957476.018;1;1;1;1;1;1;1;1;1;1;1;1;1;1;1;1;1;1;1;1;1;1;1;1;1;NA;NA
E6150001;690763.3941;6962402.04;1;1;1;1;1;1;1;1;1;1;1;1;1;1;1;1;1;1;1;1;1;1;1;1;1;NA;NA
E6351421;704524.6363;6965724.213;0;1;1;0;0;1;1;1;1;1;1;1;1;1;1;1;1;1;1;1;1;1;1;1;1;NA;NA
E6351422;697333.0161;6987509.89;1;1;1;1;1;1;1;1;1;1;1;1;1;1;1;1;1;1;1;1;1;1;1;1;1;NA;NA
E6351423;705303.4324;6973711.846;1;1;1;1;1;1;1;1;1;1;1;1;1;1;1;1;1;1;1;1;1;1;1;1;1;NA;NA
E6351424;703396.6152;6982104.165;1;1;1;1;1;1;1;1;1;1;1;1;1;1;1;1;1;1;1;1;1;1;1;1;1;NA;NA
E6386071;676843.0852;6997223.671;1;1;1;1;1;1;1;1;1;1;1;1;1;1;1;1;1;1;1;1;1;1;1;1;1;NA;NA
E6397031;662681.9693;6989613.889;1;1;1;1;1;1;1;1;1;1;1;1;1;1;1;1;1;1;1;1;1;1;1;1;1;NA;NA
E6407541;689823.6743;6950438.126;1;0;0;0;0;1;1;0;1;NA;1;1;1;1;1;1;1;1;0;0;1;1;1;1;1;NA;NA
E6407542;668071.5356;6947933.643;1;1;1;1;0;1;1;1;1;1;1;1;1;1;1;1;1;1;1;1;1;1;1;1;1;NA;NA
E6407543;671159.1434;6969404.979;1;1;1;1;0;1;1;1;1;1;1;1;1;1;1;1;1;1;1;1;1;1;1;1;1;NA;NA
E6407544;652000.818;6954459.043;1;1;1;1;1;1;1;1;1;1;1;1;1;1;1;1;1;1;1;1;1;1;1;1;1;NA;NA
E6407545;684606.918;6955199.868;1;1;1;1;1;1;1;1;1;1;1;1;1;1;1;1;1;1;1;1;1;1;1;1;1;NA;NA
E6426011;625618.8196;6958787.768;1;1;1;1;1;1;1;1;1;1;1;1;1;1;1;1;1;1;1;1;1;1;1;1;1;NA;NA
E6426012;640072.6501;6957015.041;1;1;1;1;1;1;1;1;1;1;1;1;1;1;1;1;1;1;1;1;1;1;1;1;1;NA;NA
E6456511;637873.8616;6997233.518;1;1;1;1;1;1;1;1;1;1;1;1;1;1;1;1;1;1;1;1;1;1;1;1;1;NA;NA
E6456512;644867.6227;6993752.592;1;1;1;1;1;1;1;1;1;1;1;1;1;1;1;1;1;1;1;1;1;1;1;1;1;NA;NA
E6456513;623227.3244;6983302.555;1;1;1;1;1;1;1;1;1;1;1;1;1;1;1;1;1;1;1;1;1;1;1;1;1;NA;NA
E6456514;644831.6419;6998143.706;1;1;1;1;1;1;1;1;1;1;1;1;1;1;1;1;1;1;1;1;1;1;1;1;1;NA;NA
E6456515;631568.9847;6979434.715;1;1;1;1;1;1;1;1;1;1;1;1;1;1;1;1;1;1;1;1;1;1;1;1;1;NA;NA
E6470911;618574.3986;6993355.519;1;1;1;1;1;1;1;1;1;1;1;1;1;1;1;1;1;1;1;1;1;1;1;1;1;NA;NA
E6480932;619490.3336;7005411.212;1;1;1;1;1;1;1;1;1;1;1;1;1;1;1;1;1;1;1;1;1;1;1;1;1;NA;NA
E6480933;621856.7;7004260;1;1;1;1;1;1;1;1;1;1;1;1;1;1;1;1;1;1;1;1;1;1;1;1;1;NA;NA
E6498316;620343.3918;7017456.576;1;1;1;1;1;1;1;1;1;1;1;1;1;1;1;1;1;1;1;1;1;1;1;1;1;NA;NA
E6498317;611780.4042;7013692.01;1;1;1;1;1;1;1;1;1;1;1;1;1;1;1;1;1;1;1;1;1;1;1;1;1;NA;NA
E6498318;606374.6563;7019459.097;1;1;1;1;1;1;1;1;1;1;1;1;1;1;1;1;1;1;1;1;1;1;1;1;1;NA;NA
E6498319;607853.5325;6997228.13;1;1;1;1;1;1;1;1;1;1;1;1;1;1;1;1;1;1;1;1;1;1;1;1;1;NA;NA
F0100001;817326.4;6750600;1;1;1;1;1;1;1;1;1;1;1;1;1;1;1;1;1;1;1;1;1;1;1;1;1;NA;NA
F0100002;814353.5674;6755912.568;1;1;1;1;1;1;1;1;1;1;1;1;1;1;1;1;1;1;1;1;1;1;1;1;1;NA;NA
F0110001;816001.981;6758882.658;1;1;1;0;1;1;1;1;1;1;1;0;1;1;1;1;1;1;1;1;1;1;1;1;1;NA;NA
F0410001;839626.0619;6731096.972;1;1;1;1;1;1;1;1;1;1;1;0;1;1;1;1;1;1;1;1;1;1;1;1;1;NA;NA
F0500001;805900.4581;6778301.072;1;1;1;1;1;1;1;1;1;1;1;1;1;1;1;1;1;1;1;1;1;1;1;1;1;NA;NA
F0520001;796765.8063;6776813.153;1;1;1;0;0;1;1;1;1;1;1;0;0;0;1;1;1;0;0;0;1;1;1;1;1;NA;NA
F0730001;783866.6688;6790743.691;1;1;1;1;1;1;1;1;1;1;1;1;1;1;1;1;1;1;1;1;1;1;1;1;1;NA;NA
F0740001;780089;6789665.976;1;1;1;1;1;1;1;1;1;1;1;1;1;1;1;1;1;1;1;1;1;1;1;1;1;NA;NA
F0760001;778946.5544;6792485.325;1;1;1;1;1;1;1;1;1;1;1;1;1;1;1;1;1;1;1;1;1;1;1;1;1;NA;NA
F0800001;809868.3013;6793711.675;1;1;1;1;1;1;1;1;1;1;1;0;0;0;1;1;1;1;1;1;1;1;1;1;1;NA;NA
F0800002;808870;6793586.976;1;1;1;1;0;1;1;1;1;1;1;1;1;1;1;1;1;1;0;0;1;1;1;1;1;NA;NA
F0820001;802551.3013;6789628.771;1;1;1;1;1;1;1;1;1;1;1;1;1;1;1;1;1;1;1;1;1;1;1;1;1;NA;NA
F1000001;852136.1715;6746165.385;1;1;1;1;1;1;1;1;1;1;1;1;1;1;1;1;1;1;1;1;1;1;1;1;1;NA;NA
F1140001;838230.0603;6784620.546;1;1;1;1;1;1;1;1;1;1;1;1;1;1;1;1;1;1;1;1;1;1;1;1;1;NA;NA
F1170001;827498.6876;6794108.188;1;1;1;0;0;1;1;1;1;1;1;0;0;0;1;1;1;0;0;0;1;1;1;0;0;NA;NA
F1190001;820566.6988;6793199.085;1;1;1;1;1;1;1;1;1;1;1;0;0;0;1;1;1;0;0;0;1;1;1;1;1;NA;NA
F1200001;838413.8449;6816145.221;1;1;1;0;0;1;1;1;0;1;1;0;0;1;1;1;0;0;0;0;1;1;1;0;0;NA;NA
F1210001;832424.652;6817916.663;1;1;1;0;0;1;1;1;0;1;1;0;1;1;1;1;1;0;0;0;1;1;1;0;1;NA;NA
F1230001;832116.387;6825919.681;1;1;1;0;1;1;1;1;1;1;1;1;1;1;1;1;1;0;0;0;1;1;1;1;1;NA;NA
F1250001;828937.8362;6812348.688;1;1;1;1;1;1;1;1;1;1;1;1;1;1;1;1;1;1;1;1;1;1;1;1;1;NA;NA
F1270001;818274.9012;6812042.267;1;1;1;1;1;1;1;1;1;1;1;0;0;0;1;1;1;0;0;0;1;1;1;1;1;NA;NA
F1270002;817421.3975;6813791.277;1;1;1;1;1;1;1;1;1;1;1;1;1;1;1;1;1;1;1;1;1;1;1;1;1;NA;NA
F1310001;803982.3494;6819919.819;1;1;1;0;0;1;1;1;1;1;1;1;1;1;1;1;1;0;0;0;1;1;1;1;1;NA;NA
F1330001;801030.5699;6807941.081;1;1;1;1;1;1;1;1;1;1;1;1;0;1;1;1;1;0;0;0;1;1;1;1;0;NA;NA
F1340001;795536.1569;6815323.373;1;1;1;1;1;1;1;1;1;1;1;1;1;1;1;1;1;1;1;1;1;1;1;1;1;NA;NA
F1370001;802410.3494;6823586.518;1;1;1;1;1;1;1;1;1;1;1;1;1;1;1;1;1;1;1;1;1;1;1;1;1;NA;NA
F1410001;800852.9038;6828883.325;1;1;1;1;1;1;1;1;1;1;1;1;1;1;1;1;1;1;1;1;1;1;1;1;1;NA;NA
F1410002;803962.593;6840650.893;1;1;1;1;1;1;1;1;1;1;1;1;1;1;1;1;1;1;1;1;1;1;1;1;1;NA;NA
F1430001;791171.2531;6837348.723;1;1;1;1;1;1;1;1;1;1;1;1;1;1;1;1;1;1;1;1;1;1;1;1;1;NA;NA
F1450001;781742.1444;6835669.518;1;1;1;0;0;1;1;1;1;1;1;1;1;1;1;1;1;1;0;1;1;1;1;1;1;NA;NA
F1510001;782544.0481;6820866.627;1;1;1;1;1;1;1;1;1;1;1;1;1;1;1;1;1;1;1;1;1;1;1;1;1;NA;NA
F1560001;766573.1908;6844883.044;1;1;1;1;0;1;1;1;1;1;1;1;1;1;1;1;1;0;0;0;1;1;1;1;1;NA;NA
F1570001;763817.3096;6842979.456;1;1;1;1;1;1;1;1;1;1;1;1;1;1;1;1;1;1;1;1;1;1;1;1;1;NA;NA
F2040001;752369.1152;6814920.531;1;1;1;1;1;1;1;1;1;1;1;1;1;1;1;1;1;1;1;1;1;1;1;1;1;NA;NA
F2120001;746439.0213;6805462.529;1;1;1;1;1;1;1;1;1;1;1;1;1;1;1;1;1;1;1;1;1;1;1;1;1;NA;NA
F2220001;718300.7384;6822362.468;1;1;1;1;1;1;1;1;NA;1;1;1;1;1;1;1;NA;1;1;1;1;1;1;1;1;NA;NA
F3010001;759553.6;6674857;NA;NA;NA;1;1;1;1;1;0;1;1;0;1;1;1;1;1;0;0;1;1;1;1;1;1;NA;NA
F3020001;767964.5;6679237;NA;NA;NA;1;1;1;1;1;1;1;1;1;1;1;1;1;1;1;1;1;1;1;1;1;1;NA;NA
F3020002;762964.7;6685300;NA;NA;NA;1;1;1;1;1;1;1;1;1;1;1;1;1;1;1;1;1;1;1;1;1;1;NA;NA
F3030001;747672.6635;6691783.357;NA;NA;NA;0;0;1;1;1;0;0;1;0;1;1;1;1;0;0;0;0;1;1;1;0;0;NA;NA
F3040001;744515.7;6703867.5;NA;NA;NA;1;1;1;1;1;1;1;1;1;1;1;1;1;1;1;1;1;1;1;1;1;1;NA;NA
F3060001;737988.4;6687095.5;NA;NA;NA;0;0;1;1;1;0;0;1;0;1;1;0;1;0;0;0;0;1;1;0;0;0;NA;NA
F3060002;737872.0787;6682201.802;NA;NA;NA;0;0;1;0;1;0;0;0;0;0;0;0;0;0;0;0;0;0;0;0;0;0;NA;NA
F3070001;724860.3309;6696288.041;NA;NA;NA;1;1;1;1;1;1;1;1;1;1;1;1;1;1;1;1;1;1;1;1;1;1;NA;NA
F3090001;748940.6063;6709289.978;1;1;1;1;1;1;1;1;1;1;1;1;1;1;1;1;1;1;1;1;1;1;1;1;1;NA;NA
F3090002;751523.9059;6715451.6;1;1;1;1;1;1;1;1;1;1;1;1;1;1;1;1;1;1;1;1;1;1;1;1;1;NA;NA
F3100001;784128.3;6675827.5;NA;NA;NA;1;1;1;1;1;1;1;1;1;1;1;1;1;1;1;1;1;1;1;1;1;1;NA;NA
F3120001;759084.3497;6703737.837;1;1;1;1;1;1;1;1;1;1;1;1;1;1;1;1;1;1;1;1;1;1;1;1;1;NA;NA
F3140001;777953.1817;6706174.986;1;1;1;0;1;1;1;1;1;1;1;1;1;1;1;1;1;1;1;1;1;1;1;1;1;NA;NA
F3140002;778502.2313;6705468.801;1;1;1;1;1;1;1;1;1;1;1;1;1;1;1;1;1;1;1;1;1;1;1;1;1;NA;NA
F3150001;768995.2349;6708826.949;1;1;1;0;1;1;1;1;1;1;1;1;1;1;1;1;1;0;1;1;1;1;1;1;1;NA;NA
F3150002;763833.8;6712362.5;1;1;1;0;1;1;1;1;0;1;1;0;1;1;1;1;1;0;1;1;1;1;1;1;1;NA;NA
F3210001;731297.7;6737160.5;1;1;1;1;1;1;1;1;1;1;1;1;1;1;1;1;1;1;1;1;1;1;1;1;1;NA;NA
F3210002;736637.4257;6734039.058;1;1;1;0;1;1;1;1;1;1;1;1;1;1;1;1;1;0;0;1;1;1;1;1;1;NA;NA
F3220001;739672.7394;6751895.522;1;1;1;0;1;1;1;0;0;1;1;0;1;1;1;1;1;0;1;1;1;1;1;0;1;NA;NA
F3220002;738594.3098;6753740.455;1;1;1;1;1;1;1;1;1;1;1;1;1;1;1;1;1;1;1;1;1;1;1;1;1;NA;NA
F3230001;800901.3083;6692458.121;1;1;1;1;1;1;1;1;1;1;1;1;1;1;1;1;1;1;1;1;1;1;1;1;1;NA;NA
F3240001;788242.4583;6701454.268;1;1;1;1;1;1;1;1;1;1;1;1;1;1;1;1;1;1;1;1;1;1;1;1;1;NA;NA
F3250001;783117.6;6710330;1;1;1;1;1;1;1;1;1;1;1;1;1;1;0;1;1;1;1;1;1;1;1;1;1;NA;NA
F3310001;794771.5929;6717865.816;1;1;1;0;0;1;1;1;0;1;1;0;1;1;1;1;1;0;0;0;1;1;1;0;0;NA;NA
F3320001;818101.3168;6697527.98;1;1;1;1;1;1;1;1;1;1;1;1;1;1;1;1;1;1;1;1;1;1;1;1;1;NA;NA
F3330001;820460.7111;6707847.048;1;1;1;1;1;1;1;1;1;1;1;1;1;1;1;1;1;1;1;1;1;1;1;1;1;NA;NA
F3360001;799390.2216;6722934.572;1;1;1;1;1;1;1;1;1;1;1;1;1;1;1;1;1;1;1;1;1;1;1;1;1;NA;NA
F3400001;793225.1697;6728777.938;1;1;1;1;1;1;1;1;1;1;1;1;1;1;1;1;1;1;1;1;1;1;1;1;1;NA;NA
F3400002;781203.9884;6754589.32;1;1;1;1;1;1;1;1;1;1;1;1;1;1;1;1;1;1;1;1;1;1;1;1;1;NA;NA
F3400003;783334.336;6751352.151;1;1;1;0;0;1;1;1;1;1;1;1;1;1;1;1;1;1;1;1;1;1;1;1;1;NA;NA
F3410001;763560.9963;6759190.961;1;1;1;1;1;1;1;1;1;1;1;1;1;1;1;1;1;1;1;1;1;1;1;1;1;NA;NA
F3420001;772116.7594;6780312.844;1;1;1;1;1;1;1;1;1;1;1;1;1;1;1;1;1;1;1;1;1;1;1;1;1;NA;NA
F3430001;783472.8556;6763484.832;1;1;1;1;1;1;1;1;1;1;1;1;1;1;1;1;1;1;1;1;1;1;1;1;1;NA;NA
F3440001;767502.6988;6776815.024;1;1;1;1;1;1;1;1;1;1;1;1;1;1;1;1;1;1;1;1;1;1;1;1;1;NA;NA
F3440002;767976.3975;6769985.422;1;1;1;1;1;1;1;1;1;1;1;1;1;1;1;1;1;1;1;1;1;1;1;1;1;NA;NA
F3440003;770699.0481;6769701.518;1;1;1;1;1;1;1;1;1;1;1;0;0;0;1;1;1;1;1;1;1;1;1;1;1;NA;NA
F3440004;764847.6025;6772811.265;1;1;1;1;1;1;1;1;1;1;1;1;1;1;1;1;1;1;1;1;1;1;1;1;1;NA;NA
F3500002;731590.3;6746347;1;1;1;1;1;1;1;1;1;1;1;1;1;1;1;1;1;1;1;1;1;1;1;1;1;NA;NA
F3500003;733051;6758356;1;1;1;1;1;1;1;1;1;1;1;1;1;1;1;1;1;1;1;1;1;1;1;1;1;NA;NA
F3520003;730468.1;6743628.5;1;1;1;1;1;1;1;1;1;1;1;1;1;1;1;1;1;1;1;1;1;1;1;1;1;NA;NA
F3530004;718376.6517;6753180.528;1;1;1;1;1;1;1;1;1;1;1;1;1;1;1;1;1;1;1;1;1;1;1;1;1;NA;NA
F3530005;716281.4159;6768656.431;1;1;1;0;0;1;1;1;1;1;1;1;1;1;1;1;1;1;1;1;1;1;1;1;1;NA;NA
F3530006;723309.4687;6775724.486;1;1;1;1;0;1;1;1;1;1;1;1;1;1;1;1;1;1;1;1;1;1;1;1;1;NA;NA
F3550002;754733.59;6791153.12;1;1;1;1;1;1;1;1;1;1;1;1;1;1;1;1;1;1;1;1;1;1;1;1;1;NA;NA
F3550003;761298.8075;6800594.771;1;1;1;1;1;1;1;1;1;1;1;1;1;1;1;1;1;1;0;1;1;1;1;1;1;NA;NA
F3560001;740775.7;6798327;1;1;1;1;1;1;1;1;1;1;1;1;1;1;1;1;1;1;1;1;1;1;1;1;1;NA;NA
F3580005;724688.3294;6789920.183;1;1;1;1;1;1;1;1;1;1;1;1;1;1;1;1;1;1;1;1;1;1;1;1;1;NA;NA
F3580006;725037.8675;6794327.811;1;1;1;1;1;1;1;1;1;1;1;1;1;1;1;1;1;1;1;1;1;1;1;1;1;NA;NA
F4100007;693940.4659;6743029.888;1;1;1;1;1;1;1;1;1;1;1;1;1;1;1;1;1;1;1;1;1;NA;1;1;1;NA;NA
F4100008;694492.8971;6743648.989;1;1;1;1;0;1;1;1;1;1;1;1;1;1;1;1;1;0;1;1;1;NA;1;0;1;NA;NA
F4100009;689076.9049;6749454.159;1;0;1;0;0;1;1;1;0;1;1;0;1;1;1;1;0;0;0;0;1;NA;1;1;0;NA;NA
F4100010;686210.2;6746725;1;1;1;0;0;1;1;1;1;1;1;0;1;1;1;1;1;0;0;0;1;NA;1;1;0;NA;NA
F4100011;714957.4716;6723457.308;1;1;1;1;1;1;1;1;1;1;1;1;1;1;1;1;1;1;1;1;1;1;1;1;1;NA;NA
F4100012;700617.7219;6733607.919;1;1;0;0;0;1;1;1;0;0;0;0;0;0;0;1;0;0;0;0;1;1;0;0;0;NA;NA
F4110002;697572.8637;6750468.864;1;1;1;1;0;1;1;1;0;0;0;0;1;1;1;1;1;1;1;1;1;NA;1;0;0;NA;NA
F4130002;730700.4546;6729417.429;1;1;1;1;1;1;1;1;1;1;1;1;1;1;1;1;1;1;1;1;1;1;1;1;1;NA;NA
F4130003;720916.1275;6740941.323;1;1;0;0;0;1;1;1;0;1;1;1;0;1;0;1;1;0;0;0;1;1;0;0;0;NA;NA
F4140001;710327.5203;6740655.744;1;1;1;1;1;1;1;1;1;1;1;1;1;1;1;1;1;1;1;1;1;1;1;1;1;NA;NA
F4140002;707105.4734;6734285.493;1;1;1;1;1;1;1;1;1;1;1;1;1;1;1;1;1;1;1;1;1;1;1;1;1;NA;NA
F4140003;718937.1;6724829;1;1;1;1;1;1;1;1;1;1;1;1;1;1;1;1;1;1;1;1;1;1;1;1;1;NA;NA
F4150002;710579.8;6751646;1;1;1;1;1;1;1;1;1;1;1;1;1;1;1;1;1;1;1;1;1;1;1;1;1;NA;NA
F4160003;700194.1016;6756869.847;1;1;1;0;0;1;1;0;0;0;0;0;0;1;1;0;0;0;1;1;1;NA;1;1;0;NA;NA
F4210001;678879.6322;6743120.035;1;1;1;0;0;1;1;1;0;0;1;1;1;1;1;1;0;0;0;0;1;NA;1;0;0;NA;NA
F4210002;682442.2155;6756144.995;1;1;1;0;0;1;1;1;0;1;1;0;1;1;1;1;1;1;0;1;1;NA;1;1;1;NA;NA
F4210003;678539.3;6750737;1;1;1;0;0;1;1;1;1;1;1;1;1;1;1;1;1;1;1;1;1;NA;1;1;1;NA;NA
F4220003;671698.4155;6748464.806;1;1;1;1;1;1;1;1;1;1;1;1;1;1;1;1;1;1;1;1;1;NA;1;1;1;NA;NA
F4230001;653251.3438;6766947.629;1;1;1;1;1;1;1;1;1;1;1;1;1;1;1;1;1;1;1;1;NA;1;1;1;1;NA;NA
F4240001;655475.7086;6757532.078;1;1;1;0;0;1;1;1;0;1;1;1;1;1;1;1;0;0;0;1;NA;1;1;0;0;NA;NA
F4240002;651646.3;6763635;1;1;1;0;0;1;1;1;1;1;1;1;1;1;1;1;1;0;0;1;NA;1;1;1;1;NA;NA
F4290001;686860.4;6782370.5;1;1;1;1;1;1;1;1;NA;1;1;1;1;1;1;1;NA;1;1;1;1;1;1;1;1;NA;NA
F4290002;699032.7012;6781683.217;1;1;1;1;1;1;1;1;1;1;1;1;1;1;1;1;1;1;1;1;1;NA;1;1;1;NA;NA
F4290003;693477.2841;6780051.071;1;1;1;1;1;1;1;1;1;1;1;1;1;1;1;1;1;1;1;1;1;NA;1;1;1;NA;NA
F4290004;702892.2;6781480.5;1;1;1;1;1;1;1;1;1;1;1;1;1;1;1;1;1;1;1;1;1;1;1;1;1;NA;NA
F4300001;656621.0499;6779434.845;1;1;1;1;1;1;1;1;1;1;1;1;1;1;1;1;1;1;1;1;NA;1;1;1;1;NA;NA
F4300002;657360.9978;6780287.013;1;1;1;0;0;1;1;1;1;1;1;1;1;1;1;1;1;1;1;1;NA;1;1;1;1;NA;NA
F4310001;657866.4815;6770206.135;1;1;1;1;1;1;1;1;1;1;1;1;1;1;1;1;1;1;1;1;NA;1;1;1;1;NA;NA
F4320001;656974.8414;6773914.511;1;1;1;0;1;1;1;1;1;1;1;1;1;1;1;1;1;1;1;1;NA;1;1;1;1;NA;NA
F4360001;680710.7538;6783822.447;1;1;1;1;1;1;1;1;NA;1;1;1;1;1;1;1;NA;1;1;1;1;1;1;1;1;NA;NA
F4380003;692624.5;6792795;1;1;0;0;0;1;1;1;NA;NA;1;1;1;1;1;1;NA;1;1;1;1;1;1;1;1;NA;NA
F4380004;703787.0527;6784722.668;1;1;1;1;1;1;1;1;1;1;1;1;1;1;1;1;1;1;1;1;1;1;1;1;1;NA;NA
F4390004;695610.5;6800720.5;1;1;1;1;1;1;1;1;1;1;1;1;1;1;1;1;NA;1;1;1;1;1;1;1;1;NA;NA
F4410001;688687.6165;6817668.3;1;1;0;0;0;1;1;1;0;0;1;0;0;0;0;1;NA;0;0;0;1;1;1;0;0;NA;NA
F4460001;680711.3;6828854.5;1;1;1;1;1;1;1;1;1;1;1;1;1;1;1;1;NA;1;1;1;1;1;1;1;1;NA;NA
F4480001;661360.7;6809857.5;1;1;1;1;1;1;NA;1;1;1;1;1;1;1;1;1;1;1;1;1;NA;NA;NA;NA;NA;NA;NA
F4500001;640523;6784145;NA;NA;NA;NA;NA;NA;NA;NA;NA;NA;1;1;1;1;1;1;1;1;1;1;NA;1;1;1;1;NA;NA
F4500002;640498.1;6783780;1;1;0;0;0;1;1;1;1;1;1;1;1;1;1;1;1;1;1;1;NA;1;1;1;1;NA;NA
F4510001;648447.4273;6772635.841;1;1;1;1;1;1;1;1;1;1;1;1;1;1;1;1;1;1;1;1;NA;1;1;1;1;NA;NA
F4510002;649502.247;6767735.584;1;1;1;0;0;1;1;1;1;1;1;1;1;1;1;1;1;1;0;0;NA;1;1;1;1;NA;NA
F4520001;657226.8997;6799408.479;1;1;1;1;1;1;1;1;1;1;1;1;1;1;1;1;NA;1;1;1;1;1;1;1;1;NA;NA
F4560421;632822.3446;6798183.128;0;0;0;0;0;1;1;1;1;1;1;1;1;1;1;1;1;1;1;1;NA;1;1;1;1;NA;NA
F4560422;633067.6;6799449;1;1;1;1;1;1;1;1;1;1;1;1;1;1;1;1;1;1;1;1;NA;1;1;1;1;NA;NA
F4560423;632721.4592;6807099.779;1;1;1;1;1;1;NA;1;1;1;1;1;1;1;1;1;1;1;1;1;NA;NA;NA;NA;NA;NA;NA
F4590003;653073;6829829.5;1;1;1;1;1;1;NA;1;1;1;1;1;1;1;1;1;1;1;1;1;NA;NA;NA;NA;NA;NA;NA
F4600004;673552;6835634.5;1;1;1;1;1;1;1;1;NA;1;1;1;1;1;1;1;NA;0;1;1;1;1;1;1;1;NA;NA
F4600005;664503.803;6835821.206;1;1;1;1;1;1;NA;1;1;1;1;1;1;1;1;1;1;1;1;1;NA;NA;NA;NA;NA;NA;NA
F4610002;620763.5913;6823709.808;1;1;1;1;1;1;1;1;1;1;1;1;1;1;1;1;1;1;1;1;1;1;1;1;1;NA;NA
F4610003;636864.3084;6825334.644;1;1;1;1;1;1;NA;1;1;1;1;1;1;1;1;1;0;1;1;1;NA;NA;NA;NA;NA;NA;NA
F4620002;624943.5;6837541.5;1;1;1;1;1;1;1;0;1;1;1;1;1;1;1;0;0;0;1;1;1;1;0;0;0;NA;NA
F4620003;631196.9108;6839008.189;1;1;1;0;1;1;NA;1;1;1;1;1;1;1;1;1;1;0;0;1;NA;NA;NA;NA;NA;NA;NA
F4640003;640452.5;6839538.5;1;1;1;1;1;1;NA;1;1;1;1;1;1;1;1;1;1;1;1;1;NA;NA;NA;NA;NA;NA;NA
F4650002;620569.492;6847468.865;1;1;1;1;1;1;1;1;1;1;1;1;1;1;1;1;1;1;1;1;1;1;1;1;1;NA;NA
F4660002;637562.9693;6842497.282;NA;NA;NA;NA;NA;NA;NA;NA;NA;NA;1;1;1;1;0;1;0;0;0;1;NA;NA;NA;NA;NA;NA;NA
F4660003;642913.7734;6842024.827;1;1;1;1;1;1;NA;1;1;1;NA;NA;NA;NA;NA;NA;NA;NA;NA;NA;NA;NA;NA;NA;NA;NA;NA
F4710001;705981.0821;6843338.012;1;1;0;0;0;1;1;0;0;0;1;1;0;0;0;1;NA;0;0;1;1;1;1;1;1;NA;NA
F4730001;694265.2;6839438.5;1;1;1;0;0;1;1;1;NA;1;1;1;1;1;1;1;NA;1;1;1;1;1;1;1;1;NA;NA
F4740002;690494.2239;6839624.833;1;1;1;1;1;1;1;1;1;1;1;1;1;1;1;1;NA;1;1;1;1;1;1;1;1;NA;NA
F4770001;683240.8905;6842787.563;1;1;1;1;1;1;1;1;1;1;1;1;1;1;1;1;NA;1;1;1;1;1;1;1;1;NA;NA
F4800001;687071;6836517;1;1;1;1;1;1;1;1;NA;1;1;1;1;1;1;1;NA;1;1;1;1;1;1;1;1;NA;NA
F4830002;665633.5976;6843245.525;1;1;1;1;1;1;NA;1;1;1;1;1;1;1;1;1;1;1;1;1;NA;NA;NA;NA;NA;NA;NA
F4860002;668605.9;6847124;1;1;NA;1;1;1;NA;1;1;1;1;1;1;1;1;1;1;1;1;1;NA;NA;NA;NA;NA;NA;NA
F5000001;877181.34;6753372.805;1;1;1;1;1;1;1;1;1;1;1;1;1;1;1;1;1;1;1;1;1;1;1;1;1;NA;NA
F5010001;883841.4601;6759568.202;1;1;1;0;0;1;1;1;1;1;1;0;1;1;1;1;1;0;0;1;1;1;1;1;1;NA;NA
F5030001;884611.258;6763558.246;1;1;1;0;0;1;1;1;1;1;1;1;1;1;1;1;1;1;1;1;1;1;1;1;1;NA;NA
F5030002;877329.8591;6768272.889;1;1;1;1;1;1;1;1;1;1;1;0;1;1;1;1;1;1;1;1;1;1;1;1;1;NA;NA
F5040001;865520.879;6772744.598;1;1;1;0;1;1;1;1;1;1;1;0;1;1;1;1;1;1;1;1;1;1;1;1;1;NA;NA
F5050001;863349.5659;6759671.234;1;1;1;1;1;1;1;1;1;1;1;1;1;1;1;1;1;1;1;1;1;1;1;1;1;NA;NA
F5150001;870870.8288;6796023.891;1;1;1;1;0;1;1;1;1;1;1;0;1;1;1;1;1;0;0;1;1;1;1;1;1;NA;NA
F5160001;876648.391;6793594.595;1;1;1;1;1;1;1;1;1;1;1;1;1;1;1;1;1;1;1;1;1;1;1;1;1;NA;NA
F5160002;878367.8962;6804672.927;1;1;1;0;0;1;1;1;1;1;1;1;1;0;1;1;1;0;0;0;1;1;1;1;1;NA;NA
F5210001;865653.7014;6815524.289;1;1;1;1;0;1;1;1;1;1;1;1;1;1;1;1;1;0;0;1;1;1;1;1;1;NA;NA
F5230001;861083.4839;6824471.674;1;1;1;1;1;1;1;1;1;1;1;1;1;1;1;1;1;1;0;0;1;1;1;1;1;NA;NA
F5280001;834883.5378;6841805.088;1;1;1;0;0;1;1;1;0;1;1;1;1;1;1;1;1;0;0;1;1;1;1;1;0;NA;NA
F5300001;847564.7323;6788528.8;1;1;1;1;1;1;1;1;1;1;1;1;1;1;1;1;1;1;0;1;1;1;1;1;1;NA;NA
F5310001;851351.8152;6807451.079;1;1;1;1;1;1;1;1;1;1;1;1;1;1;1;1;1;0;1;1;1;1;1;1;1;NA;NA
F5330001;840363.599;6833546.668;1;1;1;0;0;1;1;1;0;0;0;0;0;1;1;1;1;0;1;1;1;1;1;1;0;NA;NA
F5340001;833688.3825;6836326.82;1;1;1;1;1;1;1;1;1;1;1;1;1;1;1;1;1;1;1;1;1;1;1;1;1;NA;NA
F5410001;832702.4878;6845140.579;1;1;1;1;1;1;1;1;1;1;1;1;1;1;1;1;1;1;1;1;1;1;1;1;1;NA;NA
F5430001;821387.0211;6837583.537;1;1;1;0;1;1;1;1;1;1;1;1;1;1;1;1;1;0;0;1;1;1;1;0;0;NA;NA
F5500001;869438.4128;6821357.02;1;1;1;1;0;1;1;1;1;1;1;1;1;1;1;1;1;0;0;1;1;1;1;1;1;NA;NA
F5500002;867256.0608;6828222.354;NA;1;1;1;1;1;1;1;1;1;1;1;1;1;1;1;1;1;1;1;1;1;1;1;1;NA;NA
F5510001;873467.2187;6830631.166;NA;1;1;1;1;1;1;1;1;1;1;1;1;1;1;1;1;1;1;1;1;1;1;1;1;NA;NA
F5540001;842046.163;6855489.228;1;1;1;1;1;1;1;1;1;1;1;1;1;1;1;1;1;1;1;1;1;1;1;1;1;NA;NA
F5620001;885342.7;6825112.5;NA;1;1;1;0;1;1;1;1;1;1;1;1;1;1;1;1;1;1;1;1;1;1;1;1;NA;NA
F5630001;877144.5758;6834836.742;NA;1;1;1;1;1;1;1;1;1;1;1;1;1;1;1;1;1;1;1;1;1;1;1;1;NA;NA
F5650001;880516.028;6840404.52;NA;1;1;1;1;1;1;1;1;1;1;1;1;1;1;1;1;1;1;1;1;1;1;1;1;NA;NA
F5680001;867125.1943;6853454.891;NA;1;1;1;1;1;1;1;1;1;1;1;1;1;1;1;1;1;1;1;1;1;1;1;1;NA;NA
F5680002;862954.9818;6857711.092;NA;1;1;1;1;1;1;1;1;1;1;1;1;1;1;1;1;1;1;1;1;1;1;1;1;NA;NA
F5690001;838624.1315;6857166.193;1;1;1;1;1;1;1;1;1;1;1;1;1;1;1;1;1;1;1;1;1;1;1;1;1;NA;NA
F5690002;840518;6858842.5;NA;1;1;1;1;1;1;1;1;1;1;1;1;1;1;1;1;1;1;1;1;1;1;1;1;NA;NA
F5820001;852390.6;6866977;NA;1;1;1;1;1;1;1;1;1;1;1;1;1;1;1;1;1;1;1;1;1;1;1;1;NA;NA
F5860001;NA;NA;NA;NA;NA;NA;NA;NA;NA;NA;NA;NA;NA;NA;NA;NA;NA;NA;NA;NA;NA;NA;NA;NA;NA;NA;NA;NA;NA
F5860002;832163.7255;6867240.557;1;1;1;1;1;1;1;1;1;1;1;1;1;1;1;1;1;1;1;1;1;1;1;1;1;NA;NA
F5860003;NA;NA;NA;NA;NA;NA;NA;NA;NA;NA;NA;NA;NA;NA;NA;NA;NA;NA;NA;NA;NA;NA;NA;NA;NA;NA;NA;NA;NA
F5870001;NA;NA;NA;NA;NA;NA;NA;NA;NA;NA;NA;NA;NA;NA;NA;NA;NA;NA;NA;NA;NA;NA;NA;NA;NA;NA;NA;NA;NA
F5880001;835494.8738;6856820.207;1;1;1;1;1;1;1;1;1;1;1;1;1;1;1;1;1;0;0;1;1;1;1;1;1;NA;NA
F5910001;842809.5791;6848685.542;1;1;1;1;1;1;1;1;1;1;1;1;1;1;1;1;1;1;1;1;1;1;1;1;1;NA;NA
F6070001;803089.4199;6854167.124;0;0;0;0;0;1;1;1;0;0;1;1;1;1;0;1;1;0;0;0;1;1;1;1;0;NA;NA
F6090001;795528.0899;6852695.449;1;1;1;0;0;1;1;1;1;1;1;1;1;1;0;1;1;0;0;0;1;1;1;1;0;NA;NA
F6090002;782684.3552;6865989.37;1;1;1;1;1;1;1;1;1;1;1;1;1;1;1;1;1;1;0;0;1;1;1;1;1;NA;NA
F6090003;784005.5651;6860773.754;1;1;1;1;1;1;1;1;1;1;1;1;1;1;1;1;1;1;0;0;1;1;1;1;1;NA;NA
F6110001;776976.31;6884960.279;1;1;1;0;0;1;1;1;1;1;1;1;1;1;0;1;1;1;0;0;1;1;1;1;1;NA;NA
F6140001;752389.6456;6883661.229;1;1;1;1;1;1;1;1;1;1;1;1;1;1;1;1;1;1;1;1;1;1;1;1;1;NA;NA
F6150001;749375.6339;6891663.044;1;1;1;1;1;1;1;1;1;1;1;1;1;1;1;1;1;1;1;1;1;1;1;1;1;NA;NA
F6170001;760179.0958;6869713.61;1;1;1;1;1;1;1;1;1;1;1;1;1;1;1;1;1;1;1;1;1;1;1;1;1;NA;NA
F6180001;740865.4316;6872345.644;1;1;1;1;1;1;1;1;1;1;1;1;1;1;1;1;1;1;1;1;1;1;1;1;1;NA;NA
F6180002;746714.2226;6869824.832;1;1;0;0;0;1;1;1;0;1;1;1;1;1;1;1;1;0;0;0;1;1;1;0;0;NA;NA
F6210001;731625.5;6871753.5;1;1;0;0;0;1;1;1;1;1;1;1;1;1;1;1;1;0;1;1;1;1;1;1;1;NA;NA
F6230001;755329.4277;6858509.247;1;1;1;1;1;1;1;1;1;1;1;1;1;1;1;1;1;1;1;1;1;1;1;1;1;NA;NA
F6240003;727299.3;6864922.5;1;1;1;1;1;1;1;1;NA;NA;1;1;1;1;1;1;NA;1;1;1;1;1;1;1;1;NA;NA
F6250002;716495.9;6866810;1;1;1;1;1;1;1;1;1;NA;1;1;1;1;1;1;NA;1;1;1;1;1;1;1;1;NA;NA
F6300001;742399.0104;6892628.268;1;1;1;1;1;1;1;1;0;0;1;0;1;1;1;1;0;0;0;1;1;1;1;0;0;NA;NA
F6330001;711673.5201;6906239.363;1;1;1;1;1;NA;NA;NA;NA;NA;NA;NA;NA;NA;NA;NA;NA;NA;NA;NA;NA;NA;NA;NA;NA;NA;NA
F6330002;722449.2043;6904200.919;NA;NA;NA;NA;NA;1;1;1;1;1;1;1;1;1;1;1;1;1;1;1;1;1;1;1;1;NA;NA
F6340001;721262.9;6893166;1;1;1;1;1;1;1;1;1;1;1;1;1;1;1;1;1;1;1;1;1;1;1;1;1;NA;NA
F6370001;722589.1807;6886062.992;1;1;0;0;0;1;1;1;0;0;0;0;1;0;0;1;0;0;0;0;1;1;1;0;0;NA;NA
F6380001;706184.6;6886999;1;1;1;1;1;1;1;1;NA;NA;1;1;1;1;1;1;NA;0;1;1;1;1;1;1;0;NA;NA
F6380002;702017.1993;6880518.499;1;1;1;1;1;1;1;1;1;1;1;1;1;1;1;1;NA;1;1;1;1;1;1;1;1;NA;NA
F6380003;707960.5;6880951.5;1;1;1;1;1;1;1;1;NA;NA;1;1;0;1;0;1;NA;0;0;0;1;1;1;0;0;NA;NA
F6410001;697321.2;6880056;1;1;1;1;1;1;1;1;NA;NA;1;1;1;1;1;1;NA;1;1;1;1;1;1;1;1;NA;NA
F6410002;688783.7053;6884268.832;1;1;1;1;1;1;1;1;NA;NA;1;1;1;1;1;1;NA;0;1;1;1;1;1;1;1;NA;NA
F6500001;752135.298;6852171.914;1;1;1;1;1;1;1;1;1;1;1;1;1;1;1;1;1;1;1;1;1;1;1;1;1;NA;NA
F6530001;716042.8264;6850581.464;1;1;1;1;1;1;1;1;NA;NA;1;1;1;1;1;1;NA;1;1;1;1;1;1;1;1;NA;NA
F6540001;705813.312;6860648.314;1;1;1;1;1;1;1;1;NA;NA;1;1;1;1;0;1;NA;1;1;1;1;1;1;1;1;NA;NA
F6540002;708237;6857353.5;1;1;1;1;1;1;1;1;NA;NA;1;1;1;1;1;1;NA;1;1;1;1;1;1;1;1;NA;NA
F6550001;701019.5232;6857547.466;1;1;1;1;1;1;1;1;1;1;1;1;1;1;1;1;NA;1;1;1;1;1;1;1;1;NA;NA
F6560001;718445.5295;6844618.657;1;1;1;1;1;1;1;1;NA;NA;1;1;1;1;1;1;NA;1;1;1;1;1;1;1;1;NA;NA
F6570003;708348.0925;6849817.301;1;1;1;1;1;1;1;1;1;NA;1;1;1;1;1;1;NA;0;1;1;1;1;1;1;1;NA;NA
F6600001;682901.5;6868750.5;1;1;1;1;1;1;1;0;0;NA;1;1;0;0;0;1;NA;0;0;0;1;1;1;0;0;NA;NA
F6630001;678201.1;6862326;1;1;1;1;1;1;1;1;NA;1;1;1;1;1;1;1;NA;0;1;1;1;1;1;1;1;NA;NA
F6640007;671846.6;6867035.5;1;1;1;1;1;1;1;1;NA;1;1;1;1;1;1;1;NA;0;1;1;1;1;1;1;1;NA;NA
F6640008;668141.7;6854192.5;1;1;NA;1;1;1;NA;1;1;1;1;1;1;1;1;1;1;1;1;1;NA;NA;NA;NA;NA;NA;NA
F7010001;640290.4597;6849006.964;1;1;1;0;0;1;NA;1;1;1;1;1;1;1;1;1;0;0;1;1;NA;NA;NA;NA;NA;NA;NA
F7050001;661938.4;6880817;1;1;1;1;1;1;1;1;1;1;1;1;1;1;1;1;1;1;1;1;NA;NA;NA;NA;NA;NA;NA
G0100001;609737.3069;6955405.799;NA;1;1;1;1;1;1;1;1;1;1;1;1;1;1;1;1;1;1;1;1;1;1;1;1;NA;NA
G0110001;611435.9691;6961687.207;1;1;1;1;1;1;1;1;1;NA;1;1;1;1;1;1;1;1;1;1;1;1;NA;NA;NA;NA;NA
G0120001;605759.7;6965681;NA;1;1;1;1;1;1;1;1;1;1;1;1;1;1;1;1;1;1;1;1;1;1;1;1;NA;NA
G0160001;602515.3;6991261.5;1;1;1;1;1;1;1;1;1;1;1;1;1;1;1;1;1;1;1;1;1;1;1;1;1;NA;NA
G1100001;596802.3147;6970528.767;NA;1;1;1;1;1;1;1;1;1;1;1;1;1;1;1;1;1;1;1;1;1;1;1;1;NA;NA
G1100002;591433.0159;6980236.411;NA;1;1;1;1;1;1;1;1;1;1;1;1;1;1;1;1;1;1;1;1;1;1;1;1;NA;NA
G2000001;600224.3;6950563.5;NA;1;1;1;1;1;1;1;1;1;1;1;1;1;1;1;1;1;1;1;1;1;1;1;1;NA;NA
G2050001;586312.7863;6957638.375;NA;1;1;1;1;1;1;1;1;1;1;1;1;1;1;1;1;1;1;1;1;1;1;1;1;NA;NA
G2100611;578433.5129;6949971.322;NA;0;0;0;1;1;1;1;1;1;1;1;1;1;1;1;1;0;0;1;1;1;1;1;1;NA;NA
G2210001;595511.1762;6962017.067;NA;1;1;1;0;1;1;1;1;1;1;1;1;1;1;1;1;1;1;0;1;1;1;1;1;NA;NA
G3100611;563420.8254;6955416.271;NA;1;1;1;1;1;1;1;1;1;1;1;1;1;1;1;1;1;1;1;1;1;1;1;1;NA;NA
G4100001;556946.6;6964180;NA;1;1;1;1;NA;NA;NA;NA;NA;NA;NA;NA;NA;NA;NA;NA;NA;NA;NA;NA;NA;NA;NA;NA;NA;NA
G5100611;545087.9142;6971866.375;NA;1;1;1;1;1;1;1;1;1;1;1;1;1;1;1;1;1;1;1;1;1;1;1;1;NA;NA
G6000611;534086.7706;6957680.428;NA;1;1;1;1;1;1;1;1;1;1;1;1;1;1;1;1;1;1;1;1;1;1;1;1;NA;NA
G7000221;520179.4;6963763;NA;1;1;1;1;NA;NA;NA;NA;NA;NA;NA;NA;NA;NA;NA;NA;NA;NA;NA;NA;NA;NA;NA;NA;NA;NA
G7100611;516353.4437;6958763.123;NA;1;1;1;1;1;1;1;1;1;1;1;1;1;1;1;1;1;1;1;1;1;1;1;1;NA;NA
H0000001;777600.2048;6981929.896;1;1;1;1;1;1;1;1;1;1;1;1;1;1;1;1;1;1;1;1;1;1;1;1;1;NA;NA
H0010001;788760.5;6976610.5;1;1;1;0;0;1;1;0;0;0;1;0;0;1;0;1;0;0;0;1;1;1;1;0;0;NA;NA
H0010002;795989.8276;6977086.116;1;1;1;1;1;1;1;1;1;1;1;1;1;1;1;1;1;1;1;1;1;1;1;1;1;NA;NA
H0030001;787017.8;6970216.5;1;1;1;1;1;1;1;1;1;1;1;1;1;1;1;1;1;1;1;1;1;1;1;1;1;NA;NA
H0050001;748320.4;6986795.5;1;1;1;1;1;1;1;1;1;1;1;1;1;1;1;1;1;1;1;1;1;1;1;1;1;NA;NA
H0050002;757782.4;6991358;1;1;1;1;1;NA;NA;NA;NA;NA;NA;NA;NA;NA;NA;NA;NA;NA;NA;NA;NA;NA;NA;NA;NA;NA;NA
H0060001;747333.6;6984517;1;1;1;1;1;1;1;1;1;1;1;1;1;1;1;1;1;1;1;1;1;1;1;1;1;NA;NA
H0100021;791469.1261;6957274.784;1;1;1;0;1;1;1;0;0;0;1;0;0;0;0;1;1;0;0;1;1;1;1;0;0;NA;NA
H0110011;774427.4;6970811.5;1;1;1;1;0;1;1;1;1;1;1;0;0;0;0;1;1;1;0;1;1;1;1;1;1;NA;NA
H0120001;784975.2545;6963777.999;1;1;1;1;1;1;1;1;1;1;1;1;1;1;1;1;1;1;1;1;1;1;1;1;1;NA;NA
H0150001;757691.7515;6945885.253;1;1;1;1;1;1;1;1;1;1;1;1;1;0;0;1;1;0;1;1;1;1;1;1;1;NA;NA
H0160001;754906.7145;6937135.152;1;1;1;1;1;1;1;1;1;1;1;1;1;1;1;1;1;1;1;1;1;1;1;1;1;NA;NA
H0180001;741257.1491;6948742.638;1;1;1;1;1;1;1;1;1;1;1;1;1;1;1;1;1;1;0;0;1;1;1;1;1;NA;NA
H0180002;743091.6284;6962869.28;1;1;1;0;0;1;1;1;1;1;1;1;1;1;1;1;1;1;1;0;1;1;1;1;1;NA;NA
H0180003;737899;6953210;1;1;1;1;1;1;1;1;1;1;1;1;1;1;1;1;1;1;1;0;1;1;0;1;1;NA;NA
H0220001;747311.3596;6940346.767;1;1;1;1;1;1;1;1;1;0;1;1;0;0;0;1;1;0;1;1;1;1;1;0;1;NA;NA
H0310001;701903.2658;6948959.992;1;1;1;0;0;1;1;0;1;NA;1;0;0;0;0;1;0;0;0;0;1;1;0;0;0;NA;NA
H0310002;704618.4622;6948390.127;0;1;1;0;0;1;1;0;0;NA;1;0;0;0;0;0;0;0;0;0;1;1;0;0;0;NA;NA
H0321020;823600.7091;6756774.317;1;1;1;0;0;1;1;1;1;1;1;0;1;1;0;1;1;0;0;0;1;1;1;1;1;NA;NA
H0321041;698910.9422;6937295.824;1;1;1;0;0;1;1;0;0;NA;1;1;1;0;1;1;0;0;0;0;1;1;0;0;0;NA;NA
H0321042;686986.4312;6942755.336;1;1;1;1;1;1;1;1;1;NA;1;1;1;1;1;1;1;0;0;0;1;1;1;1;1;NA;NA
H0340001;685366.9607;6944912.787;0;0;1;0;0;1;1;1;1;NA;1;1;1;1;1;1;1;0;0;0;1;1;1;1;1;NA;NA
H0340002;683611.3755;6943777.021;0;1;1;1;1;1;1;1;1;NA;1;1;1;1;1;1;1;1;1;1;1;1;1;1;1;NA;NA
H0350001;695843.9045;6929080.376;1;1;1;1;1;1;1;1;1;NA;1;1;1;1;1;1;1;1;1;1;1;1;1;1;1;NA;NA
H0360001;670731.064;6933739.231;1;1;1;1;1;1;1;1;1;NA;1;1;1;1;1;1;1;0;1;1;1;1;1;1;1;NA;NA
H1001011;846196.1133;6875918.846;1;1;1;1;1;1;1;1;1;1;1;1;1;1;1;1;1;1;1;1;1;1;1;1;1;NA;NA
H1001012;857159.0144;6875002.141;NA;1;1;1;1;1;1;1;1;1;1;1;1;1;1;1;1;1;1;1;1;1;1;1;1;NA;NA
H1020001;NA;NA;NA;NA;NA;NA;NA;NA;NA;NA;NA;NA;NA;NA;NA;NA;NA;NA;NA;NA;NA;NA;NA;NA;NA;NA;NA;NA;NA
H1020002;835624.0214;6872325.304;1;1;1;1;1;1;1;1;1;1;1;1;1;1;1;1;1;1;0;1;1;1;1;1;1;NA;NA
H1040001;824244.6086;6882892.178;1;1;1;1;1;1;1;1;1;1;1;1;1;1;1;1;1;1;1;1;1;1;1;1;1;NA;NA
H1040002;NA;NA;NA;NA;NA;NA;NA;NA;NA;NA;NA;NA;NA;NA;NA;NA;NA;NA;NA;NA;NA;NA;NA;NA;NA;NA;NA;NA;NA
H1051031;NA;NA;NA;NA;NA;NA;NA;NA;NA;NA;NA;NA;NA;NA;NA;NA;NA;NA;NA;NA;NA;NA;NA;NA;NA;NA;NA;NA;NA
H1060001;845444.2;6892830;NA;1;1;1;0;1;1;1;1;1;1;1;1;1;1;1;1;1;1;1;1;1;1;1;1;NA;NA
H1102010;869349.2564;6865058.058;NA;1;1;1;1;1;1;1;1;1;1;1;1;1;1;1;1;1;1;1;1;1;1;1;1;NA;NA
H1122021;862790.5762;6881713.399;NA;1;1;1;1;1;1;1;1;1;1;1;1;1;1;1;1;1;0;1;1;1;1;1;1;NA;NA
H1130001;861503.2146;6893635.555;NA;1;1;1;1;1;1;1;1;1;1;1;1;1;1;1;1;1;1;1;1;1;1;1;1;NA;NA
H1140001;850887.7688;6895707.527;NA;1;1;1;1;1;1;1;1;1;1;1;1;1;1;1;1;0;0;1;1;1;1;1;1;NA;NA
H1170001;841971.1252;6924305.243;1;1;1;1;1;1;1;1;1;1;1;1;1;1;1;1;1;1;1;1;1;1;1;1;1;NA;NA
H1180001;837842.7222;6916439.652;1;1;1;1;1;1;1;1;1;1;1;1;1;1;1;1;1;1;1;1;1;1;1;1;1;NA;NA
H1201011;825284.9185;6911215.069;1;1;1;1;1;1;1;1;1;1;1;1;1;1;1;1;1;0;0;1;1;1;1;1;1;NA;NA
H1210001;830426.8764;6923510.278;1;1;1;1;1;1;1;1;1;1;1;1;1;1;1;1;1;1;1;1;1;1;1;1;1;NA;NA
H1240001;824227.313;6939558.42;1;1;1;1;1;1;1;1;0;1;1;1;1;1;0;1;1;1;1;1;1;1;1;1;1;NA;NA
H1240002;817370.1699;6935862.033;1;1;1;0;1;1;1;0;0;1;1;0;0;0;0;1;0;0;0;0;1;1;1;0;0;NA;NA
H1250001;814226.4547;6938887.902;1;1;1;1;1;1;1;1;1;1;1;0;1;1;1;1;1;1;1;1;1;1;1;1;1;NA;NA
H1310001;795772.7706;6949543.534;1;1;1;1;1;1;1;1;1;1;1;1;1;1;1;1;1;1;1;1;1;1;1;1;1;NA;NA
H1320001;805870.6639;6946506.759;0;0;1;0;0;1;1;0;0;0;1;0;0;0;0;0;0;0;0;0;1;1;1;0;0;NA;NA
H1340001;788735.0449;6937288.09;1;1;1;1;1;1;1;1;1;1;1;1;1;1;0;1;1;1;1;1;1;1;1;1;1;NA;NA
H1362011;785066.4933;6925647.603;1;1;1;1;1;1;1;1;1;1;1;1;1;1;0;1;1;0;0;0;1;1;1;1;1;NA;NA
H1380001;813282.0053;6892285.033;1;1;1;1;1;1;1;1;1;1;1;1;1;1;1;1;1;1;1;1;1;1;1;1;1;NA;NA
H1390001;777027.2506;6920636.81;1;1;1;1;1;1;1;1;1;1;1;1;1;1;1;1;1;1;1;1;1;1;1;1;1;NA;NA
H1430001;763149.7505;6923971.695;1;1;1;1;1;1;1;1;0;0;1;1;0;0;0;1;0;0;0;0;1;1;1;1;0;NA;NA
H1460001;737275.9;6925548;1;1;1;1;1;1;1;1;1;1;1;1;1;1;0;1;1;1;1;1;1;1;1;1;1;NA;NA
H1503911;814520.3034;6877958.415;1;1;1;1;1;1;1;1;1;1;1;1;1;1;1;1;1;1;0;0;1;1;1;1;1;NA;NA
H1520001;788051.1431;6897536.536;1;1;1;1;1;1;1;1;1;1;1;1;1;1;1;1;1;1;1;1;1;1;1;1;1;NA;NA
H1560001;769124.3293;6894157.41;1;1;1;1;1;1;1;1;1;1;1;1;1;1;1;1;1;1;1;1;1;1;1;1;1;NA;NA
H1603011;728507.0362;6926701.857;1;1;1;1;1;1;1;1;1;1;1;1;1;1;1;1;1;1;1;1;1;1;1;1;1;NA;NA
H1610001;731171.2;6911002;1;1;1;1;1;1;1;1;1;1;1;1;1;1;0;1;1;1;1;1;1;1;1;1;1;NA;NA
H1620001;718462.9346;6923421.611;1;1;1;1;1;1;1;1;1;1;1;1;1;1;1;1;1;1;1;1;1;1;1;1;1;NA;NA
H1630001;713657.4965;6913264.741;1;1;1;1;1;1;1;1;1;1;1;1;1;1;1;1;1;1;1;1;1;1;1;1;1;NA;NA
H1650001;719265.075;6928887.096;1;1;1;1;1;1;1;1;1;1;1;1;1;1;1;1;1;1;1;1;1;1;1;1;1;NA;NA
H1650002;712806.5618;6928276.477;1;1;1;1;1;1;1;1;1;1;1;1;1;1;1;1;1;1;1;1;1;1;1;1;1;NA;NA
H1670001;703566.0179;6914750.907;1;1;1;1;1;1;1;1;1;1;1;1;1;1;1;1;1;1;1;1;1;1;1;1;1;NA;NA
H1680001;695503.6129;6924608.444;0;0;0;0;1;1;1;0;1;NA;1;1;0;1;1;0;0;0;0;0;1;1;1;0;0;NA;NA
H1680002;695919.1786;6920835.497;1;1;1;0;1;1;1;1;1;NA;1;1;1;0;1;1;0;0;0;0;1;1;0;0;0;NA;NA
H2001021;685700.6898;6918590.047;1;1;1;0;0;1;1;1;1;NA;1;1;1;1;1;1;0;1;0;0;1;1;1;0;0;NA;NA
H2013011;694400.738;6910613.121;1;1;1;1;1;1;1;1;1;NA;1;1;1;1;1;1;1;1;1;1;1;1;1;1;1;NA;NA
H2013012;699297.5454;6904936.53;1;1;1;1;1;1;1;1;1;NA;1;1;1;1;1;1;1;1;1;1;1;1;1;1;1;NA;NA
H2021011;686500.3295;6902299.565;1;1;1;1;1;1;1;1;1;NA;1;1;1;1;1;1;1;1;1;1;1;1;1;1;1;NA;NA
H2051021;643520.0843;6935869.883;1;1;1;0;0;1;1;1;1;NA;1;1;1;1;1;1;1;1;1;1;1;1;1;1;1;NA;NA
H2062021;659410.3642;6934150.011;1;1;1;1;0;1;1;1;1;NA;1;1;1;1;1;1;1;1;1;1;1;1;1;1;1;NA;NA
H2100001;616415.8037;6937479.157;1;1;1;1;1;1;1;1;1;NA;1;1;1;1;1;1;0;1;1;1;1;1;NA;NA;NA;NA;NA
H2110001;624555.6134;6943857.403;1;1;1;1;0;1;1;1;1;NA;1;1;1;1;1;1;1;1;1;1;1;1;NA;1;1;NA;NA
H2110002;618665.5732;6945795.648;1;1;1;1;1;1;1;1;1;NA;1;1;1;1;1;1;1;1;1;1;1;1;NA;NA;NA;NA;NA
H2122021;636371.3;6931248;1;1;1;1;1;1;1;1;1;NA;1;1;1;1;1;1;1;1;1;1;1;1;NA;NA;NA;NA;NA
H2130001;616201.5;6928406.5;1;1;1;1;1;1;1;1;1;NA;1;1;1;1;1;1;0;1;1;1;1;1;NA;NA;NA;NA;NA
H2130002;617305.382;6931642.397;1;1;1;1;1;1;1;1;1;NA;1;1;1;1;1;1;1;1;1;1;1;1;NA;NA;NA;NA;NA
H2142031;632513.8599;6918946.365;1;1;1;1;1;1;1;1;1;NA;1;1;1;1;1;1;1;1;1;1;1;1;NA;1;NA;NA;NA
H2210001;681056.0016;6896656.133;1;1;1;0;0;1;1;0;0;NA;1;0;1;1;0;1;0;0;0;0;1;1;0;0;0;NA;NA
H2210002;686882.0229;6893103.078;1;1;1;1;1;1;1;1;1;NA;1;1;1;1;1;1;1;1;1;1;1;1;1;1;1;NA;NA
H2240006;665030.97;6893330.657;1;1;1;1;1;1;1;1;1;NA;1;1;1;1;1;1;1;1;1;1;1;1;1;1;1;NA;NA
H2240007;658422.6;6889758;1;1;1;1;1;1;1;1;1;1;1;1;1;1;1;1;1;1;1;1;NA;NA;NA;NA;NA;NA;NA
H2250002;637113.1187;6906692.207;0;0;0;0;0;1;1;1;1;NA;1;1;1;1;1;1;1;1;1;1;1;1;NA;1;NA;NA;NA
H2260003;632840.3;6899759.5;1;1;1;1;1;1;1;1;1;1;1;1;1;1;1;1;1;1;1;1;NA;NA;NA;NA;NA;NA;NA
H2260004;632882.8862;6894711.341;1;1;1;1;1;1;1;1;1;1;1;1;1;1;1;1;1;1;1;1;NA;NA;NA;NA;NA;NA;NA
H2270002;642897.7;6884052;1;1;0;0;0;1;1;0;1;0;1;1;1;1;1;1;1;0;0;0;NA;NA;NA;NA;NA;NA;NA
H2280002;624478.3;6888804.5;1;1;1;1;1;1;1;1;1;1;1;1;1;1;1;1;1;1;1;1;NA;NA;NA;NA;NA;NA;NA
H3010001;612760.9279;6882641.342;1;1;1;1;1;1;1;1;1;1;1;1;1;1;1;1;1;1;1;1;1;1;1;1;1;NA;NA
H3010002;620490.1;6887317;1;1;1;1;1;1;1;1;1;1;1;1;1;1;1;1;1;1;1;1;NA;NA;NA;NA;NA;NA;NA
H3030005;609751.9761;6854886.679;1;1;1;1;1;1;1;1;1;1;1;1;1;1;1;1;1;1;1;1;1;1;1;1;1;NA;NA
H3030006;616126.0368;6850905.738;1;1;1;1;1;1;1;1;1;1;1;1;1;1;1;1;1;1;1;1;1;1;1;1;1;NA;NA
H3070001;608004.5;6861990.5;1;1;1;1;1;1;1;1;1;1;1;1;1;1;1;1;1;1;1;1;1;1;1;1;1;NA;NA
H3070002;599121.1;6865961.5;1;1;1;1;1;1;1;1;1;1;1;1;1;1;1;1;1;1;1;1;1;1;1;1;1;NA;NA
H3100421;594999.1423;6942513.868;NA;0;0;0;0;1;1;0;1;1;1;1;1;1;1;1;1;0;1;0;1;1;1;0;1;NA;NA
H3100422;595251;6949252.5;NA;1;1;1;1;1;1;1;1;1;1;1;1;1;1;1;1;1;1;1;1;1;1;1;1;NA;NA
H3113342;611088.5444;6932536.568;NA;1;1;1;1;NA;NA;NA;NA;NA;NA;NA;NA;NA;NA;NA;NA;NA;NA;NA;NA;NA;NA;NA;NA;NA;NA
H3120421;606406;6923282.5;1;1;1;1;1;1;1;1;1;NA;1;1;1;1;1;1;1;1;1;1;1;1;1;1;1;NA;NA
H3130001;629232.4435;6903411.242;0;0;0;0;0;1;1;1;1;NA;NA;NA;NA;NA;NA;NA;NA;NA;NA;NA;NA;NA;NA;NA;NA;NA;NA
H3130002;626773.9204;6911542.577;0;0;0;0;0;1;0;1;0;NA;1;1;1;0;1;1;1;1;1;1;1;1;NA;1;NA;NA;NA
H3130003;629291.3679;6908374.962;1;1;1;1;1;1;1;1;1;NA;1;1;1;1;1;1;1;1;1;1;1;1;NA;1;NA;NA;NA
H3150001;600574.2506;6924007.99;1;1;1;1;1;1;1;1;1;NA;1;1;1;1;1;1;1;1;1;1;1;1;1;1;1;NA;NA
H3150002;598870.6288;6913801.958;1;1;1;1;1;1;1;1;1;NA;1;1;1;1;1;1;1;1;1;1;1;1;1;1;1;NA;NA
H3160001;609513.398;6905268.157;NA;NA;NA;NA;NA;NA;NA;NA;NA;NA;1;1;1;1;1;1;1;1;1;1;NA;NA;NA;NA;NA;NA;NA
H3203311;582880.2626;6892675.115;1;1;1;1;1;1;1;1;1;NA;1;1;1;1;1;1;1;1;1;1;1;1;1;1;1;NA;NA
H3219011;589383.2972;6907048.572;1;1;1;1;1;1;1;1;1;NA;1;1;1;1;1;1;1;1;1;1;1;1;1;1;1;NA;NA
H3230411;583311.3547;6939541.346;NA;1;1;1;1;1;1;1;1;1;1;1;1;1;1;1;1;1;1;1;1;1;1;1;1;NA;NA
H3230412;591212.2906;6945744.012;NA;1;1;1;1;1;1;1;1;1;1;1;1;1;1;1;1;1;1;1;1;1;1;1;1;NA;NA
H3240001;577986.6865;6938770.97;NA;1;1;1;1;1;1;1;1;1;1;1;1;1;1;1;1;1;1;0;1;1;1;0;1;NA;NA
H3250411;589200.7204;6919070.247;1;1;1;1;1;1;1;1;1;NA;1;1;1;1;1;1;1;1;1;1;1;1;1;1;1;NA;NA
H3250412;586832.8;6920992;1;1;1;1;1;1;1;1;1;NA;1;1;1;1;1;1;1;1;1;1;1;1;1;1;1;NA;NA
H4000001;551533.9801;6825776.655;1;1;1;0;1;1;1;1;0;NA;NA;NA;NA;NA;NA;NA;NA;NA;NA;NA;NA;NA;NA;NA;NA;NA;NA
H4000002;544099.7536;6828892.575;1;1;1;1;1;1;1;1;0;1;1;1;1;1;1;1;1;0;0;0;1;1;1;0;1;NA;NA
H4010001;551128.8853;6818280.941;1;1;1;0;0;1;1;1;0;NA;NA;NA;NA;NA;NA;NA;NA;NA;NA;NA;NA;NA;NA;NA;NA;NA;NA
H4050001;594798.2731;6816501.313;1;1;1;1;1;1;1;1;1;NA;NA;NA;NA;NA;NA;NA;NA;NA;NA;NA;NA;NA;NA;NA;NA;NA;NA
H4068401;608987.2309;6819243.247;1;1;1;1;1;1;1;1;1;NA;NA;NA;NA;NA;NA;NA;NA;NA;NA;NA;NA;NA;NA;NA;NA;NA;NA
H4068402;606021;6815771;1;1;1;0;1;1;1;1;0;NA;NA;NA;NA;NA;NA;NA;NA;NA;NA;NA;NA;NA;NA;NA;NA;NA;NA
H4070001;607953.0008;6825493.682;1;1;1;1;1;1;1;1;1;NA;NA;NA;NA;NA;NA;NA;NA;NA;NA;NA;NA;NA;NA;NA;NA;NA;NA
H4070002;614030.059;6825418.374;1;1;1;0;1;1;1;1;1;1;1;1;1;1;1;1;1;0;1;1;1;1;1;1;1;NA;NA
H4110001;604365.0944;6834238.689;1;1;1;1;1;1;1;1;1;NA;NA;NA;NA;NA;NA;NA;NA;NA;NA;NA;NA;NA;NA;NA;NA;NA;NA
H4110002;612115.5716;6834923.73;1;1;0;0;1;1;1;1;0;1;1;0;1;1;0;1;1;0;1;1;1;1;1;0;0;NA;NA
H4140001;592193.3328;6838423.606;1;1;1;1;1;1;1;1;1;NA;NA;NA;NA;NA;NA;NA;NA;NA;NA;NA;NA;NA;NA;NA;NA;NA;NA
H4160211;586506;6845018.5;0;0;1;1;0;1;1;1;1;NA;NA;NA;NA;NA;NA;NA;NA;NA;NA;NA;NA;NA;NA;NA;NA;NA;NA
H4170001;557171.0006;6835671.059;1;1;1;0;0;1;1;1;1;NA;NA;NA;NA;NA;NA;NA;NA;NA;NA;NA;NA;NA;NA;NA;NA;NA;NA
H4170002;564480.3739;6836564.426;0;1;0;0;0;1;1;1;1;NA;NA;NA;NA;NA;NA;NA;NA;NA;NA;NA;NA;NA;NA;NA;NA;NA;NA
H4180412;569947.6238;6840018.186;1;1;1;1;1;1;1;1;1;NA;NA;NA;NA;NA;NA;NA;NA;NA;NA;NA;NA;NA;NA;NA;NA;NA;NA
H4210411;543788.6;6848281.5;1;1;1;1;1;1;1;1;1;NA;1;1;1;1;1;1;1;1;1;1;1;1;1;1;1;NA;NA
H4210412;545025.6959;6852802.077;1;1;1;1;1;1;1;1;1;NA;1;1;1;1;1;1;1;1;1;1;1;1;1;1;1;NA;NA
H4210413;531907.731;6843900.521;1;1;1;1;1;1;1;1;1;1;1;1;1;1;1;1;1;1;1;1;1;1;1;1;1;NA;NA
H4220001;541425.8048;6841043.957;1;1;1;1;1;1;1;1;1;NA;NA;NA;NA;NA;NA;NA;NA;NA;NA;NA;NA;NA;NA;NA;NA;NA;NA
H4240001;554379.7;6842117;1;1;1;1;1;1;1;1;0;NA;NA;NA;NA;NA;NA;NA;NA;NA;NA;NA;NA;NA;NA;NA;NA;NA;NA
H4240002;559210.6242;6848386.061;1;1;0;0;0;1;1;1;1;NA;NA;NA;NA;NA;NA;NA;NA;NA;NA;NA;NA;NA;NA;NA;NA;NA;NA
H4250421;575253.4707;6857858.009;0;1;0;1;1;1;1;1;1;NA;1;1;1;1;1;1;1;1;1;1;1;1;1;1;1;NA;NA
H4250422;579739.9303;6855002.541;1;1;1;1;1;1;1;1;1;NA;1;1;1;1;1;1;1;1;1;1;1;1;1;1;1;NA;NA
H4250423;571657.4586;6854125.427;0;0;0;0;0;1;1;1;1;NA;1;1;1;1;1;1;1;1;1;1;1;1;1;1;1;NA;NA
H4260211;579071.1172;6859244.144;1;1;1;1;1;1;1;1;1;NA;1;1;1;1;1;1;1;1;1;1;1;1;1;1;1;NA;NA
H4270001;597989.3;6854402;1;1;1;1;1;1;1;1;1;1;1;1;1;1;1;1;1;1;1;1;1;1;1;1;1;NA;NA
H4280001;590904.7991;6861696.759;1;1;1;1;1;1;1;1;1;NA;NA;NA;NA;NA;NA;NA;NA;NA;NA;NA;NA;NA;NA;NA;NA;NA;NA
H4330431;520889.7;6841891.5;1;1;1;1;1;1;1;1;1;1;1;1;1;1;1;1;1;1;1;1;1;1;1;1;1;NA;NA
H4340410;547347.3079;6858111.227;1;1;1;1;1;1;1;1;1;NA;1;1;1;1;1;1;1;1;1;1;1;1;1;1;1;NA;NA
H4340431;543607.8395;6858864.655;1;1;1;1;1;1;1;1;1;NA;1;1;1;1;1;1;1;1;1;1;1;1;1;1;1;NA;NA
H4340432;557374.7836;6872313.283;1;1;1;1;1;1;1;1;1;NA;1;1;1;1;1;1;1;1;1;1;1;1;1;1;1;NA;NA
H4350001;554498.9;6876884;1;1;1;0;1;1;1;1;1;NA;1;1;1;1;1;1;1;1;1;1;1;1;1;1;1;NA;NA
H4360611;549085.8204;6875753.293;0;0;0;0;0;1;1;1;1;NA;1;1;1;1;1;1;1;1;1;1;1;1;1;1;1;NA;NA
H5000001;555734.3979;6906495.973;1;1;1;1;1;1;1;1;1;NA;1;1;1;1;1;1;1;1;1;1;1;1;1;1;1;NA;NA
H5023011;567268.9637;6927105.086;NA;1;1;1;1;1;1;1;1;1;1;1;1;1;1;1;1;1;1;1;1;1;1;1;1;NA;NA
H5023012;567015.6999;6931565.319;NA;1;1;1;1;1;1;1;1;1;1;1;1;1;1;1;1;1;1;1;1;1;1;1;1;NA;NA
H5042011;563746.3105;6946195.351;NA;1;1;1;1;1;1;1;1;1;1;1;1;1;1;1;1;1;1;1;1;1;1;1;1;NA;NA
H5069011;550689.5971;6944514.038;NA;1;1;0;0;1;1;1;1;1;1;1;1;1;1;1;1;0;1;0;1;1;1;1;1;NA;NA
H5119041;539453.8651;6939400.861;NA;1;1;1;1;1;1;1;1;1;1;0;1;1;1;1;1;1;1;1;1;1;1;1;1;NA;NA
H5122351;528779.7;6936355.5;NA;1;1;1;1;1;1;1;1;1;1;1;1;1;1;1;1;1;1;1;1;1;1;1;1;NA;NA
H5130621;520290.1636;6940332.947;NA;1;1;1;1;1;1;1;1;1;1;1;1;1;1;1;1;1;1;1;1;1;0;0;0;NA;NA
H6040001;524845.5611;6859756.419;1;1;1;1;1;1;1;1;1;1;1;1;1;1;1;1;1;1;1;1;1;1;1;1;1;NA;NA
H6050220;539844.3941;6884184.802;1;1;1;0;0;1;1;1;1;NA;1;1;1;1;1;1;1;1;1;1;1;1;1;1;1;NA;NA
H6056413;534241.7994;6868840.085;0;0;0;0;0;1;0;0;0;NA;1;1;1;1;1;1;0;0;0;1;0;0;0;0;0;NA;NA
H6102011;517692.5454;6873413.53;1;1;1;1;1;1;1;1;1;NA;1;1;1;1;1;1;1;1;1;1;1;1;1;1;1;NA;NA
H6113011;509164.7511;6864714.696;1;1;1;1;1;1;1;1;1;1;1;1;1;1;1;1;1;1;1;1;1;1;1;1;1;NA;NA
H6129012;523540.1948;6889635.618;1;1;1;1;1;1;1;1;1;NA;1;1;1;1;1;1;1;1;1;1;1;1;1;1;1;NA;NA
H6211011;529382.2329;6906499.156;1;1;1;1;1;1;1;1;1;NA;1;1;1;1;1;1;1;1;1;1;1;1;1;1;1;NA;NA
H6221021;536676.9112;6903173.574;1;1;1;1;1;1;1;1;1;NA;1;1;1;1;1;1;1;1;1;1;1;1;1;1;1;NA;NA
H6233704;524813.8;6918751.5;1;1;1;1;1;1;1;1;1;NA;1;1;1;1;1;1;1;1;1;1;1;1;1;1;1;NA;NA
H6233705;528986.3494;6908632.034;1;1;1;1;1;1;1;0;1;NA;1;1;1;1;1;1;1;1;1;1;1;1;1;1;1;NA;NA
H6250001;519351.4845;6912288.657;1;1;1;1;1;1;1;1;1;NA;1;1;1;1;1;1;1;1;1;1;1;1;1;1;1;NA;NA
H7102021;505272.642;6919094.213;1;1;1;1;1;1;1;1;1;NA;1;1;1;1;1;1;1;1;1;1;1;1;1;1;1;NA;NA
H7210001;495670.2;6925034;1;1;1;1;1;NA;1;1;1;1;1;1;1;1;1;1;1;1;1;1;1;1;1;NA;NA;NA;NA
H7322011;496860.0164;6943314.162;NA;1;1;1;1;1;1;1;1;1;1;1;1;1;1;1;1;1;1;1;1;1;1;1;1;NA;NA
H7360001;499210.5;6939581.5;NA;1;1;1;1;NA;NA;NA;NA;NA;NA;NA;NA;NA;NA;NA;NA;NA;NA;NA;NA;NA;NA;NA;NA;NA;NA
I0260001;499173.9;6895734;1;1;1;1;1;NA;1;1;1;1;1;1;1;1;1;1;1;1;1;1;1;1;1;1;1;NA;NA
I0320001;493645.8771;6900931.357;1;1;1;1;1;NA;1;1;1;1;1;1;1;1;1;1;1;1;1;1;1;1;1;NA;NA;NA;NA
I0350001;497922.5542;6911745.648;1;1;1;1;1;NA;1;1;1;1;1;1;1;1;1;1;1;1;1;1;1;1;1;NA;NA;NA;NA
I0360001;513462.7462;6902926.489;1;1;1;1;1;1;1;1;1;NA;1;1;1;1;1;1;1;1;1;1;1;1;1;1;0;NA;NA
I0370001;512931.2642;6909718.688;1;1;1;1;1;1;1;0;1;NA;1;1;1;1;1;1;1;1;1;1;1;1;1;1;1;NA;NA
I1103011;493425.6;6859502.5;1;1;1;1;1;1;1;1;1;1;1;1;1;1;1;1;1;1;1;1;1;1;1;1;1;NA;NA
I1160001;472786.4258;6866879.028;NA;NA;NA;NA;NA;NA;1;NA;NA;1;1;1;1;1;1;1;1;1;1;1;1;1;1;1;1;NA;NA
I1213410;493077.4855;6915709.079;1;1;1;1;1;NA;1;1;1;1;1;1;1;1;1;1;1;1;1;1;1;1;1;NA;NA;NA;NA
I1213411;462769.9032;6869969.12;1;1;1;1;1;NA;1;NA;NA;1;1;1;1;1;1;1;1;1;1;1;1;1;1;1;1;NA;NA
I1220001;477206.3587;6879238.428;NA;NA;NA;NA;NA;NA;1;NA;NA;1;1;1;1;1;1;1;1;1;1;1;1;1;1;1;1;NA;NA
I1220002;475814.0871;6880766.608;1;1;1;0;1;NA;NA;NA;NA;NA;NA;NA;NA;NA;NA;NA;NA;NA;NA;NA;NA;NA;NA;NA;NA;NA;NA
I1220003;475126.9617;6874535.541;1;1;1;0;1;NA;NA;NA;NA;NA;NA;NA;NA;NA;NA;NA;NA;NA;NA;NA;NA;NA;NA;NA;NA;NA;NA
I1320001;494790.811;6879021.621;1;1;1;1;1;NA;1;NA;NA;1;1;1;1;1;1;1;1;1;1;1;1;1;1;NA;NA;NA;NA
I1360001;486914.1369;6882956.214;1;1;1;1;1;NA;1;NA;NA;1;1;1;1;1;1;1;1;1;1;1;1;1;1;1;1;NA;NA
I1410001;486322.4879;6899080.562;1;1;1;1;1;NA;1;NA;NA;1;1;1;1;1;1;1;1;1;1;1;1;1;1;1;1;NA;NA
I1430001;464781.1533;6880729.034;1;1;1;1;1;NA;1;NA;NA;1;1;1;1;1;1;1;1;1;1;1;1;1;1;1;1;NA;NA
I1460001;469339;6893007.5;1;1;1;1;1;NA;1;NA;NA;1;1;1;1;1;1;1;1;1;1;1;1;1;1;1;1;NA;NA
I1530001;481914.8494;6911189.439;1;1;1;1;1;NA;1;NA;NA;1;1;1;1;1;1;1;1;1;1;1;1;1;1;NA;NA;NA;NA
I2010001;483934.5852;6836813.532;1;1;1;1;1;1;1;1;1;1;1;1;1;1;1;1;1;1;1;1;1;1;1;1;1;NA;NA
I2031021;481303.5039;6836841.832;1;1;1;1;1;1;1;1;0;1;1;1;1;1;1;1;1;1;1;1;1;1;1;0;1;NA;NA
I2102011;490120.0116;6850638.573;1;1;1;1;1;1;1;1;1;1;1;1;1;1;1;1;1;1;1;1;1;1;1;1;1;NA;NA
I2130001;479659.7;6844806.5;1;1;1;1;1;1;1;1;1;1;1;1;1;1;1;1;1;1;1;1;1;1;1;1;1;NA;NA
I2150001;474161.9;6839936;1;1;1;1;1;1;1;1;1;1;1;1;1;1;1;1;1;1;1;1;1;1;1;1;1;NA;NA
I2180001;468407.0858;6843472.45;1;1;1;1;1;1;1;1;1;1;1;1;1;1;1;1;1;1;1;1;1;1;1;1;1;NA;NA
I2220001;465169.3;6856734.5;1;1;1;1;1;1;1;1;1;1;1;1;1;1;1;1;1;1;1;1;1;1;1;1;1;NA;NA
I2260001;456255.3015;6865149.697;1;1;1;1;1;1;1;1;0;1;1;1;1;1;1;1;1;1;1;1;1;1;1;1;1;NA;NA
I2320001;452924.0703;6849318.454;1;1;1;1;1;1;1;1;1;1;1;1;1;1;1;1;1;1;1;1;1;1;1;1;1;NA;NA
I2400001;429945.2321;6863008.054;1;1;1;1;1;1;1;1;1;1;1;1;1;1;1;1;1;1;1;1;1;1;1;1;1;NA;NA
I2420001;436298.8382;6873943.22;1;1;1;1;1;NA;1;1;1;1;1;1;1;1;1;1;1;1;1;1;1;1;1;1;1;NA;NA
I2500001;452987.6947;6871127.712;1;1;1;1;1;NA;1;1;1;1;1;1;1;1;1;1;1;1;1;1;1;1;1;1;1;NA;NA
I2520001;437752.6008;6882855.186;1;1;1;1;1;NA;1;1;1;1;1;1;1;1;1;1;1;1;1;1;1;1;1;1;1;NA;NA
I2520002;443376.6958;6881604.934;1;1;1;1;1;NA;1;1;1;1;1;1;1;1;1;1;1;0;1;1;1;1;1;0;1;NA;NA
I2630001;442094.3943;6886849.181;1;1;1;1;1;NA;1;1;0;1;1;1;1;1;1;1;1;1;1;1;1;1;1;1;1;NA;NA
I2660001;458113.2823;6909138.441;1;1;1;1;1;NA;1;1;1;1;1;1;1;1;1;1;1;1;1;1;1;1;1;1;1;NA;NA
I3103011;425315.4318;6887884.457;1;1;1;1;1;NA;1;1;1;1;1;1;1;1;1;1;1;1;1;1;1;1;1;1;1;NA;NA
I3220001;446395.9;6906631.5;1;1;1;1;1;NA;1;1;1;1;1;1;1;1;1;1;1;1;1;1;1;1;1;1;1;NA;NA
I3302020;455496.425;6847768.791;1;1;1;1;1;1;1;1;1;1;1;1;1;1;1;1;1;1;1;1;1;1;1;1;1;NA;NA
I4140001;421337.9;6867267.5;1;1;1;1;1;NA;1;1;1;1;1;1;1;1;1;1;1;1;1;1;1;1;1;NA;NA;NA;NA
I4200001;424806.413;6874991.334;1;1;1;1;1;NA;1;0;1;0;1;1;1;1;1;1;1;0;1;1;1;1;1;0;1;NA;NA
I4200002;422563.2013;6879159.637;1;1;1;1;1;NA;1;NA;1;1;1;1;1;1;1;1;1;1;1;1;1;1;1;1;1;NA;NA
I4260001;402135.6712;6873418.033;1;1;1;1;1;1;1;1;NA;1;1;1;1;1;1;1;1;1;1;1;1;NA;NA;1;1;NA;NA
I4310001;409593.9;6882837.5;1;1;1;1;1;1;1;1;NA;1;1;1;1;1;1;1;1;1;1;1;1;NA;NA;1;1;NA;NA
I4360001;399380.3;6891163;1;1;1;1;1;1;1;1;NA;1;1;1;1;1;1;1;1;1;1;1;1;NA;NA;1;1;NA;NA
I4400001;413653.2682;6899129.371;1;1;1;1;1;1;1;1;NA;1;1;1;1;1;1;1;1;1;1;1;1;NA;NA;1;1;NA;NA
I4500001;428813.0259;6903138.763;1;1;1;1;1;NA;1;1;1;1;1;1;1;1;1;1;1;1;1;1;1;1;1;1;1;NA;NA
I4530001;417988.574;6890016.838;1;1;1;1;1;NA;1;1;1;1;1;1;1;1;1;1;1;1;1;1;1;1;1;1;1;NA;NA
I4530002;419005.1;6888412.5;1;1;1;1;1;NA;1;1;1;1;1;1;1;1;1;1;1;1;1;1;1;1;1;1;1;NA;NA
I4550001;424769.8163;6906376.571;1;1;1;1;1;NA;1;1;1;1;1;1;1;1;1;1;1;1;1;1;1;1;1;1;1;NA;NA
I4640001;411846.7252;6911239.391;1;1;1;1;1;NA;1;1;1;1;1;1;1;1;1;1;1;1;1;1;1;1;1;1;1;NA;NA
I4700001;398142.3;6921809.5;1;1;1;1;1;1;1;1;NA;1;1;1;1;1;1;1;NA;1;1;1;1;NA;NA;1;1;NA;NA
I5013616;367469.4483;6945803.947;1;1;1;1;1;1;1;1;NA;1;1;1;1;1;1;1;1;1;1;1;1;NA;NA;NA;1;NA;NA
I5060001;362491.9;6936525;1;1;1;1;1;1;1;1;NA;1;1;1;1;1;1;1;1;1;1;1;1;NA;NA;NA;1;NA;NA
I5170001;377137.9547;6906769.273;1;1;1;1;1;1;1;1;NA;1;1;1;1;1;1;1;1;1;1;1;1;NA;NA;NA;1;NA;NA
I5210001;376727.7672;6899882.834;1;1;1;1;1;1;1;1;NA;1;1;1;1;1;1;1;1;1;1;1;1;NA;NA;NA;1;NA;NA
I5270001;388876.2166;6892997.676;1;1;1;1;1;1;1;1;NA;1;1;1;1;1;1;1;1;1;1;1;1;NA;NA;NA;1;NA;NA
I5290001;394514.0086;6927787.299;1;1;1;1;1;1;1;1;NA;1;1;0;1;1;1;1;NA;1;1;1;1;NA;NA;NA;1;NA;NA
I6000001;392209.9939;6930925.271;1;1;1;1;1;1;1;1;NA;1;1;1;0;1;1;1;NA;1;1;1;1;NA;NA;NA;1;NA;NA
I6000002;390736.4543;6934652.992;1;1;1;1;1;1;1;1;NA;1;1;1;1;1;1;1;1;1;1;1;1;NA;NA;NA;1;NA;NA
I6100001;380754.8;6950232;1;1;1;1;1;1;1;1;NA;1;1;1;1;1;1;1;1;1;1;1;1;NA;NA;NA;1;NA;NA
I6310001;382932.1;6954445.5;1;1;1;1;1;1;1;1;NA;1;1;1;1;1;1;1;1;1;1;1;1;NA;NA;NA;1;NA;NA
I6600001;350531.1079;6964261.15;1;1;1;1;1;1;1;1;NA;1;1;1;1;1;1;1;NA;1;1;1;1;NA;NA;NA;1;NA;NA
I6700001;354182.0685;6930901.272;1;1;1;1;1;1;1;1;NA;1;1;1;1;1;1;1;1;1;1;1;1;NA;NA;NA;1;NA;NA
I6830001;367377.593;6915029.275;1;1;1;1;1;1;1;1;NA;1;1;1;1;1;1;1;1;1;1;1;1;NA;NA;1;1;NA;NA
I6900001;368256.8;6900332.5;1;1;1;1;1;1;1;1;NA;1;1;1;1;1;1;1;1;1;1;1;1;NA;NA;1;1;NA;NA
I6900002;368629.3945;6904805.931;1;1;1;1;1;1;1;1;NA;1;1;1;1;1;1;1;1;1;1;1;1;NA;NA;1;1;NA;NA
I7030001;395575.6;6877011;1;1;1;1;1;1;1;1;NA;1;1;1;1;1;1;1;1;1;1;1;1;NA;NA;NA;1;NA;NA
I7040001;390440.7398;6878068.473;1;1;1;1;1;1;1;1;NA;1;1;1;1;1;1;1;1;1;1;1;1;NA;NA;1;1;NA;NA
I7160001;376050.3392;6887484.088;1;1;1;1;1;1;1;1;NA;1;1;1;1;1;1;1;1;1;1;1;1;NA;NA;NA;1;NA;NA
I7202011;394815.1392;6880694.864;1;1;1;1;1;1;1;1;NA;1;1;1;1;1;1;1;1;1;1;1;1;NA;NA;1;1;NA;NA
I7300001;368912.3411;6881903.425;1;1;1;1;1;1;1;1;NA;0;1;0;0;1;0;1;0;0;1;1;1;NA;NA;0;1;NA;NA
I7800001;364941.8;6858971;1;1;1;1;1;1;1;1;NA;1;1;1;1;1;1;1;1;1;1;1;1;NA;NA;1;1;NA;NA
I8002011;410103.7279;6856298.993;1;1;1;1;1;1;1;1;NA;1;1;1;1;1;1;1;1;1;1;1;1;NA;NA;1;1;NA;NA
I9000001;418032.8566;6841060.62;1;1;1;1;1;1;1;1;NA;1;1;1;1;1;1;1;NA;1;1;1;1;NA;NA;1;1;NA;NA
I9050001;414861.4;6849076;NA;1;1;1;1;1;1;1;NA;1;1;1;1;1;1;1;1;1;1;1;1;NA;NA;1;1;NA;NA
I9180001;402227;6832201.5;1;1;1;1;1;1;1;1;NA;1;1;1;1;1;1;1;NA;1;1;1;1;NA;NA;1;1;NA;NA
I9290001;373845.455;6842078.919;1;1;1;1;1;1;1;1;NA;1;1;1;1;1;1;1;1;1;1;1;1;NA;NA;1;1;NA;NA
J0014011;391562.0893;6823842.107;1;1;1;1;1;1;1;1;1;1;1;1;1;1;1;1;1;1;1;1;1;1;1;1;1;NA;NA
J0030001;385560.5951;6804591.6;1;1;1;1;1;1;1;1;0;0;1;1;1;1;0;1;1;1;1;1;1;1;1;1;1;NA;NA
J0130001;359790.8156;6819186.709;1;1;1;1;1;1;1;1;1;1;1;1;1;1;1;1;1;1;1;1;1;1;1;1;1;NA;NA
J0201511;380124.6454;6827014.947;1;1;1;1;1;1;1;1;1;1;1;1;1;1;1;1;1;1;1;1;1;1;1;1;1;NA;NA
J0210001;360519.6108;6832397.696;1;1;1;1;1;1;1;1;1;1;1;1;1;1;1;1;1;1;1;1;1;1;1;1;1;NA;NA
J0323011;352490.1171;6836011.9;1;1;1;1;1;1;1;1;1;1;1;1;1;1;1;1;1;1;1;1;1;1;1;1;1;NA;NA
J0407611;347481.5023;6826900.128;1;1;1;1;1;1;1;1;1;1;1;1;1;1;1;1;1;1;1;1;1;1;1;1;1;NA;NA
J0407612;341675.1223;6833941.113;1;1;1;1;1;1;1;1;1;1;1;1;1;1;1;1;1;1;1;1;1;1;1;1;1;NA;NA
J0600001;290752.0144;6813501.694;1;1;1;1;1;1;1;1;1;1;1;1;1;1;1;1;1;1;1;1;1;1;1;1;1;NA;NA
J0626611;313546.8456;6811900.575;1;1;1;1;1;1;1;1;1;1;1;1;1;1;1;1;1;1;1;1;1;1;1;1;1;NA;NA
J0630001;328252.8605;6819118.984;1;1;1;1;1;1;1;1;0;1;1;1;0;0;0;1;0;0;0;0;1;1;0;0;0;NA;NA
J0700001;341733.5149;6820757.569;1;1;1;1;1;1;1;1;1;1;1;1;1;1;1;1;1;1;1;1;1;1;1;1;1;NA;NA
J1004521;325797.8494;6834213.6;1;1;1;1;1;1;1;1;1;1;1;1;1;1;1;1;1;1;1;1;1;1;1;1;1;NA;NA
J1105811;297632.6031;6821276.417;1;1;1;1;0;1;1;1;1;1;1;1;1;1;1;1;1;1;1;1;1;1;1;1;1;NA;NA
J1114011;308148.5173;6811430.478;1;1;1;1;1;1;1;1;1;1;1;1;1;1;1;1;1;1;1;1;1;1;1;1;1;NA;NA
J1140001;310081.1425;6839016.721;1;1;1;1;1;1;1;1;1;1;1;1;1;1;1;1;1;1;1;1;1;1;1;1;1;NA;NA
J1205411;304979.5473;6841758.739;1;1;1;1;1;1;1;1;1;1;1;1;1;1;1;1;1;1;1;1;1;1;1;1;1;NA;NA
J1300001;291800.584;6822953.846;1;1;1;1;0;1;1;1;1;1;1;1;1;1;1;1;1;1;1;1;1;1;1;1;1;NA;NA
J1313011;293031.1356;6833893.839;1;1;1;1;0;1;1;1;1;1;1;1;1;1;1;1;1;1;1;1;1;1;1;1;1;NA;NA
J1324011;285717.3781;6830055.73;1;1;1;1;1;1;1;1;1;1;1;1;1;1;1;1;1;1;1;1;1;1;1;1;1;NA;NA
J1506211;261650.7788;6825898.444;1;1;1;1;1;1;1;1;1;1;1;1;1;1;1;1;1;1;1;1;1;1;1;1;1;NA;NA
J1524011;265137.9306;6833618.813;1;1;1;1;1;1;1;1;1;1;1;1;1;1;1;1;1;1;1;1;1;1;1;1;1;NA;NA
J1700001;247440.4856;6828005.448;1;1;1;1;1;1;1;1;1;1;1;1;1;1;1;1;1;1;1;1;1;1;1;1;1;NA;NA
J1711711;248897.2019;6839927.792;1;1;1;1;1;1;1;1;1;1;1;1;1;1;1;1;1;1;1;1;1;1;1;1;1;NA;NA
J1803011;262657.2082;6834668.714;1;1;1;1;1;1;1;1;1;1;1;1;1;1;1;1;1;1;1;1;1;1;1;1;0;NA;NA
J1813011;254976.7638;6854014.433;1;1;1;1;1;1;1;1;1;1;1;1;1;1;1;1;1;1;1;1;1;1;1;1;1;NA;NA
J1813012;263960.8773;6850996.714;1;1;1;1;1;1;1;1;1;1;1;1;0;0;0;0;0;0;1;0;1;1;0;0;0;NA;NA
J2010001;241013.6275;6851999.385;1;1;1;1;1;1;1;1;1;1;1;1;1;1;1;1;1;1;1;1;1;1;1;1;1;NA;NA
J2023011;243329.0225;6864841.442;1;1;1;1;1;1;1;1;1;1;1;1;1;1;1;1;1;1;1;1;1;1;1;1;1;NA;NA
J2034011;234502.8931;6850903.692;1;1;1;1;1;1;1;1;1;1;1;1;1;1;1;1;1;1;1;1;1;1;1;1;1;NA;NA
J2220001;222307.3488;6840950.57;1;1;1;1;1;1;1;1;1;1;1;1;1;1;1;1;1;1;1;1;1;1;1;1;1;NA;NA
J2244011;222298.9945;6864481.171;1;1;1;1;1;1;1;1;1;1;1;1;1;1;1;1;1;1;1;1;1;1;1;1;1;NA;NA
J2314911;215744.2019;6851852.307;1;1;1;1;1;1;1;1;1;1;1;1;1;1;1;1;1;1;1;1;1;1;1;1;1;NA;NA
J2514011;208428.5156;6853605.883;1;1;1;1;1;1;1;1;1;NA;1;1;NA;1;1;1;1;1;1;1;1;1;1;0;NA;NA;NA
J2605411;202104.3681;6840931.55;1;1;1;1;1;1;1;1;1;NA;1;1;NA;1;1;1;1;1;1;1;1;1;1;1;NA;NA;NA
J2614011;193742.73;6840149.038;1;1;1;1;1;1;1;1;1;NA;1;1;NA;1;1;1;1;1;1;1;1;1;1;1;NA;NA;NA
J2710001;192290.8025;6839312.425;1;1;1;1;1;1;1;1;1;NA;1;1;NA;1;1;1;1;1;1;1;1;1;1;1;NA;NA;NA
J3014331;183086.4803;6849876.541;1;1;1;1;1;1;1;1;1;NA;1;1;NA;1;1;1;1;1;1;1;1;1;1;1;NA;NA;NA
J3014332;183631.5313;6868008.678;1;1;1;1;1;1;1;1;1;NA;1;1;NA;1;1;1;1;1;1;1;1;1;1;1;NA;NA;NA
J3024011;173378.2684;6852813.512;1;1;1;1;1;1;1;1;1;NA;1;1;NA;1;1;1;1;1;1;1;1;1;1;1;NA;NA;NA
J3030001;178351.5219;6866152.78;1;1;1;1;1;1;1;1;1;NA;1;1;NA;1;1;1;1;1;1;1;1;1;1;1;NA;NA;NA
J3030002;174547.6337;6866791.035;1;1;1;1;1;1;1;1;0;NA;1;1;NA;1;1;1;1;1;1;1;1;1;1;0;NA;NA;NA
J3104011;159773.5563;6866422.633;1;1;1;1;1;1;1;1;1;NA;1;1;NA;1;1;1;1;1;1;1;1;1;1;1;NA;NA;NA
J3104012;169783.2837;6862356.824;1;1;1;1;1;1;1;1;1;NA;1;1;NA;1;1;1;1;1;1;1;1;1;1;1;NA;NA;NA
J3104013;166638.6413;6862331.147;1;1;1;1;1;1;1;1;1;NA;1;1;NA;1;1;1;1;1;1;1;1;1;1;1;NA;NA;NA
J3335411;130515.1594;6837814.974;1;1;1;1;1;1;1;1;1;NA;1;1;NA;1;1;1;1;1;1;1;1;1;1;1;NA;NA;NA
J3350001;151109.9039;6837809.57;1;1;1;1;1;1;1;1;1;NA;1;1;NA;1;1;1;1;1;1;1;1;1;1;1;NA;NA;NA
J3413031;177871.8787;6849577.996;1;1;1;1;1;1;1;1;1;NA;1;1;NA;1;1;1;1;1;1;1;1;1;1;1;NA;NA;NA
J3514011;175071.2932;6832669.312;1;1;1;1;1;1;1;1;1;NA;1;1;NA;1;1;1;1;1;1;1;1;1;1;1;NA;NA;NA
J3520001;172191.217;6825766.704;1;1;1;1;1;1;1;1;1;NA;1;1;NA;1;1;1;1;1;1;1;1;1;1;1;NA;NA;NA
J3607511;204541.2745;6833456.916;1;1;1;1;1;1;1;1;1;NA;1;1;NA;1;1;1;1;1;1;1;1;1;1;1;NA;NA;NA
J3607512;215719.4136;6836105.201;1;1;1;1;1;1;1;1;1;NA;1;1;NA;1;1;1;1;1;1;1;1;1;1;1;NA;NA;NA
J3713021;224741.0213;6820957.797;1;1;1;1;1;1;1;1;1;1;1;1;1;1;1;1;1;1;1;1;1;1;1;1;1;NA;NA
J3814711;192310.2697;6822800.216;1;1;1;1;1;1;1;1;1;NA;1;1;NA;1;1;1;1;1;1;1;1;1;1;1;NA;NA;NA
J3834011;185166.2413;6821643.05;1;1;1;1;1;1;1;1;1;NA;1;1;NA;1;1;1;1;1;1;1;1;1;1;1;NA;NA;NA
J3910001;148299.8488;6821354.3;1;1;1;1;1;1;1;1;1;NA;1;1;NA;1;1;1;1;1;1;1;1;1;1;1;NA;NA;NA
J3930001;165188.386;6803335.66;1;1;1;1;1;1;1;1;1;NA;1;1;NA;1;1;1;1;1;1;1;1;1;1;1;NA;NA;NA
J3930002;160871.0673;6799388.86;1;1;1;1;1;1;1;1;1;NA;1;1;NA;1;1;1;1;1;1;1;1;1;1;1;NA;NA;NA
J4014011;162991.1016;6792476.878;1;1;1;1;1;1;1;1;1;NA;1;1;NA;1;1;1;1;1;1;1;1;1;1;1;NA;NA;NA
J4125721;157221.5775;6790170.723;1;1;1;1;1;1;1;1;1;NA;1;1;NA;1;1;1;1;1;1;1;1;1;1;1;NA;NA;NA
J4201921;195664.22;6801883.207;1;1;1;1;1;1;1;1;1;NA;1;1;NA;1;1;1;1;1;1;1;1;1;1;1;NA;NA;NA
J4300001;171206.3291;6804693.762;1;1;1;1;1;1;1;1;1;NA;1;1;NA;1;1;1;1;1;1;1;1;1;1;1;NA;NA;NA
J4600001;193207.0081;6795908.175;1;1;1;1;1;1;1;1;1;NA;1;1;NA;1;1;1;1;1;1;1;1;1;1;1;NA;NA;NA
J4700001;223097.4616;6802103.347;1;1;NA;1;1;1;1;1;1;1;1;1;1;1;1;1;1;1;1;1;1;1;1;1;1;NA;NA
J4712011;218578.1228;6802416.17;1;1;NA;1;1;1;1;1;1;1;1;1;1;1;1;1;1;1;1;1;1;1;1;1;1;NA;NA
J4734011;211308.8541;6804226.378;1;1;NA;1;1;1;1;0;1;0;1;0;1;0;0;1;1;1;1;1;1;1;0;0;0;NA;NA
J4734012;207406.4616;6800865.085;1;1;NA;1;1;1;1;1;1;1;1;1;1;1;1;1;1;1;1;1;1;1;1;1;1;NA;NA
J4803011;199029.8828;6797358.536;1;1;1;1;1;1;1;1;1;NA;1;1;NA;1;1;1;1;1;1;1;1;1;1;1;NA;NA;NA
J5000001;235898.4197;6785485.353;1;1;NA;1;1;1;1;1;1;1;1;1;1;1;1;1;1;1;1;1;1;1;1;1;1;NA;NA
J5310001;234420.9169;6812562.26;1;1;1;1;1;1;1;1;1;1;1;1;1;1;1;1;1;1;1;1;1;1;1;1;1;NA;NA
J5402121;246864.9844;6811371.773;1;1;1;1;1;1;1;1;1;1;1;1;1;1;1;1;1;1;1;1;1;1;1;1;1;NA;NA
J5412121;253322.3147;6802694.658;1;1;NA;1;1;1;1;1;1;1;1;1;1;1;1;1;1;1;1;1;1;1;1;1;0;NA;NA
J5432111;252903.5394;6796751.722;1;1;NA;1;1;1;1;1;1;0;1;1;1;1;1;1;1;1;1;1;1;1;1;1;1;NA;NA
J5524011;242843.6772;6790465.902;1;1;NA;1;1;1;1;1;1;1;1;1;1;1;1;1;1;1;1;1;1;1;1;1;1;NA;NA
J5606811;268669.5609;6784274.24;1;1;NA;1;1;1;1;1;1;0;1;1;1;1;1;1;1;1;1;1;1;1;1;0;0;NA;NA
J5618321;263225.4539;6779014.717;1;1;NA;1;1;1;1;1;0;0;1;1;1;1;1;1;1;1;1;1;1;1;1;0;0;NA;NA
J5618322;262816.0482;6777564.958;1;1;NA;1;1;1;1;1;1;1;1;1;1;1;1;1;1;1;1;1;1;1;1;1;0;NA;NA
J5620001;253150.4751;6768037.022;1;1;NA;1;1;1;1;1;1;1;1;1;1;1;1;1;1;1;1;1;1;1;1;1;1;NA;NA
J5712111;233288.3009;6771341.017;1;1;NA;1;1;1;1;1;1;1;1;1;1;1;1;1;1;1;1;1;1;1;1;1;1;NA;NA
J6010001;237872.1259;6763970.069;1;1;NA;1;1;1;1;1;1;1;1;1;1;1;1;1;1;1;1;1;1;1;1;1;1;NA;NA
J6020001;247011.3553;6764339.878;1;1;NA;1;1;1;1;1;1;1;1;1;1;1;1;1;1;1;1;1;1;1;1;1;1;NA;NA
J6030001;242608.8678;6748583.972;1;1;NA;1;1;1;1;1;0;0;1;1;1;1;1;1;1;1;1;1;1;1;0;0;1;NA;NA
J6407121;267323.8122;6751077.391;1;1;NA;0;1;1;1;1;1;0;1;0;1;1;0;1;1;1;1;0;1;0;0;0;0;NA;NA
J6407122;272371.0522;6751552.359;1;1;NA;1;1;1;1;1;1;1;1;1;1;1;1;1;1;1;1;1;1;1;1;1;1;NA;NA
J6510001;283032.0391;6735998.232;1;1;1;1;1;1;1;1;0;1;1;1;1;1;1;1;1;1;1;1;1;1;1;0;0;NA;NA
J6606811;290899.5341;6736190.274;1;1;NA;1;1;1;1;1;1;1;1;1;1;1;1;1;1;1;1;1;1;1;1;1;0;NA;NA
J7024041;396440.634;6787648.204;1;1;1;1;1;1;1;1;0;0;1;1;1;1;1;1;1;0;1;1;1;1;1;0;0;NA;NA
J7043011;386612.9685;6794336.899;1;1;1;1;1;1;1;1;1;1;1;1;1;1;1;1;1;1;1;1;1;1;1;1;1;NA;NA
J7054011;391448.5192;6796793.649;1;1;1;1;1;1;1;1;1;1;1;1;1;1;1;1;1;1;1;1;1;1;1;1;0;NA;NA
J7070001;376361.5716;6795236.402;1;1;1;1;1;1;1;1;1;1;1;1;1;1;1;1;1;1;1;1;1;1;1;1;1;NA;NA
J7114011;357920.6629;6797646.668;1;1;1;0;1;1;1;1;0;0;1;1;1;1;0;1;1;0;1;0;1;1;1;0;0;NA;NA
J7214011;344748.6211;6804008.26;1;1;1;1;1;1;1;1;1;1;1;1;1;1;1;1;1;1;1;1;1;1;1;1;1;NA;NA
J7300001;307501.7825;6802467.088;1;1;1;1;0;1;1;1;0;0;1;1;1;1;0;1;1;1;1;0;1;1;1;0;0;NA;NA
J7300002;310508.0887;6794498.606;1;1;1;1;1;1;1;1;1;0;1;1;1;1;1;1;1;1;1;1;1;1;1;1;0;NA;NA
J7330001;325500.2869;6791883.411;1;1;1;0;0;1;1;0;0;0;1;0;0;0;0;1;0;0;0;0;1;1;1;0;0;NA;NA
J7364221;334418.8461;6784609.657;1;1;1;1;1;1;1;1;0;0;1;1;0;1;0;1;1;0;0;1;1;1;1;0;0;NA;NA
J7373110;338944.7739;6793944.983;1;1;1;1;1;1;1;1;1;1;1;1;1;1;1;1;1;1;1;1;1;1;1;1;1;NA;NA
J7380001;341705.9306;6794352.807;1;1;1;1;1;1;1;1;1;1;1;1;1;1;1;1;1;1;1;1;1;1;1;1;1;NA;NA
J7410001;391214.8355;6771469.093;1;1;1;1;1;1;1;1;1;1;1;1;1;1;1;1;1;1;1;1;1;1;1;1;1;NA;NA
J7430001;381069.7698;6776270.758;1;1;1;1;1;1;1;1;1;1;1;1;1;1;1;1;1;1;1;1;1;1;1;1;1;NA;NA
J7500611;347397.9459;6768464.455;1;1;1;0;1;1;1;0;0;0;1;1;1;1;1;1;1;0;1;1;1;1;1;1;0;NA;NA
J7513011;323884.6159;6775804.119;1;1;1;1;1;1;1;0;1;0;1;1;1;1;0;1;1;0;1;1;1;1;1;0;0;NA;NA
J7600001;382298.3582;6753860.946;1;1;1;0;1;1;1;1;0;0;1;1;1;1;1;1;1;0;1;1;1;1;1;0;0;NA;NA
J7610001;374212.0648;6750953.577;1;1;1;1;1;1;1;1;1;NA;NA;1;1;1;1;1;1;1;1;1;1;1;1;1;1;NA;1
J7620001;365225.0417;6762422.866;1;1;1;0;1;1;1;1;1;1;1;1;1;1;1;1;1;1;1;1;1;1;1;0;1;NA;NA
J7700611;338639.9262;6759854.216;1;1;1;1;1;1;1;1;0;0;1;1;1;1;1;1;1;1;1;1;1;1;1;0;0;NA;NA
J7720001;336377.6855;6749089.562;1;1;1;1;1;1;1;1;1;1;1;1;1;1;1;1;1;1;1;1;1;1;1;1;1;NA;NA
J7803021;378202.5762;6745579.426;1;1;1;1;1;1;1;1;1;NA;NA;1;1;1;0;1;1;1;1;1;1;1;1;0;0;NA;1
J7824011;353995.9915;6751485.503;1;1;1;1;1;1;1;1;1;1;1;1;1;1;1;1;1;1;1;1;1;1;1;1;1;NA;NA
J7910001;386375.3421;6737648.701;1;1;1;0;0;1;1;1;1;NA;NA;1;1;1;1;1;1;1;1;1;1;1;1;0;0;NA;0
J7940001;355537.9855;6736878.012;1;1;1;0;1;1;1;0;0;NA;NA;1;0;1;1;1;1;0;0;1;1;1;0;0;0;NA;1
J7953011;355998.2389;6730298.217;1;1;1;1;1;1;1;1;1;NA;NA;1;1;1;1;1;1;1;1;1;1;1;1;0;1;NA;1
J8002321;262191.8231;6812405.438;1;1;1;1;1;1;1;1;1;1;1;1;1;1;1;1;1;1;1;1;1;1;1;0;0;NA;NA
J8030001;274752.8706;6800870.782;1;1;1;1;1;1;1;1;1;1;1;1;1;1;1;1;1;1;1;1;1;1;1;0;0;NA;NA
J8100001;271777.4556;6821167.452;1;1;1;1;1;1;1;1;1;1;1;1;1;1;1;1;1;1;1;1;1;1;1;1;1;NA;NA
J8133011;279880.7894;6804241.484;1;1;1;1;1;1;1;1;1;1;1;1;1;1;1;1;1;1;1;1;1;1;1;1;1;NA;NA
J8202341;285354.5816;6777571.163;1;1;NA;1;1;1;1;1;1;1;1;1;1;1;1;1;1;1;1;1;1;1;1;1;0;NA;NA
J8202342;276116.1247;6781335.828;1;1;NA;1;1;1;1;1;0;0;1;1;1;1;0;1;1;1;0;1;1;1;1;0;0;NA;NA
J8300001;288393.7625;6801157.13;1;1;1;1;1;1;1;1;1;1;1;1;1;1;1;1;1;1;1;1;1;1;1;1;1;NA;NA
J8310001;285939.3303;6784940.182;1;1;1;1;1;1;1;1;0;0;1;1;1;1;0;1;1;1;0;0;1;1;0;0;0;NA;NA
J8320001;292830.9584;6776410.66;1;1;NA;1;1;1;1;1;0;0;1;1;1;1;1;1;1;1;1;1;1;1;1;0;0;NA;NA
J8340001;295954.3056;6803882.747;1;1;1;1;0;1;1;1;0;0;1;1;1;1;1;1;1;1;1;0;1;1;1;0;0;NA;NA
J8340002;303898.5222;6789247.426;1;1;NA;1;1;1;1;1;1;0;1;1;1;1;1;1;1;1;1;1;1;1;1;1;0;NA;NA
J8410001;303353.1659;6761013.622;1;1;NA;1;1;1;1;1;1;1;1;1;1;1;1;1;1;1;1;1;1;1;1;1;1;NA;NA
J8443011;294821.0209;6756550.113;1;1;NA;1;1;1;1;1;1;0;1;1;1;1;1;1;1;1;1;1;1;1;1;1;0;NA;NA
J8602411;310075.7678;6778823.581;1;1;NA;0;1;1;1;0;0;0;1;0;0;1;0;1;0;0;0;0;1;1;0;0;0;NA;NA
J8610001;321671.3026;6770532.131;1;1;1;1;1;1;1;1;1;1;1;1;1;1;1;1;1;1;1;1;1;1;1;1;1;NA;NA
J8620001;317373.0266;6766943.465;1;1;NA;1;1;1;1;1;1;1;1;1;1;1;1;1;1;1;1;1;1;1;1;0;1;NA;NA
J8640001;328171.5429;6769888.946;1;1;1;1;1;1;1;1;1;0;1;1;1;1;1;1;1;1;1;0;1;1;1;0;0;NA;NA
J8710001;316399.6141;6754753.413;1;1;NA;1;1;1;1;1;1;1;1;1;1;1;1;1;1;1;1;1;1;1;1;1;1;NA;NA
J8813011;276183.6009;6757057.267;1;1;NA;1;1;1;1;1;0;0;1;1;1;1;1;1;1;1;1;1;1;1;1;0;0;NA;NA
J8823011;301160.8066;6749085.649;1;1;NA;1;1;1;1;1;1;1;1;1;1;1;1;1;1;1;1;1;1;1;1;1;1;NA;NA
J9202511;337283.6316;6714215.753;1;1;1;1;1;1;1;1;1;NA;NA;1;1;1;1;1;1;1;1;1;1;1;1;1;1;NA;1
J9210001;333811.4318;6726881.873;1;1;1;0;1;1;1;1;0;NA;NA;1;0;1;0;1;1;0;0;1;1;1;0;0;0;NA;1
J9310001;304096.3447;6737801.878;1;1;NA;1;1;1;1;1;1;1;1;1;1;1;1;1;1;1;1;1;1;1;1;1;1;NA;NA
J9320001;298327.8716;6727453.116;1;1;NA;1;1;1;1;1;1;1;1;1;1;1;1;1;1;1;1;1;1;1;1;1;0;NA;NA
J9400001;290586.8089;6712274.005;1;1;1;0;0;1;1;1;0;NA;NA;1;1;1;0;1;1;1;1;1;1;1;0;0;0;NA;1
K0018721;786622.0231;6406900.091;1;1;1;1;1;1;1;1;1;1;1;1;1;1;1;1;1;1;1;1;1;1;1;1;1;NA;NA
K0018722;789101;6409644;1;1;1;1;1;1;1;1;1;1;1;1;1;1;1;1;1;0;0;1;1;1;1;1;1;NA;NA
K0030021;779187.2;6410673.5;1;1;1;1;1;1;1;1;1;1;1;1;1;1;1;1;1;1;1;1;1;1;1;1;1;NA;NA
K0100021;775579.0321;6421643.355;1;1;1;1;1;1;1;1;1;1;1;1;1;1;1;1;1;1;1;1;1;1;1;1;1;NA;NA
K0134011;783546.3674;6429982.66;1;1;1;1;1;1;1;1;1;1;1;1;1;1;1;1;1;1;1;1;1;1;1;1;1;NA;NA
K0214011;783789.5;6433217;1;1;1;1;1;1;1;1;1;1;1;1;1;1;1;1;1;1;1;1;1;1;1;1;1;NA;NA
K0230001;758788.3994;6454707.561;1;1;1;1;1;1;1;1;1;1;1;1;1;1;1;1;1;1;1;1;1;1;1;1;1;NA;NA
K0248811;762207.5544;6450391.193;1;1;1;1;1;1;1;1;1;1;1;1;1;1;1;1;1;1;1;1;1;1;1;1;1;NA;NA
K0258011;763174.41;6434882.473;1;1;1;1;1;1;1;1;1;1;1;1;1;1;1;1;1;1;1;1;1;1;1;1;1;NA;NA
K0300001;777874.007;6448100.398;1;1;1;1;1;1;1;1;1;1;1;1;1;1;1;1;1;1;1;1;1;1;1;1;1;NA;NA
K0333011;764243.2812;6459998.553;1;1;1;1;1;1;1;1;1;1;1;1;1;1;1;1;1;1;1;1;1;1;1;1;1;NA;NA
K0333012;769631.5;6456044;1;1;1;1;1;1;1;1;1;1;1;1;1;1;1;1;1;1;1;1;1;1;1;1;1;NA;NA
K0403031;797817.7681;6440730.603;1;1;1;1;1;1;1;1;1;1;1;1;1;1;1;1;1;1;1;1;1;1;1;1;1;NA;NA
K0410311;798643.0963;6448632.843;1;1;1;1;1;1;1;1;1;1;1;1;1;1;1;1;1;1;1;1;1;1;1;1;1;NA;NA
K0440001;791049.1444;6452117.241;1;1;1;1;1;1;1;1;1;1;1;1;1;1;1;1;1;1;1;1;1;1;1;1;1;NA;NA
K0454021;805784.8181;6459333.722;1;1;1;1;1;1;1;1;1;1;1;1;1;1;1;1;1;1;1;1;1;1;1;1;1;NA;NA
K0513011;769943.4068;6493796.247;NA;1;1;1;1;1;1;1;1;1;1;1;1;1;1;1;1;1;1;1;1;1;1;1;1;NA;NA
K0513012;769634.4219;6494914.108;NA;1;1;1;1;1;1;1;1;1;1;1;1;1;1;1;1;1;1;1;1;1;1;1;1;NA;NA
K0543011;777032.6;6485095.5;1;1;1;1;1;1;1;1;1;1;1;1;1;1;1;1;1;1;1;1;1;1;1;1;1;NA;NA
K0550011;787686;6470482;1;1;1;1;1;1;1;1;0;0;1;0;1;1;1;1;1;1;1;1;1;1;1;1;1;NA;NA
K0568311;793342.7;6469990.5;1;1;1;1;1;1;1;1;0;0;1;0;1;1;1;1;1;0;1;1;1;1;1;1;1;NA;NA
K0568312;800480.1444;6465360.17;1;1;1;1;1;1;1;1;1;1;1;1;1;1;1;1;1;1;1;1;1;1;1;1;1;NA;NA
K0624511;785346.4;6484056;1;1;1;1;1;1;1;1;1;1;1;1;1;1;1;1;1;1;1;1;1;1;1;0;1;NA;NA
K0650001;782838.8;6496436;1;1;1;1;1;1;1;1;1;1;1;1;1;1;1;1;1;1;1;1;1;1;1;1;1;NA;NA
K0650002;785333.7;6495505.5;1;1;1;1;1;1;1;1;1;1;1;1;1;1;1;1;1;1;1;1;1;1;1;1;1;NA;NA
K0663311;821399.6605;6502328.33;1;1;1;1;1;1;1;1;1;1;1;1;1;1;1;1;1;1;1;1;1;1;1;1;1;NA;NA
K0663312;819885.6256;6507058.32;1;1;1;1;1;1;1;1;1;1;1;1;1;1;1;1;1;1;1;1;1;1;1;1;1;NA;NA
K0673311;803396.7;6499483.5;1;1;1;1;1;1;1;1;1;1;1;1;1;1;1;1;1;1;1;1;1;1;1;1;1;NA;NA
K0673312;801585.5;6497980;1;1;1;1;1;1;1;1;0;1;1;1;1;1;1;1;1;1;0;1;1;1;1;1;1;NA;NA
K0673313;808781.6;6500606.5;1;1;1;1;1;1;1;1;0;1;1;1;1;1;1;1;1;0;0;1;1;1;1;0;1;NA;NA
K0704511;794123.7;6510532.5;1;1;1;1;1;1;1;1;1;1;1;1;1;1;1;1;1;0;1;1;1;1;1;1;1;NA;NA
K0714010;800127.8;6516326.5;1;1;1;1;1;1;1;1;1;1;1;1;1;1;1;1;1;1;1;1;1;1;1;1;1;NA;NA
K0714511;802193.7;6521339.5;1;1;1;1;1;1;1;1;1;1;1;1;1;1;1;1;1;0;1;1;1;1;1;1;1;NA;NA
K0733221;771722.5;6519860;1;1;1;1;1;1;1;1;1;1;1;1;1;1;1;1;1;1;1;1;1;1;1;1;1;NA;NA
K0744011;782832.6;6513361.5;1;1;1;0;0;1;1;1;1;1;1;0;1;1;1;1;1;0;0;0;1;1;0;0;0;NA;NA
K0763311;780217.3;6507758.5;1;1;1;1;1;1;1;1;1;1;1;1;1;1;1;1;1;0;0;1;1;1;1;0;0;NA;NA
K0790011;797687.3;6530120.5;1;1;1;1;1;1;1;1;1;1;1;1;1;1;1;1;1;0;1;1;1;1;1;1;1;NA;NA
K0800001;763921.8979;6535929.72;1;1;1;1;1;1;1;1;1;1;1;1;1;1;1;1;1;1;1;1;1;1;1;1;1;NA;NA
K0800002;764890.1;6533006.5;1;1;1;1;1;1;1;1;1;1;1;1;1;1;1;1;1;1;1;1;1;1;1;1;1;NA;NA
K0813021;770872.6;6530967.5;1;1;1;1;1;1;1;1;1;1;1;0;1;1;1;1;1;0;0;1;1;1;0;0;0;NA;NA
K0820001;770756.9;6540875;1;1;1;1;1;1;1;1;1;1;1;1;1;1;1;1;1;1;1;1;1;1;1;1;1;NA;NA
K0820002;770464.3491;6540922.902;1;1;1;1;1;1;1;1;1;1;1;1;1;1;1;1;1;1;1;1;1;1;1;1;1;NA;NA
K0830001;782971.9;6525060;1;1;1;1;1;1;1;1;1;1;1;0;1;1;1;1;1;0;0;1;1;1;0;0;0;NA;NA
K0924011;772296.5364;6545623.751;1;1;1;1;1;1;1;1;1;1;1;1;1;1;1;1;1;0;1;1;1;1;1;0;1;NA;NA
K0943031;804747.2555;6539241.122;1;1;1;1;1;1;1;1;1;1;1;1;1;1;1;1;1;1;1;1;1;1;1;1;1;NA;NA
K0943032;805314.2603;6546307.795;1;1;1;1;1;1;1;1;1;1;1;1;1;1;1;1;1;0;1;1;1;1;1;1;1;NA;NA
K0950001;801203.3;6554674.5;1;1;1;1;1;1;1;1;1;1;1;1;1;1;1;1;1;1;1;1;1;1;1;1;1;NA;NA
K0974011;799737.3;6532091;1;1;1;1;1;1;1;1;1;1;1;1;1;1;1;1;1;0;1;1;1;1;1;1;1;NA;NA
K1010001;789611.4;6555637;1;1;1;1;1;1;1;1;1;1;1;1;1;1;1;1;1;0;1;1;1;1;1;1;1;NA;NA
K1050001;798820.2226;6564954.633;1;1;1;1;1;1;1;1;1;1;1;1;1;1;1;1;1;1;1;1;1;1;1;1;1;NA;NA
K1063011;795981.5927;6561956.105;1;1;1;1;1;1;1;1;1;1;1;1;1;1;1;1;1;0;1;1;1;1;1;1;1;NA;NA
K1084020;780355.1103;6561688.593;1;1;1;1;1;1;1;1;1;1;1;1;1;1;1;1;1;1;1;1;1;1;1;1;1;NA;NA
K1110001;768778.3031;6573268.96;1;1;1;1;1;1;1;1;1;1;1;1;1;1;1;1;1;0;1;1;1;1;1;1;1;NA;NA
K1110002;772673.6;6576578.5;1;1;1;1;1;1;1;1;1;1;1;1;1;1;1;1;1;1;1;1;1;1;1;1;1;NA;NA
K1130001;810136.8615;6609592.15;1;1;1;1;1;1;1;1;1;1;1;1;1;1;1;1;1;1;1;1;1;1;1;1;1;NA;NA
K1150001;805028.6931;6587110.829;1;1;1;1;1;1;1;1;1;1;1;1;1;1;1;1;1;1;1;1;1;1;1;1;1;NA;NA
K1200001;812844.7145;6678151.671;1;1;1;1;1;1;1;1;1;1;1;0;1;1;1;1;1;0;1;1;1;1;1;1;1;NA;NA
K1211810;805748.6735;6668139.983;1;1;1;1;1;1;1;1;1;1;1;1;1;1;1;1;1;1;1;1;1;1;1;1;1;NA;NA
K1211811;802727.7496;6662462;1;1;1;0;0;1;1;1;0;1;1;0;1;1;1;1;1;0;0;1;1;1;1;0;0;NA;NA
K1220001;804227.1;6661627;1;1;1;1;1;1;1;1;1;1;1;1;1;1;1;1;1;0;1;1;1;1;1;1;1;NA;NA
K1230001;816361.8;6653300;1;1;1;1;1;1;1;1;1;1;1;1;1;1;1;1;1;1;1;1;1;1;1;1;1;NA;NA
K1273111;793308.4;6667250.5;1;1;1;1;1;1;1;1;1;1;1;1;1;1;1;1;1;0;1;1;1;1;1;1;1;NA;NA
K1273112;792639.556;6661257.052;1;1;1;1;0;1;1;1;1;1;1;0;1;1;1;1;1;0;1;1;1;1;1;1;1;NA;NA
K1294511;786280.5093;6654269.939;1;1;1;1;1;1;1;1;1;1;1;1;1;1;1;1;1;1;1;1;1;1;1;1;1;NA;NA
K1314011;795508.882;6638740.232;1;1;1;1;1;1;1;1;1;1;1;1;1;1;1;1;1;1;1;1;1;1;1;1;1;NA;NA
K1314012;804658.6;6636028;1;1;1;1;1;1;1;1;1;1;1;1;1;1;1;1;1;0;1;1;1;1;1;1;1;NA;NA
K1330001;787070.9418;6622350.463;1;1;1;1;1;1;1;1;1;1;1;1;1;1;1;1;1;1;1;1;1;1;1;1;1;NA;NA
K1353011;808093.5608;6618005.281;1;1;1;1;1;1;1;1;1;1;1;1;1;1;1;1;1;0;1;1;1;1;1;1;1;NA;NA
K1370001;798301.8;6621733.5;1;1;1;1;1;1;1;1;1;1;1;1;1;1;1;1;1;1;1;1;1;1;1;1;1;NA;NA
K1370002;789640.8918;6615122.861;1;1;1;1;1;1;1;1;1;1;1;1;1;1;1;1;1;1;1;1;1;1;1;1;1;NA;NA
K1414011;771603.3533;6580713.814;1;1;1;1;1;1;1;1;1;1;1;1;1;1;1;1;1;1;1;1;1;1;1;1;1;NA;NA
K1440011;758331.1812;6602554.503;1;1;1;1;1;1;1;1;1;1;1;1;1;1;1;1;1;1;1;1;1;1;1;1;1;NA;NA
K1440012;761248.9;6603788;1;1;1;0;0;1;1;1;1;1;1;0;1;1;1;1;1;0;0;1;1;1;1;1;0;NA;NA
K1460001;756332.6739;6594836.645;1;1;1;1;1;1;1;1;1;1;1;1;1;1;1;1;1;1;1;1;1;1;1;1;1;NA;NA
K1500001;757693.1194;6546212.746;1;1;1;1;1;1;1;1;1;1;1;1;1;1;1;1;1;1;1;1;1;1;1;1;1;NA;NA
K1540001;751859.1981;6580571.941;1;1;1;1;1;1;1;1;1;1;1;1;1;1;1;1;1;0;1;1;1;1;1;1;0;NA;NA
K1540002;747114.4;6577709.5;1;1;1;1;1;1;1;1;1;1;1;1;1;1;1;1;1;1;1;1;1;1;1;1;1;NA;NA
K1633011;772011.1;6616836;1;1;1;1;1;1;1;1;1;1;1;1;1;1;1;1;1;1;1;1;1;1;1;1;1;NA;NA
K1660001;748790.8;6627000;NA;NA;NA;1;1;1;1;1;1;1;1;1;1;1;1;1;1;1;1;1;1;1;1;1;1;NA;NA
K1660002;748594.0584;6628302.217;NA;NA;NA;0;1;1;1;1;1;1;1;0;0;1;1;1;1;1;0;0;1;1;1;0;1;NA;NA
K1660003;755936.3482;6622324.947;1;1;1;1;1;1;1;1;1;1;1;1;1;1;1;1;1;1;1;1;1;1;1;1;1;NA;NA
K1724211;756044.4907;6671543.894;NA;NA;NA;1;1;1;1;1;1;1;1;1;1;1;1;1;1;1;1;1;1;1;1;1;1;NA;NA
K1724212;760983.8285;6666648.312;NA;NA;NA;1;1;1;1;1;1;1;1;1;1;1;1;1;1;0;1;1;1;1;1;1;1;NA;NA
K1730001;774844.5367;6649750.886;NA;NA;NA;1;1;1;1;1;1;1;1;1;1;1;1;1;1;1;1;1;1;1;1;1;1;NA;NA
K1740001;776944.8;6647135.5;NA;NA;NA;1;1;1;1;1;1;1;1;1;1;1;1;1;1;1;1;1;1;1;1;1;1;NA;NA
K1753111;766092.5868;6639827.986;NA;NA;NA;1;0;1;1;1;0;1;1;0;1;1;1;1;1;0;0;1;1;1;1;0;0;NA;NA
K1764011;742030.3;6657578.5;NA;NA;NA;1;1;1;1;1;1;1;1;1;1;1;1;1;1;1;1;1;1;1;1;1;1;NA;NA
K1775511;734365.9555;6656977.355;NA;NA;NA;1;0;1;1;1;0;1;1;1;1;1;1;1;1;1;1;0;1;1;1;1;0;NA;NA
K1775512;753696.3671;6632620.492;NA;NA;NA;0;0;1;1;1;0;0;1;0;1;1;1;1;1;1;0;0;1;1;1;0;0;NA;NA
K1800001;741337.1582;6600458.809;1;1;1;1;1;1;1;1;1;1;1;1;1;1;1;1;1;1;1;1;1;1;1;1;1;NA;NA
K1840001;731422.6614;6619214.148;1;1;1;1;1;1;1;1;1;1;1;1;1;1;1;1;1;1;1;1;1;1;1;1;1;NA;NA
K1914511;732285.7163;6662482.558;NA;NA;NA;1;1;1;1;1;0;1;1;1;1;1;1;1;1;1;1;1;1;1;1;1;1;NA;NA
K1920001;717923.9;6631608;NA;NA;NA;1;0;1;1;1;0;1;1;1;1;1;1;1;1;1;1;1;1;1;1;1;1;NA;NA
K1943011;721131.3;6684780;NA;NA;NA;1;1;1;1;1;1;1;1;1;1;1;1;1;1;1;1;1;1;1;1;1;1;NA;NA
K1954011;729790.4;6672441;NA;NA;NA;1;1;1;1;1;1;1;1;1;1;1;1;1;1;1;1;1;1;1;1;1;1;NA;NA
K2000001;767489.2;6385300.5;1;1;1;1;1;1;1;1;1;1;1;0;1;1;1;1;1;1;1;1;1;1;1;1;1;NA;NA
K2080821;764920.1444;6411813.18;1;1;1;1;1;1;1;1;1;1;1;1;1;1;1;1;1;1;1;1;1;1;1;1;1;NA;NA
K2110001;753544.2143;6390075.039;1;1;1;1;1;1;1;1;1;0;1;1;1;1;1;1;1;1;1;1;1;1;1;0;1;NA;NA
K2134011;758181.9025;6394566.234;1;1;1;1;1;1;1;1;1;1;1;1;1;1;1;1;1;0;1;1;1;1;1;0;1;NA;NA
K2150001;750195.8025;6406902.528;1;1;1;1;1;1;1;1;1;1;1;1;1;1;1;1;1;1;1;1;1;1;1;1;1;NA;NA
K2226011;742152.9;6418992.5;1;1;1;1;1;1;1;1;1;1;1;1;1;1;1;1;1;1;1;1;1;1;1;1;1;NA;NA
K2234031;740341.6506;6421233.337;1;1;1;1;1;1;1;1;1;1;1;1;1;1;1;1;1;1;1;1;1;1;1;1;1;NA;NA
K2240821;746953.6;6429660;1;1;1;1;1;1;1;1;1;1;1;1;1;1;1;1;1;1;1;1;1;1;1;1;1;NA;NA
K2254011;736956.2;6427443.5;1;1;1;1;1;1;1;1;1;1;1;1;1;1;1;1;1;1;1;1;1;1;1;0;1;NA;NA
K2254012;742527.3;6434457;1;1;1;1;1;1;1;1;1;1;1;1;1;1;1;1;1;1;1;1;1;1;1;1;1;NA;NA
K2283111;737636.7324;6434645.958;1;1;1;1;1;1;1;1;1;0;1;1;1;1;1;1;1;0;0;0;1;1;1;0;1;NA;NA
K2300811;740401.4;6450762.5;1;1;1;1;1;1;1;1;1;1;1;1;1;1;1;1;1;1;1;1;1;1;1;1;1;NA;NA
K2316211;736493.2;6448779.5;1;1;1;1;1;1;1;1;1;1;1;1;1;1;1;1;1;1;1;1;1;1;1;1;1;NA;NA
K2320001;729804.9;6454753;1;1;1;1;1;1;1;1;1;1;1;1;1;1;1;1;1;1;1;1;1;1;1;1;1;NA;NA
K2335511;731386.7964;6462513.622;1;1;1;1;1;1;1;1;1;1;1;1;1;1;1;1;1;1;1;1;1;1;1;1;1;NA;NA
K2350001;751373.4;6461754.5;1;1;1;1;1;1;1;1;1;1;1;1;1;1;1;1;1;1;1;1;1;1;1;1;1;NA;NA
K2365511;741011.2934;6459489.518;1;1;1;1;1;1;1;1;1;1;1;1;1;1;1;1;1;1;1;1;1;1;1;1;1;NA;NA
K2424011;727183.7;6468373.5;1;1;1;1;1;1;1;1;1;1;1;1;1;1;1;1;1;1;1;1;1;1;1;0;1;NA;NA
K2430811;729388.6;6477227;1;1;1;1;1;1;1;1;1;1;1;1;1;1;1;1;1;1;1;1;1;1;1;1;1;NA;NA
K2534011;713804.2865;6459557.964;1;1;1;1;1;1;1;NA;NA;1;1;1;1;1;1;1;1;1;1;1;1;1;1;0;0;1;NA
K2544011;716360;6459200.5;1;1;1;1;1;1;1;NA;NA;1;1;1;1;1;1;1;1;1;1;1;1;1;1;0;0;1;NA
K2584511;704690.8654;6470160.433;NA;1;1;0;1;1;1;1;1;1;1;1;1;1;1;1;1;1;1;1;1;1;1;1;0;NA;NA
K2593011;716632.8;6473402;1;1;1;1;1;1;1;1;1;1;1;1;1;1;1;1;1;0;1;1;1;1;1;0;0;NA;NA
K2623031;716247.9;6487588.5;NA;1;1;1;1;1;1;1;1;1;1;1;1;1;1;1;1;1;1;1;1;1;1;1;1;NA;NA
K2623032;709041.138;6486516.401;NA;1;1;0;1;1;1;1;1;1;1;1;1;1;1;1;1;1;1;1;1;1;1;0;0;NA;NA
K2630311;725124.9;6490526;NA;1;1;1;1;1;1;1;1;1;1;1;1;1;1;1;1;1;1;1;1;1;1;1;1;NA;NA
K2644011;731665.2929;6500187.311;NA;1;1;1;1;1;1;1;1;1;1;1;1;1;1;1;1;1;1;1;1;1;1;1;1;NA;NA
K2674041;695790.7952;6499486.368;NA;1;1;1;1;1;1;1;1;1;1;1;1;1;1;1;1;1;1;1;1;1;1;1;1;NA;NA
K2680821;722153.4;6504828.5;NA;1;1;1;1;1;1;1;1;1;1;1;1;1;1;1;1;1;1;1;1;1;1;1;1;NA;NA
K2698211;706630.3184;6504974.479;NA;1;1;1;0;1;1;1;1;1;1;1;1;1;1;1;1;1;1;1;1;1;1;1;1;NA;NA
K2714011;726024.7;6511879.5;NA;1;1;1;1;1;1;1;1;1;1;1;1;1;1;1;1;1;1;1;1;1;1;1;1;NA;NA
K2724221;703147.5285;6515811.855;NA;1;1;1;1;1;1;1;1;1;1;1;1;1;1;1;1;1;1;1;1;1;1;1;1;NA;NA
K2740001;729194.2206;6532750.869;NA;1;1;1;1;1;1;1;1;1;1;1;1;1;1;1;1;1;1;1;1;1;1;1;1;NA;NA
K2758621;722170.4497;6534760.96;NA;1;1;1;1;1;1;1;1;1;1;1;1;1;1;1;1;1;1;1;1;1;1;1;1;NA;NA
K2767011;703865.4437;6523190.928;NA;1;1;1;1;1;1;1;1;1;1;1;1;1;1;1;1;1;1;1;1;1;1;1;1;NA;NA
K2800001;749913.4594;6474625.719;NA;1;1;1;1;1;1;1;1;1;1;1;1;1;1;1;1;1;1;1;1;1;1;1;1;NA;NA
K2810001;759271.4509;6473332.886;NA;1;1;1;1;1;1;1;1;1;1;1;1;1;1;1;1;1;1;1;1;1;1;1;0;NA;NA
K2834011;746713.2;6491422.5;NA;1;1;1;1;1;1;1;1;1;1;1;1;1;1;1;1;1;1;1;1;1;1;1;1;NA;NA
K2840001;763667.7508;6484187.92;NA;1;1;1;1;1;1;1;1;1;1;1;1;1;1;1;1;1;1;1;1;1;1;1;0;NA;NA
K2860001;761296.6902;6505674.187;NA;1;1;1;1;1;1;1;1;1;1;1;1;1;1;1;1;1;1;1;1;1;1;1;1;NA;NA
K2920001;737322.1885;6507264.951;NA;1;1;1;1;1;1;1;1;1;1;1;1;1;1;1;1;1;1;1;1;1;1;1;1;NA;NA
K2930001;741536.1649;6516689.614;NA;1;1;1;1;1;1;1;1;1;1;0;1;1;1;1;1;0;0;1;1;1;1;0;0;NA;NA
K2960001;755699.0023;6524659.387;NA;1;1;1;1;1;1;1;1;1;1;1;1;1;1;1;1;1;1;1;1;1;1;1;1;NA;NA
K2994011;743617.3187;6543436.22;NA;1;1;1;1;1;1;1;1;1;1;1;1;1;1;1;1;1;1;1;1;1;1;1;1;NA;NA
K2994012;751069.4477;6536379.878;NA;1;1;1;1;1;1;1;1;1;1;1;1;1;1;1;1;1;1;1;1;1;1;1;1;NA;NA
K3010001;723743.9;6548792;NA;1;1;1;1;1;1;1;1;1;1;1;1;1;1;1;1;1;1;1;1;1;1;1;1;NA;NA
K3010002;714299.5086;6547673.366;NA;1;1;1;1;1;1;1;1;1;1;1;1;1;1;1;1;1;1;1;1;1;1;1;1;NA;NA
K3030811;740103.7;6551539.567;1;1;1;1;0;1;1;1;1;1;1;1;1;1;1;1;1;1;1;1;1;1;1;0;1;NA;NA
K3074011;749018.7589;6555472.687;1;1;1;1;1;1;1;1;1;1;1;1;1;1;1;1;1;1;1;1;1;1;1;1;1;NA;NA
K3090001;730603.8195;6558510.841;1;1;1;1;1;1;1;1;1;1;1;1;1;1;1;1;1;1;1;1;1;1;1;1;1;NA;NA
K3130001;737192.8325;6572848.843;1;1;1;1;1;1;1;1;1;1;1;1;1;1;1;1;1;1;1;1;1;1;1;1;1;NA;NA
K3140001;719293.1083;6556264.965;1;1;1;1;1;1;1;1;1;1;1;1;1;1;1;1;1;1;1;1;1;1;1;1;1;NA;NA
K3206031;690543.3412;6513467.731;NA;1;1;1;1;1;1;1;1;1;1;1;1;1;1;1;1;1;1;1;1;1;1;1;1;NA;NA
K3225011;689298.7807;6534682.072;NA;1;1;1;1;1;1;1;1;1;1;1;1;1;1;1;1;1;1;1;1;1;1;1;1;NA;NA
K3230001;669534.36;6514601.467;NA;1;1;1;1;1;1;1;1;1;1;1;1;1;1;1;1;1;1;1;1;1;1;1;1;NA;NA
K3230002;663208.2055;6520101.857;NA;1;1;1;1;1;1;1;1;1;1;1;1;1;1;1;1;0;1;1;1;1;1;1;1;NA;NA
K3230003;664113.8211;6518574.839;NA;1;1;1;1;1;1;1;1;1;1;1;1;1;1;1;1;1;1;1;1;1;1;1;1;NA;NA
K3240001;666207.7091;6528170.869;NA;1;1;1;1;1;1;1;1;1;1;1;1;1;1;1;1;1;1;1;1;1;1;1;1;NA;NA
K3293041;681889.4384;6544816.018;NA;1;1;1;1;1;1;1;1;1;1;1;1;1;1;1;1;1;1;1;1;1;1;1;1;NA;NA
K3302011;691531.5498;6549343.826;NA;1;1;1;1;1;1;1;1;1;1;1;1;1;1;1;1;1;1;1;1;1;1;1;1;NA;NA
K3322011;705358.1564;6556367.639;1;1;1;0;0;1;1;1;1;1;1;1;1;1;1;1;1;0;1;1;1;1;1;1;0;NA;NA
K3350001;699330.6627;6575201.566;1;1;1;0;1;1;1;1;1;1;1;1;1;1;1;1;1;1;1;1;1;1;1;1;1;NA;NA
K3374711;711886.3133;6568245.819;1;1;1;1;1;1;1;1;1;1;1;1;1;1;1;1;1;1;1;1;1;1;1;1;1;NA;NA
K3382011;720312.6;6582607.5;1;1;1;1;1;1;1;1;1;1;1;1;1;1;1;1;1;1;1;1;1;1;1;1;1;NA;NA
K3410001;737397.7389;6588079.906;1;1;1;1;1;1;1;1;1;1;1;1;1;1;1;1;1;1;1;1;1;1;1;1;1;NA;NA
K3420001;721052.4734;6594789.712;1;1;1;1;1;1;1;1;1;1;1;1;1;1;1;1;1;1;1;1;1;1;1;1;1;NA;NA
K3464011;711365.3782;6599381.715;1;1;1;0;0;1;1;1;1;1;1;1;1;1;1;1;1;1;0;1;1;1;1;0;0;NA;NA
K3500001;715584.4848;6608863.318;1;1;1;1;1;1;1;1;1;1;1;1;1;1;1;1;1;1;1;1;1;1;1;1;1;NA;NA
K3540001;710638.1995;6604306.588;1;1;1;0;0;1;1;1;0;1;1;1;1;1;1;1;1;0;0;1;1;1;0;1;0;NA;NA
K3570811;704793.5;6627987;NA;NA;NA;1;1;1;1;1;1;1;1;1;1;1;1;1;1;1;1;0;1;1;1;1;1;NA;NA
K3603011;697853.6058;6610791.112;1;1;1;1;1;1;1;1;1;1;1;1;1;1;1;1;1;0;0;1;1;1;0;1;0;NA;NA
K3640001;703848.1472;6639694.344;1;1;1;1;1;1;1;1;1;1;1;1;1;1;1;1;1;1;1;1;1;NA;1;1;1;NA;NA
K3640002;706424.9;6638959.5;NA;NA;NA;0;0;1;1;1;1;1;1;1;1;1;1;1;1;1;0;0;1;1;1;1;0;NA;NA
K4013011;692281.8801;6646651.411;1;1;1;0;0;1;1;1;0;1;1;1;1;1;1;1;1;1;1;1;1;NA;1;0;0;NA;NA
K4030011;705351.4;6665073;NA;NA;NA;1;1;1;1;1;1;1;1;1;1;1;1;1;1;1;0;1;1;1;1;1;1;NA;NA
K4046511;713861.5;6682987.5;NA;NA;NA;1;1;1;1;1;1;1;1;1;1;1;1;1;1;1;1;1;1;1;1;1;1;NA;NA
K4046512;705356.1;6681006;NA;NA;NA;1;0;1;1;1;1;1;1;1;1;1;1;1;1;1;1;1;1;1;1;1;1;NA;NA
K4073111;686336.4789;6676392.223;1;1;1;1;1;1;1;1;1;1;1;1;1;1;1;1;1;1;1;1;1;NA;1;1;1;NA;NA
K4073112;684909.126;6685860.614;1;1;1;1;1;1;1;1;1;0;1;1;1;1;1;1;1;1;0;0;1;NA;1;1;1;NA;NA
K4094011;707940.1841;6698823.764;NA;NA;NA;1;1;1;1;1;1;1;1;1;1;1;1;1;1;1;1;1;1;1;1;1;1;NA;NA
K4123011;700215.8427;6712038.917;NA;NA;NA;0;0;1;1;1;0;1;1;1;1;1;1;1;1;0;1;1;1;1;1;1;1;NA;NA
K4130001;688872.4;6708700;1;1;1;0;1;1;1;1;1;1;1;1;1;1;1;1;1;1;1;1;1;NA;1;1;1;NA;NA
K4130002;684188.2;6711952;1;1;1;1;1;1;1;1;1;1;1;1;1;1;1;1;1;1;1;1;NA;NA;1;1;1;NA;NA
K4140001;695081.5089;6719532.604;1;1;1;1;1;1;1;1;1;1;1;1;1;1;1;1;1;1;1;1;NA;NA;1;1;1;NA;NA
K4150011;679162.9299;6717195.375;1;1;1;1;1;1;1;1;1;1;1;1;1;1;1;1;1;1;1;1;NA;NA;1;0;1;NA;NA
K4150012;690240.6;6724597;1;1;1;1;1;1;1;1;1;1;1;1;1;1;1;1;1;1;1;1;NA;NA;1;1;1;NA;NA
K4170001;683271.3122;6734791.951;1;1;1;1;1;1;1;1;1;0;1;0;1;1;1;1;1;0;0;1;NA;NA;1;0;1;NA;NA
K4170002;686862.9796;6730684.124;1;1;0;0;0;1;1;0;0;0;1;0;1;1;0;1;0;0;0;0;NA;NA;0;0;0;NA;NA
K4170003;687783.9855;6729445.551;1;1;0;0;0;1;1;0;0;0;1;0;1;1;0;1;0;0;0;0;NA;NA;0;0;0;NA;NA
K4180011;676534.4;6722714;1;0;0;0;0;1;1;0;0;0;1;1;1;1;1;1;1;1;1;1;NA;NA;1;0;1;NA;NA
K4190001;671823.4173;6724573.433;1;1;0;0;0;1;1;0;0;0;1;0;1;1;1;1;1;0;0;0;NA;NA;1;0;0;NA;NA
K4230001;657794.2331;6734542.354;1;1;1;1;1;1;1;1;1;1;1;1;1;1;1;1;1;1;1;1;NA;NA;1;1;1;NA;NA
K4240001;648572.7364;6734132.738;1;1;1;1;1;1;1;1;1;1;1;1;1;1;1;1;1;1;1;1;NA;NA;1;1;1;NA;NA
K4280001;656774.2167;6748009.032;1;1;1;1;0;1;1;1;0;0;1;1;1;1;0;1;1;0;0;0;NA;NA;1;0;0;NA;NA
K4300021;648404.9095;6756828.187;1;1;1;0;0;1;1;0;0;0;1;0;1;1;0;0;0;0;0;0;NA;NA;0;0;0;NA;NA
K4310001;643967.3;6768481;1;1;1;0;0;1;1;1;0;0;1;0;0;1;0;1;0;0;0;0;NA;1;0;0;0;NA;NA
K4320001;648927.3823;6761160.473;NA;NA;NA;NA;NA;1;1;0;0;0;1;0;0;0;0;0;0;0;0;0;NA;NA;0;0;0;NA;NA
K4330001;632592.2608;6760152.619;1;1;1;1;1;1;1;1;1;1;1;1;1;1;1;1;1;1;1;1;NA;NA;1;1;1;NA;NA
K4340001;633114.2368;6767635.365;1;1;1;1;1;1;1;1;1;0;1;1;1;1;1;0;1;0;0;0;NA;NA;0;0;0;NA;NA
K4340002;630356.8309;6761123.702;1;1;0;0;0;1;1;1;1;0;1;0;1;1;0;1;0;0;0;0;NA;NA;0;0;0;NA;NA
K4373111;645693.6932;6743966.448;1;1;1;1;1;1;1;1;1;1;1;1;1;1;1;1;1;1;1;1;NA;1;1;1;1;NA;NA
K4373112;645141.4484;6742572.002;NA;NA;NA;NA;NA;1;1;1;1;1;1;1;1;1;1;1;1;0;0;0;NA;1;1;1;0;NA;NA
K4373113;638045.6006;6749059.472;0;1;1;0;1;1;0;0;0;0;1;0;0;1;0;1;0;0;0;0;NA;1;0;0;0;NA;NA
K4373114;641331.6352;6747195.286;1;1;1;0;0;1;1;1;0;0;1;1;1;1;1;1;1;1;0;0;NA;1;1;1;0;NA;NA
K4373115;635691.2923;6743200.444;NA;NA;NA;NA;NA;1;1;1;1;1;1;1;1;1;1;1;1;1;1;1;NA;1;1;1;1;NA;NA
K4373116;632470.8005;6743653.444;NA;NA;NA;NA;NA;1;1;1;1;1;1;1;1;1;1;1;1;1;1;1;NA;1;1;1;1;NA;NA
K4400001;606444.1214;6753504.153;1;1;0;0;0;1;1;1;1;0;NA;NA;NA;NA;NA;NA;NA;NA;NA;NA;NA;NA;NA;NA;NA;NA;NA
K4400002;606732.1128;6754601.545;NA;NA;NA;NA;NA;NA;NA;NA;NA;NA;1;0;1;1;0;1;0;0;0;0;NA;NA;1;0;0;NA;NA
K4414091;602208.8268;6755531.299;1;1;1;0;0;1;1;1;1;1;1;1;1;1;1;1;1;1;1;1;NA;NA;1;1;1;NA;NA
K4430001;615850.1545;6742169.498;1;1;1;1;1;1;1;1;1;1;1;1;1;1;1;1;1;1;1;1;NA;NA;1;1;1;NA;NA
K4430002;605698.919;6743554.95;1;1;1;0;0;1;1;0;0;0;1;1;1;1;0;1;0;0;0;0;NA;NA;1;0;0;NA;NA
K4430003;611915.9463;6744279.616;1;1;1;0;0;1;1;1;1;1;1;1;1;1;1;1;1;1;0;1;NA;NA;1;0;1;NA;NA
K4443011;607792.7845;6740166.219;1;1;1;1;0;1;1;1;1;1;1;1;1;1;1;1;1;1;1;1;NA;NA;1;1;1;NA;NA
K4500001;654959.2941;6727223.398;1;1;0;0;0;1;1;1;0;0;1;1;1;1;1;1;1;1;1;1;NA;NA;1;1;1;NA;NA
K4520001;637935.1684;6723684.661;1;1;1;1;0;1;1;1;1;1;1;1;1;1;1;1;1;1;1;0;1;1;1;0;0;NA;NA
K4560001;615471.2433;6722446.197;1;1;1;1;1;1;1;1;1;1;1;1;1;1;1;1;1;1;1;1;1;1;1;1;1;NA;NA
K4600001;628922.6321;6713937.419;1;1;1;1;1;1;1;1;1;1;1;1;1;1;1;1;1;1;1;1;1;1;1;1;1;NA;NA
K4640001;608150.3572;6705578.758;1;1;1;1;1;1;1;0;1;1;1;1;1;1;0;1;0;0;0;0;1;1;1;0;0;NA;NA
K4680001;588499.9451;6711228.312;1;1;1;1;1;1;1;0;1;1;1;1;1;1;1;1;1;1;1;1;1;1;1;1;1;NA;NA
K4690001;583215.2289;6703241.515;1;1;1;1;0;1;1;1;1;1;1;1;1;1;1;1;1;0;0;1;1;1;1;0;0;NA;NA
K4700001;641031.4468;6734614.327;1;1;1;1;1;1;1;1;1;1;1;1;1;1;1;1;1;1;1;1;NA;NA;1;1;1;NA;NA
K4710001;630275.9346;6738822.786;1;1;1;1;1;1;1;1;1;1;1;1;1;1;1;1;1;1;1;1;NA;NA;1;1;1;NA;NA
K4720001;635230.1658;6739616.605;1;1;1;1;1;1;1;1;1;1;1;1;1;1;1;1;1;1;1;1;NA;NA;1;1;1;NA;NA
K4740001;627739.8452;6731164.38;1;1;1;1;1;1;1;1;1;1;1;1;1;1;1;1;1;1;1;1;NA;NA;1;1;1;NA;NA
K4780001;598750.3571;6728220.736;1;1;1;1;1;1;1;1;1;1;1;1;1;1;1;1;1;1;1;1;1;1;1;1;1;NA;NA
K4810001;562199.608;6706242.582;1;1;1;1;0;1;1;1;1;1;1;1;1;1;1;1;1;0;0;0;1;1;1;0;0;NA;NA
K4830001;571612.4672;6734695.674;1;1;1;1;0;1;1;1;1;1;1;1;1;1;1;1;1;1;1;1;1;1;1;1;1;NA;NA
K4853011;548746.7221;6710418.749;1;1;1;1;1;1;1;1;1;1;1;1;1;1;1;1;1;1;1;1;1;1;1;1;1;NA;NA
K4860001;537257.371;6729636.733;1;1;1;1;1;1;1;1;1;1;1;1;1;1;1;1;1;1;1;1;1;1;1;1;1;NA;NA
K4860002;551992.0886;6734429.925;1;1;0;0;1;1;1;1;1;1;1;1;1;1;1;1;1;1;1;1;1;1;1;1;1;NA;NA
K4873121;536461.9602;6725934.728;1;1;1;1;1;1;1;1;1;1;1;1;1;1;1;1;1;1;1;1;1;1;1;1;1;NA;NA
K4873122;551090.2938;6726422.705;1;1;1;1;1;1;1;1;1;1;1;1;1;1;1;1;1;1;1;1;1;1;1;1;1;NA;NA
K4880001;544420.736;6719333.324;1;1;1;1;1;1;1;1;1;1;1;1;1;1;1;1;1;1;1;1;1;1;1;1;1;NA;NA
K4880002;537245.4374;6718035.511;1;1;1;1;1;1;1;1;1;1;1;1;1;1;1;1;1;1;1;1;1;1;1;1;1;NA;NA
K4910001;530599.1868;6718153.978;1;1;1;1;1;1;1;1;1;1;1;1;1;1;1;1;1;1;1;1;1;1;1;1;1;NA;NA
K4910002;529870.0252;6714151.524;1;1;1;1;1;1;1;1;1;1;1;1;1;1;1;1;1;1;1;1;1;1;1;1;1;NA;NA
K4930001;518109.3987;6707229.04;1;1;1;1;1;1;1;1;1;1;1;1;1;1;1;1;1;1;1;1;1;1;1;1;1;NA;NA
K4970001;515590.6791;6700733.144;1;1;1;1;1;1;1;1;1;1;1;1;1;1;1;1;1;1;1;1;1;1;1;1;1;NA;NA
K4970002;511859.7736;6707892.598;1;1;1;1;1;1;1;1;1;1;1;1;1;1;1;1;1;1;1;1;1;1;1;1;1;NA;NA
K5040001;670342.1331;6554138.115;NA;1;1;0;1;1;1;1;1;1;1;1;1;1;1;1;1;0;1;1;1;1;1;0;1;NA;NA
K5090901;662804.4;6564712.5;1;1;1;0;0;1;1;1;1;1;1;1;1;1;1;1;1;0;1;1;1;1;1;0;0;NA;NA
K5100001;653044.1;6529784.5;1;1;1;1;1;1;1;1;1;1;1;1;1;1;1;1;1;1;1;1;1;1;1;1;1;NA;NA
K5100002;645279.1;6538512;1;1;1;1;1;1;1;1;1;1;1;1;1;1;1;1;1;1;1;1;1;1;1;1;1;NA;NA
K5133011;652143.4;6559361.5;1;1;1;0;0;1;1;0;1;0;1;1;1;1;1;1;1;0;0;0;1;1;1;0;0;NA;NA
K5143111;640986.5;6561004;1;1;1;1;0;1;1;1;1;1;1;1;1;1;1;1;1;1;1;1;1;1;1;1;0;NA;NA
K5143112;641221.8446;6557444.168;1;1;1;0;1;1;1;1;1;1;1;1;1;1;1;1;1;0;0;0;1;1;1;0;0;NA;NA
K5143113;640303.4499;6559356.676;1;1;1;0;0;1;1;0;0;0;1;0;1;1;1;1;0;0;0;0;1;1;0;0;0;NA;NA
K5143114;639002.696;6561735.175;1;1;1;0;0;1;1;1;1;1;1;1;1;1;1;1;1;0;0;0;1;1;1;0;0;NA;NA
K5143115;642839.6;6557986;1;1;1;1;1;1;1;1;1;1;1;1;1;1;1;1;1;0;0;1;1;1;1;0;0;NA;NA
K5150001;642093.5;6567309.5;1;1;1;1;1;1;1;1;1;1;1;1;1;1;1;1;1;0;0;1;1;1;1;1;1;NA;NA
K5160001;645087.5763;6568693.033;1;1;1;1;0;1;1;1;1;1;1;1;1;1;1;1;1;0;1;1;1;1;1;1;1;NA;NA
K5160002;649276.7113;6567351.891;1;1;1;0;0;1;1;1;1;1;1;1;1;1;1;1;1;0;1;1;1;1;1;0;0;NA;NA
K5183021;658463.7882;6563082.231;1;1;1;0;1;1;1;1;1;1;1;1;1;1;1;1;1;0;1;1;1;1;1;0;0;NA;NA
K5200901;662572.8559;6573185.112;1;1;1;0;1;1;1;1;0;1;1;1;1;1;1;1;1;1;1;1;1;1;1;1;1;NA;NA
K5210001;671656.1;6578271.5;1;1;1;1;1;NA;NA;NA;NA;NA;NA;NA;NA;NA;NA;NA;NA;NA;NA;NA;NA;NA;NA;NA;NA;NA;NA
K5220901;665254.7827;6580720.996;1;1;1;1;1;1;1;1;1;1;1;1;1;1;1;1;1;1;1;1;1;1;1;1;1;NA;NA
K5234011;661993.2958;6591189.767;1;1;1;0;1;1;1;1;0;0;1;1;1;1;1;1;1;1;0;0;1;1;1;1;1;NA;NA
K5260001;657085.3942;6594698.223;1;1;1;0;0;1;1;1;1;1;1;1;1;1;1;1;1;1;1;1;1;1;1;1;1;NA;NA
K5260002;667359.2712;6606821.344;1;1;1;1;1;1;1;1;1;1;1;1;1;1;1;1;1;0;1;1;1;NA;1;1;1;NA;NA
K5345911;681291.4;6576881.5;1;1;1;1;1;1;1;1;1;1;1;1;1;1;1;1;1;0;1;0;1;1;0;0;0;NA;NA
K5363221;684385.5265;6593065.188;1;1;1;0;1;1;1;1;1;1;1;1;1;1;1;1;1;1;0;0;1;1;1;1;1;NA;NA
K5376811;679993.9751;6601115.701;1;1;1;0;0;1;1;0;0;0;1;0;1;1;1;1;0;0;0;0;1;1;0;0;0;NA;NA
K5440001;662007.2;6609547;1;1;1;1;1;1;1;1;1;1;1;1;1;1;1;1;1;1;1;1;1;NA;1;1;1;NA;NA
K5470001;647661.7;6634887.5;1;1;1;0;0;1;1;1;1;1;1;1;1;1;1;1;1;1;0;0;1;NA;1;1;0;NA;NA
K5490901;640189.7206;6661668.149;1;1;1;0;0;1;1;1;1;1;1;1;1;1;1;1;1;1;0;0;1;NA;1;1;0;NA;NA
K5500001;678240.2143;6665429.747;1;1;1;0;1;1;1;1;1;1;1;1;1;1;1;1;1;1;0;0;1;NA;1;1;1;NA;NA
K5500002;677976.6;6665584;1;1;1;1;0;1;1;1;1;1;1;0;1;1;1;1;1;0;0;0;1;NA;1;1;0;NA;NA
K5510001;673570.6;6660320;1;1;0;0;0;1;1;0;0;0;1;0;0;1;1;1;1;0;0;0;1;NA;1;0;0;NA;NA
K5510002;673443.2;6665372;1;1;1;1;0;1;1;1;1;1;1;1;1;1;1;1;1;1;1;1;1;NA;1;1;1;NA;NA
K5520001;681738.1703;6649310.162;1;1;1;1;1;1;1;1;1;1;1;1;1;1;1;1;1;1;1;1;1;NA;1;1;1;NA;NA
K5530001;677992.2;6656166;1;1;1;1;1;1;1;1;1;1;NA;NA;NA;NA;NA;NA;NA;NA;NA;NA;NA;NA;NA;NA;NA;NA;NA
K5530002;679630.5209;6656348.405;NA;NA;NA;NA;NA;NA;NA;NA;NA;NA;1;1;1;1;1;1;1;1;1;1;1;NA;1;1;1;NA;NA
K5554581;670917.9932;6677310.557;1;1;1;0;1;1;1;1;1;1;1;1;1;1;1;1;1;1;1;1;1;NA;1;1;1;NA;NA
K5560001;667531.4527;6677986.188;1;1;1;0;0;1;1;0;0;0;1;1;1;1;1;1;1;1;0;1;1;NA;1;1;0;NA;NA
K5560002;671759.0385;6681708.992;1;1;1;1;1;1;1;1;1;1;1;1;1;1;1;1;1;1;0;0;1;NA;1;1;0;NA;NA
K5560003;663319.7;6675914.5;1;1;1;1;0;1;1;1;1;0;1;1;1;1;1;1;1;1;1;1;1;NA;1;1;1;NA;NA
K5560004;663712.5;6676281;0;0;0;0;0;1;0;0;0;0;1;0;0;0;0;0;0;0;0;0;1;NA;0;0;0;NA;NA
K5600001;684579.8435;6627794.528;1;1;1;1;1;1;1;1;1;1;1;1;1;1;1;1;1;1;1;1;1;NA;1;1;1;NA;NA
K5653011;662538.2128;6654708.691;1;1;1;1;1;1;1;1;1;1;1;1;1;1;1;1;1;1;1;1;1;NA;1;1;1;NA;NA
K5660001;654494.877;6659690.621;1;1;0;0;0;1;1;1;0;0;1;1;1;1;1;1;1;0;0;0;1;NA;1;1;0;NA;NA
K5702321;644355.5;6672516.5;1;1;1;1;1;1;1;1;1;1;1;1;1;1;1;1;1;1;1;1;1;NA;1;1;1;NA;NA
K5720001;650360.8744;6688089.729;1;1;1;1;1;1;1;1;1;1;1;1;1;1;1;1;1;1;1;1;1;NA;1;1;1;NA;NA
K5740001;642323.4;6677435;1;1;1;1;1;1;1;0;1;0;1;1;1;1;1;1;1;1;1;1;1;NA;0;1;1;NA;NA
K5740002;641002.4948;6678307.819;1;1;1;0;0;1;1;1;0;1;1;1;1;1;1;1;1;0;0;1;1;NA;1;1;1;NA;NA
K6034001;644288.1143;6606234.519;1;1;1;0;0;1;1;1;0;1;1;1;1;1;1;1;1;0;0;0;1;NA;1;1;1;NA;NA
K6050001;637412.1;6604203;1;1;1;1;1;1;1;1;0;1;1;1;1;1;1;1;1;0;1;1;1;NA;1;1;1;NA;NA
K6050002;638782.8;6604411.5;1;1;1;0;1;1;1;0;0;1;1;1;1;1;1;1;1;0;0;0;1;NA;1;0;0;NA;NA
K6050003;643525.6058;6608262.083;1;0;1;0;1;1;1;1;0;1;1;1;1;1;1;1;1;0;0;0;1;NA;1;1;1;NA;NA
K6072401;636944.5;6627069;1;1;1;1;1;1;1;1;1;1;1;1;1;1;1;1;1;0;1;1;1;NA;1;1;1;NA;NA
K6080001;641959.1;6631658;1;1;0;0;0;1;1;1;0;1;1;1;1;1;1;1;1;1;1;1;1;NA;1;1;0;NA;NA
K6102431;632510.5042;6635730.83;1;1;1;1;1;1;1;1;1;1;1;1;1;1;1;1;1;1;1;1;1;NA;1;1;1;NA;NA
K6123111;624173.7139;6632974.089;1;1;0;0;0;1;1;0;1;0;1;0;1;1;1;1;0;0;0;0;NA;1;0;0;0;NA;NA
K6123112;628578.4322;6633617.514;1;1;0;0;0;1;1;0;0;0;1;0;1;1;1;1;1;0;0;0;NA;1;0;0;0;NA;NA
K6130001;618307.6316;6636358.755;1;1;1;1;0;1;1;1;1;1;1;1;1;1;1;1;1;1;1;1;NA;1;1;1;1;NA;NA
K6150001;613222.5447;6640504.049;1;1;1;1;0;1;1;1;1;1;1;1;1;1;1;1;1;1;1;0;NA;1;1;1;1;NA;NA
K6180001;623538.7;6672206.5;1;1;1;1;0;1;1;1;1;1;1;1;1;1;1;1;1;1;1;1;1;NA;1;1;1;NA;NA
K6180002;621263.4703;6664485.816;1;1;1;1;1;1;1;1;1;1;1;1;1;1;1;1;1;1;1;1;NA;1;1;1;1;NA;NA
K6210001;616853.0501;6682121.121;1;1;1;1;1;1;1;0;1;1;1;1;1;1;1;1;1;1;1;1;1;1;1;1;1;NA;NA
K6300001;676624.5;6698425.5;1;1;1;0;1;1;1;1;0;1;1;1;1;1;1;1;1;1;1;1;1;NA;1;1;1;NA;NA
K6300002;674635.6;6688300;1;1;1;1;1;1;1;1;1;1;1;1;1;1;1;1;1;1;1;1;1;NA;1;1;1;NA;NA
K6334011;667762.9;6696871.5;1;1;1;1;1;1;1;1;1;1;1;1;1;1;1;1;1;1;1;1;1;NA;1;1;1;NA;NA
K6350001;665667.1423;6685858.02;1;1;1;1;1;1;1;1;0;1;1;0;1;1;1;1;1;0;0;1;1;NA;1;1;1;NA;NA
K6360001;656469.5;6695477.5;1;1;1;1;1;1;1;1;1;1;1;1;1;1;1;1;1;0;1;1;1;NA;1;1;1;NA;NA
K6410001;626367.4635;6707642.251;1;1;1;1;1;1;1;1;0;1;1;0;1;1;0;1;1;0;0;0;1;1;0;0;0;NA;NA
K6420001;623096.7748;6698727.533;1;1;1;1;0;1;1;1;1;1;1;1;1;1;1;1;1;0;1;1;1;1;1;0;1;NA;NA
K6420002;627259.7737;6702050.346;1;1;1;1;0;1;1;1;1;1;1;1;1;1;1;1;1;1;0;1;1;1;1;1;1;NA;NA
K6440001;646007.6309;6702992.763;1;1;1;1;1;1;1;1;1;1;1;1;1;1;1;1;1;1;1;1;1;NA;1;1;1;NA;NA
K6453011;627575.0507;6690609.376;1;1;1;0;1;1;1;0;0;1;1;1;1;1;1;1;0;0;0;0;1;1;0;0;0;NA;NA
K6460001;612154.7169;6698210.98;1;1;1;0;0;1;1;1;1;0;1;1;1;1;1;1;0;0;0;0;1;1;1;0;0;NA;NA
K6492511;593398.4523;6694694.842;1;1;1;1;1;1;1;1;1;1;1;1;1;1;1;1;1;1;0;1;1;1;1;0;0;NA;NA
K6510001;616543.6679;6669246.573;1;1;1;1;1;1;1;1;1;1;1;1;1;1;1;1;1;1;1;1;1;NA;1;1;1;NA;NA
K6510002;613373.0317;6663686.201;1;1;1;1;1;1;1;1;1;1;1;1;1;1;1;1;1;1;1;1;NA;1;1;1;1;NA;NA
K6520001;607410.1571;6678239.886;1;1;1;1;1;1;1;1;1;1;1;1;1;1;1;1;1;1;1;1;NA;1;1;1;1;NA;NA
K6530001;601919.5367;6664815.628;1;1;1;1;1;1;1;1;1;1;1;1;1;1;1;1;1;1;1;1;NA;1;1;1;1;NA;NA
K6530002;602324.3492;6664982.95;1;1;1;1;1;1;1;1;1;1;1;1;1;1;1;1;1;1;1;1;NA;1;1;1;1;NA;NA
K6540001;598854.5462;6673151.44;1;1;1;1;1;1;1;1;1;1;1;1;1;1;1;1;1;1;1;1;NA;1;1;1;1;NA;NA
K6560001;579328.9019;6658090.346;1;1;1;1;1;1;1;1;1;1;1;1;1;1;1;1;1;1;1;1;NA;1;1;1;1;NA;NA
K6570001;593963.8523;6654636.083;1;1;1;1;1;1;1;1;1;1;1;1;1;1;1;1;1;1;1;1;NA;1;1;1;1;NA;NA
K6600001;581290.8931;6669746.247;1;1;1;1;1;1;1;1;1;1;1;1;1;1;1;1;1;1;1;1;NA;1;1;1;1;NA;NA
K6610001;571526.6074;6689457.136;1;1;1;1;1;1;1;1;1;1;1;1;0;0;0;1;1;0;0;1;1;1;1;0;1;NA;NA
K6620001;586466.6209;6696622.809;1;1;1;0;1;1;1;1;1;1;1;1;1;1;1;1;1;1;1;0;1;1;1;1;0;NA;NA
K6630001;567692.3345;6700470.144;1;1;1;1;0;1;1;1;1;1;1;1;1;1;1;1;1;1;1;1;1;1;1;1;1;NA;NA
K6640901;568025.7525;6692055.487;1;1;1;0;0;1;1;0;0;0;1;1;1;1;0;1;0;0;0;1;1;1;0;0;0;NA;NA
K6650001;557789.6995;6687176.068;1;1;1;1;1;1;1;1;1;1;1;1;1;1;1;1;1;1;1;1;1;1;1;1;1;NA;NA
K6700001;552495.7395;6687265.932;1;1;1;1;1;1;1;1;1;1;1;1;1;1;1;1;1;1;1;1;1;1;1;1;1;NA;NA
K6710911;537294.7305;6696323.059;1;1;1;1;1;1;1;1;1;1;1;1;1;1;1;1;1;1;1;1;1;1;1;1;1;NA;NA
K6710912;535188.0343;6698754.429;1;1;1;1;1;1;1;1;1;1;1;1;1;1;1;1;1;1;1;1;1;1;1;1;1;NA;NA
K6720001;517848.9275;6697302.694;1;1;1;1;1;1;1;1;1;1;1;1;1;1;1;1;1;1;1;1;1;1;1;1;1;NA;NA
K6810001;500744.3552;6704813.067;1;1;1;1;1;1;1;1;1;1;1;1;1;1;1;1;1;1;1;1;1;1;1;1;1;NA;NA
K6820001;507396.7932;6701898.958;1;1;1;1;1;1;1;1;1;1;1;1;1;1;1;1;1;1;1;1;1;1;1;1;1;NA;NA
K7000001;634218.3202;6596638.841;1;1;1;1;1;1;1;1;1;1;1;1;1;1;1;1;1;1;1;1;NA;1;1;1;1;NA;NA
K7030001;628642.1672;6608594.418;1;1;1;1;1;1;1;1;1;1;1;1;1;1;1;1;1;1;1;1;NA;1;1;1;1;NA;NA
K7120001;618016.3746;6604299.243;1;1;1;0;0;1;1;1;1;1;1;1;1;1;1;1;1;0;0;1;NA;1;1;0;0;NA;NA
K7130001;621453.2327;6601914.897;1;1;1;1;1;1;1;1;1;1;1;1;1;1;1;1;1;1;0;1;NA;1;1;1;1;NA;NA
K7207511;601273.4167;6642308.193;1;1;1;1;1;1;1;1;1;1;1;1;1;1;1;1;1;1;1;1;NA;1;1;1;1;NA;NA
K7217511;593155.5767;6646453.473;1;1;1;1;1;1;1;1;1;1;1;1;1;1;1;1;1;1;1;1;NA;1;1;1;1;NA;NA
K7222611;582425.3467;6643820.168;1;0;0;0;0;1;1;1;1;1;1;1;1;1;1;1;1;0;0;1;NA;1;1;1;1;NA;NA
K7300001;564424.4157;6651959.064;1;1;1;0;1;1;1;1;1;1;1;1;1;1;1;1;1;1;1;1;NA;1;1;1;1;NA;NA
K7312621;556437.7335;6659238.127;1;1;1;1;1;1;1;1;1;1;1;1;1;1;1;1;1;1;1;1;NA;1;1;1;1;NA;NA
K7312622;553930.4894;6659976.85;1;1;1;1;1;1;1;1;1;1;1;1;1;1;1;1;1;1;1;1;1;1;1;1;1;NA;NA
K7322611;549853.0525;6670461.056;1;1;1;1;1;1;1;1;1;1;1;1;1;1;1;1;1;1;1;1;1;1;1;1;1;NA;NA
K7322612;556510.5815;6662088.38;1;1;1;1;1;1;1;1;1;1;1;1;1;1;1;1;1;1;1;1;1;1;1;1;1;NA;NA
K7322613;554948.2349;6665164.358;1;1;1;1;1;1;1;1;1;1;1;1;1;1;1;1;1;1;1;1;1;1;1;1;1;NA;NA
K7322614;553656.206;6666436.408;1;1;1;1;1;1;1;1;1;1;1;1;1;1;1;1;1;1;1;1;1;1;1;1;1;NA;NA
K7322615;552039.9692;6663914.911;1;1;1;1;1;1;1;1;1;1;1;1;1;1;1;1;1;1;1;1;1;1;1;1;1;NA;NA
K7332611;543853.6685;6673794.187;1;1;1;1;1;1;1;1;1;1;1;1;1;1;1;1;1;1;1;1;1;1;1;1;1;NA;NA
K7400001;571989.6512;6658514.049;1;1;1;1;1;1;1;1;1;1;1;1;1;1;1;1;1;1;1;1;NA;1;1;1;1;NA;NA
K7400002;569703.4325;6664263.949;1;1;1;1;1;1;1;1;1;1;1;1;1;1;1;1;1;1;1;1;1;1;1;1;1;NA;NA
K7400003;566969.5162;6669747.403;1;1;1;0;1;1;1;1;1;1;1;1;1;1;1;1;1;1;1;1;1;1;1;1;1;NA;NA
K7414011;571518.4864;6672291.156;1;1;1;1;1;1;1;1;1;1;1;1;1;1;1;1;1;1;1;1;1;1;1;1;1;NA;NA
K7414012;570529.7939;6674036.446;1;1;1;1;1;1;1;1;1;1;1;1;1;1;1;1;1;1;1;1;1;1;1;1;1;NA;NA
K7420001;566631.9537;6682491.661;1;1;1;0;1;1;1;1;1;1;1;1;1;1;1;1;1;1;1;1;1;1;1;1;1;NA;NA
K7433031;558645.6784;6675094.993;1;1;1;1;1;1;1;1;1;1;1;1;1;1;1;1;1;1;1;1;1;1;1;1;1;NA;NA
K7502611;544231.6121;6682340.451;1;1;1;1;1;1;1;1;1;1;1;1;1;1;1;1;1;1;1;1;1;1;1;1;1;NA;NA
K7502612;542211.4697;6682248.777;1;1;1;1;1;1;1;1;1;1;1;1;1;1;1;1;1;1;1;1;1;1;1;1;1;NA;NA
K7514011;531368.941;6673745.209;1;1;1;1;1;1;1;1;1;1;1;1;1;1;1;1;1;1;0;1;1;1;1;1;1;NA;NA
K7514012;530320.1066;6674728.491;1;1;1;0;1;1;1;1;1;0;1;1;1;1;1;1;1;1;1;1;1;1;1;0;0;NA;NA
K7514013;534689.0963;6672409.041;1;1;1;1;1;1;1;1;1;1;1;1;1;1;1;1;1;1;1;1;1;1;1;1;1;NA;NA
K7514014;537790.1937;6677099.575;1;1;1;1;1;1;1;1;1;1;1;1;1;1;1;1;1;1;1;1;1;1;1;1;1;NA;NA
K7522621;520291.6848;6687444.933;1;1;1;1;1;1;1;1;1;1;1;1;1;1;1;1;1;1;1;1;1;1;1;1;1;NA;NA
K7522622;530295.6948;6682713.673;1;1;1;1;1;1;1;1;1;1;1;1;1;1;1;1;1;1;1;1;1;1;1;1;1;NA;NA
K7522623;528712.3043;6687808.237;1;1;1;1;0;1;1;1;1;1;1;1;1;1;1;1;1;1;1;1;1;1;1;1;1;NA;NA
K7530001;507328.1471;6683066.886;1;1;1;1;1;1;1;1;1;1;1;1;1;1;1;1;1;1;1;1;1;1;1;1;1;NA;NA
K7530002;516951.6397;6683283.501;1;1;1;1;1;1;1;1;1;1;1;1;1;1;1;1;1;1;1;1;1;1;1;1;1;NA;NA
K7540001;507247.0053;6687208.414;1;1;1;1;1;1;1;1;1;1;1;1;1;1;1;1;1;1;1;1;1;1;1;1;1;NA;NA
K7540002;503991.198;6688483.212;1;1;1;1;1;1;1;1;1;1;1;1;1;1;1;1;1;1;1;1;1;1;1;1;1;NA;NA
K7540003;504596.1949;6692284.031;1;1;1;1;1;1;1;1;1;1;1;1;1;1;1;1;1;1;1;1;1;1;1;1;1;NA;NA
K7610001;492829.4778;6682325.417;1;1;1;1;1;1;1;1;1;1;1;1;1;1;1;1;1;1;1;1;1;1;1;1;1;NA;NA
L0040001;603147.7;6516099.5;1;1;1;1;1;1;1;1;1;1;1;1;1;1;1;1;1;1;1;1;1;1;1;1;1;NA;NA
L0070001;598296.5472;6504774.358;1;1;1;1;1;1;1;1;1;1;1;1;1;1;1;1;1;1;1;1;1;1;1;1;1;NA;NA
L0110001;616189.5;6521850;1;1;1;1;1;1;1;1;1;1;1;1;1;1;1;1;1;1;1;1;1;1;1;1;1;NA;NA
L0130001;582747.7;6531321.5;1;1;1;1;1;1;1;1;1;1;1;1;1;1;1;1;1;1;1;1;1;1;1;1;1;NA;NA
L0220001;617754.9;6540491;1;1;1;1;1;1;1;1;1;1;1;1;1;1;1;1;1;1;1;1;1;1;1;1;1;NA;NA
L0220002;620520.2977;6550728.433;1;1;1;1;1;1;1;1;1;1;1;1;1;1;1;1;1;0;1;1;1;1;1;1;1;NA;NA
L0420001;575352.4;6524529;1;1;1;0;1;1;1;1;1;1;1;1;1;1;1;1;1;0;0;1;1;1;1;0;0;NA;NA
L0500001;591383.8543;6501876.701;1;1;1;1;1;1;1;1;1;1;1;1;1;1;1;1;1;1;1;1;1;1;1;1;1;NA;NA
L0513011;584277.4;6499706.5;1;1;1;1;1;1;1;1;1;1;1;1;1;1;1;1;1;1;1;1;1;1;1;1;1;NA;NA
L0520001;573074.7;6499390.5;1;1;1;0;1;1;1;0;0;1;1;1;1;1;1;1;1;0;1;1;1;1;1;0;0;NA;NA
L0600001;559998.4091;6519814.734;1;1;1;1;1;1;1;1;1;1;1;1;1;1;1;1;1;1;1;1;1;1;1;1;1;NA;NA
L0615811;567473.2466;6534601.798;1;1;1;1;1;1;1;1;1;1;1;1;1;1;1;1;1;1;1;1;1;1;1;1;1;NA;NA
L0624011;555286.8;6514555;1;1;1;1;1;1;1;1;1;1;1;1;1;1;1;1;1;1;1;1;1;1;1;1;1;NA;NA
L0800001;561689.4386;6542896.772;1;1;1;1;1;1;1;1;1;1;1;1;1;1;1;1;1;1;1;1;1;1;1;1;1;NA;NA
L0813011;546150.7;6541103;1;1;1;1;1;1;1;1;1;1;1;1;1;1;1;1;1;1;1;1;1;1;1;1;1;NA;NA
L0930001;527740.0652;6528231.329;1;1;1;1;1;1;1;1;1;1;1;1;1;1;1;1;1;1;1;1;1;1;1;1;1;NA;NA
L0930002;527121.228;6527041.633;1;1;0;0;1;1;1;1;1;0;1;1;1;0;0;1;1;0;1;1;1;1;1;0;0;NA;NA
L0930003;525669.8;6527435.5;1;1;1;0;1;1;1;1;0;0;1;1;1;1;0;1;1;0;1;1;1;1;1;0;0;NA;NA
L0930004;535664.8;6523660.5;1;1;1;1;1;1;1;1;1;1;1;1;1;1;1;1;1;1;1;1;1;1;1;0;1;NA;NA
L0940611;516414.0727;6544666.841;1;1;0;0;1;1;1;1;1;0;1;1;1;1;1;1;1;0;1;1;1;1;1;0;0;NA;NA
L0940612;518169.3766;6546868.316;1;1;1;1;1;1;1;1;1;1;1;1;1;1;1;1;1;1;1;1;1;1;1;1;1;NA;NA
L0940613;517599.027;6541114.342;1;1;1;1;1;1;1;1;1;1;1;1;1;1;1;1;1;1;1;1;1;1;1;1;1;NA;NA
L0940614;519245.1088;6548075.873;1;1;1;1;1;1;1;1;1;1;1;1;1;1;1;1;1;1;1;1;1;1;1;1;1;NA;NA
L0940615;519572.5924;6534412.585;1;1;1;1;1;1;1;1;1;1;1;1;1;1;1;1;1;1;1;1;1;1;1;1;1;NA;NA
L0940616;517482.2662;6535294.803;1;1;1;0;1;1;1;1;1;1;1;1;1;1;1;1;1;1;1;1;1;1;1;1;1;NA;NA
L0940617;517578.7252;6541650.115;1;1;1;1;1;1;1;1;1;1;1;1;1;1;1;1;1;1;1;1;1;1;1;1;1;NA;NA
L1004011;521281.2;6542199;1;1;1;1;1;1;1;1;1;1;1;1;1;1;1;1;1;1;1;1;1;1;1;1;1;NA;NA
L1004012;522436.6537;6544311.238;1;1;1;1;1;1;1;0;1;1;1;1;1;1;1;1;1;1;1;1;1;1;1;1;1;NA;NA
L1004013;528509.7829;6540327.272;1;1;1;1;1;1;1;1;1;1;1;1;1;1;1;1;1;1;1;1;1;1;1;1;1;NA;NA
L1004014;528695.0761;6542835.776;1;1;1;1;1;1;1;1;1;1;1;1;1;1;1;1;1;1;1;1;1;1;1;1;1;NA;NA
L1100001;542262;6557077;1;1;1;1;1;1;1;1;1;1;1;1;1;1;1;1;1;1;1;1;1;1;1;1;1;NA;NA
L1100002;535765.7;6555662;1;1;1;1;1;1;1;1;1;1;1;1;1;1;1;1;1;1;1;1;1;1;1;1;1;NA;NA
L1113021;529073.6257;6553208.104;1;1;1;1;1;1;1;1;1;1;1;1;1;1;1;1;1;1;1;1;1;1;1;1;1;NA;NA
L1113022;529204.6747;6549289.26;1;1;1;1;1;1;1;1;1;1;1;1;1;1;1;1;1;1;1;1;1;1;1;1;1;NA;NA
L1113023;533637.4399;6548316.931;1;1;1;1;1;1;1;1;1;1;1;1;1;1;1;1;1;1;1;1;1;1;1;1;1;NA;NA
L1200001;521799.8549;6559258.999;1;1;0;1;1;1;1;1;1;1;1;1;1;1;1;1;1;1;1;1;1;1;1;1;1;NA;NA
L1200002;519597.2516;6568501.56;1;1;1;1;1;1;1;1;1;1;1;1;1;1;1;1;1;1;1;1;1;1;1;1;1;NA;NA
L1210001;522149.7618;6568914.358;1;1;1;1;0;1;1;1;1;1;1;1;1;1;1;1;1;0;1;1;1;1;1;1;0;NA;NA
L1210002;521079.5711;6578920.899;1;1;1;1;1;1;1;1;1;1;1;1;1;1;1;1;1;1;1;1;1;1;1;1;1;NA;NA
L1210003;520490.3473;6573766.931;1;1;1;1;1;1;1;1;1;1;1;1;1;1;1;1;1;1;1;1;1;1;1;1;1;NA;NA
L1220001;518429.2477;6579111.692;1;1;1;1;1;1;1;1;1;1;1;1;1;1;1;1;1;1;1;1;1;1;1;1;1;NA;NA
L1300001;528727.8059;6560207.752;1;1;0;0;1;1;1;0;1;0;1;1;1;1;0;1;1;0;1;1;1;1;1;0;0;NA;NA
L1300002;526935.2553;6569625.913;1;1;1;1;1;1;1;1;1;1;1;1;1;1;1;1;1;1;1;1;1;1;1;1;0;NA;NA
L1300003;534403.9;6566125;1;1;1;0;1;1;1;1;1;1;1;1;1;1;1;1;1;1;1;1;1;1;0;0;1;NA;NA
L1310002;529734.4771;6575034.671;1;1;1;0;0;1;1;1;1;1;1;1;1;1;1;1;1;1;1;1;1;1;0;1;1;NA;NA
L1310003;530978.5803;6576471.165;1;1;0;0;0;1;1;1;0;1;1;1;1;1;1;1;1;0;0;1;1;1;1;0;0;NA;NA
L1310004;524547.3769;6577274.02;1;1;1;1;1;1;1;1;1;1;1;1;1;1;1;1;1;1;1;1;1;1;1;1;0;NA;NA
L1310005;522658.4815;6586061.363;1;1;1;1;1;1;1;1;1;1;1;1;1;1;1;1;1;1;1;1;1;1;0;1;0;NA;NA
L1320001;531780.4586;6578784.805;1;1;1;0;0;1;1;1;0;1;1;1;1;1;1;1;1;0;0;1;1;1;0;0;0;NA;NA
L1320002;532127.8063;6582955.53;1;1;0;0;0;1;1;1;0;1;1;1;1;1;1;1;1;0;0;1;1;1;0;0;0;NA;NA
L1320003;523766.8256;6585799.373;1;1;1;1;1;1;1;1;1;1;1;1;1;1;1;1;1;1;1;1;1;1;1;1;1;NA;NA
L1400611;524939.3181;6590388.24;1;1;1;0;0;1;1;1;1;1;1;1;1;1;1;1;1;1;1;1;1;1;1;1;1;NA;NA
L1410001;519661.1256;6588118.92;1;1;1;1;1;1;1;1;1;1;1;1;1;1;1;1;1;1;1;1;1;1;1;1;1;NA;NA
L1420001;520361.539;6600504.975;1;1;0;0;0;1;1;1;1;1;1;1;1;1;1;1;1;1;1;1;1;1;1;1;1;NA;NA
L1430001;513113.3405;6593830.307;1;1;1;1;1;1;1;1;1;1;1;1;1;1;1;1;1;1;1;1;1;1;1;1;1;NA;NA
L1430002;517655.5628;6600063.572;1;1;1;1;1;1;1;1;1;1;1;1;1;1;1;1;1;1;1;1;1;1;1;1;1;NA;NA
L1440611;524590.1859;6602627.151;0;0;0;0;0;1;1;0;0;0;1;0;0;1;1;0;0;0;0;0;1;1;1;1;1;NA;NA
L2000001;513472.7528;6553628.104;1;1;0;0;0;1;1;1;0;0;1;1;1;1;0;1;1;0;0;1;1;1;1;0;0;NA;NA
L2000002;512554.219;6559940.53;1;1;1;0;1;1;1;1;1;1;1;1;1;1;0;1;1;0;0;1;1;1;0;0;1;NA;NA
L2000003;509627.8029;6571655.912;1;1;1;1;1;1;1;1;1;1;1;1;1;1;1;1;1;1;1;1;1;1;1;1;1;NA;NA
L2010001;508479.1265;6567195.34;1;1;1;0;1;1;1;1;1;1;1;1;1;1;1;1;1;1;1;1;1;1;1;1;1;NA;NA
L2010002;506474.8511;6567079.527;1;1;1;1;1;1;1;1;1;1;1;1;1;1;1;1;1;1;1;1;1;1;1;1;1;NA;NA
L2010003;505022.8361;6567235.797;1;1;1;1;1;1;1;1;1;1;1;1;1;1;1;1;1;1;1;1;1;1;1;1;1;NA;NA
L2020001;496080.0417;6576804.804;1;1;1;0;1;1;1;1;1;1;1;1;1;1;1;1;1;1;0;1;1;1;1;1;1;NA;NA
L2020002;495962.4214;6576902.036;1;1;1;1;1;1;1;1;1;1;1;1;1;1;1;1;1;1;1;1;1;1;1;1;1;NA;NA
L2020003;496534.8168;6578621.535;1;1;1;1;1;1;1;1;1;1;1;1;1;1;1;1;1;1;1;1;1;1;1;1;1;NA;NA
L2030001;489060.5083;6583494.502;1;1;1;1;1;1;1;1;1;1;1;1;1;1;1;1;1;1;1;1;1;1;1;1;1;NA;NA
L2030002;492197.8151;6580885.815;1;1;1;1;1;1;1;1;1;1;1;1;1;1;1;1;1;1;1;1;1;1;1;1;1;NA;NA
L2103011;480503.4206;6581831.793;1;1;0;0;0;1;1;0;0;0;1;1;1;1;0;1;1;0;0;0;1;1;0;0;0;NA;NA
L2103012;471536.9847;6576055.584;1;1;0;1;1;1;1;1;1;1;1;1;1;1;1;1;1;1;1;1;1;1;0;0;1;NA;NA
L2103013;482852.4614;6581702.804;1;1;1;1;0;1;1;1;1;1;1;1;1;1;1;1;1;1;1;1;1;1;1;1;1;NA;NA
L2114011;476350.1754;6570128.097;1;1;0;0;0;1;1;1;0;0;1;1;1;1;0;1;1;0;0;0;1;1;0;0;0;NA;NA
L2114012;472778.3798;6569599.142;1;1;0;0;0;1;1;1;0;0;1;1;0;0;0;1;1;0;0;0;1;1;0;0;0;NA;NA
L2114013;487735.5772;6586574.009;1;1;1;1;1;1;1;1;1;1;1;1;1;1;1;1;1;1;1;1;1;1;1;1;1;NA;NA
L2213010;462885.9749;6604651.392;1;1;1;1;0;1;1;1;1;1;1;1;1;1;1;1;1;1;1;1;1;1;1;1;1;NA;NA
L2213021;455011.9566;6611048.052;1;1;1;0;0;1;1;1;1;1;1;1;1;1;1;1;1;0;1;1;1;1;1;1;0;NA;NA
L2240001;474029.5043;6602160.54;1;1;0;0;0;1;1;1;1;1;1;1;1;1;0;1;1;1;1;1;1;1;1;0;0;NA;NA
L2253011;483479.9939;6593152.524;1;1;1;1;1;1;1;1;1;1;1;1;1;1;1;1;1;1;1;1;1;1;1;1;1;NA;NA
L2253012;485290.5083;6593048.93;1;1;1;1;1;1;1;1;1;1;1;1;1;1;1;1;1;1;1;1;1;1;1;1;1;NA;NA
L2253013;478532.3;6600130;1;0;0;0;0;1;1;1;1;1;1;1;1;1;1;1;1;1;1;1;1;1;1;1;0;NA;NA
L2253014;487056.9085;6598198.126;1;1;1;1;1;1;1;1;1;1;1;1;1;1;1;1;1;1;1;1;1;1;1;1;1;NA;NA
L2253015;486832.0857;6600321.693;1;1;1;1;1;1;1;1;1;1;1;1;1;1;1;1;1;1;1;1;1;1;1;1;1;NA;NA
L2253016;487423.4355;6599611.585;1;1;1;1;1;1;1;1;1;1;1;1;1;1;1;1;1;1;1;1;1;1;1;1;1;NA;NA
L2253017;486908.2087;6594464.877;1;1;1;1;1;1;1;1;1;1;1;1;1;1;1;1;1;1;1;1;1;1;1;1;1;NA;NA
L2253018;489636.7197;6595333.261;1;1;1;0;1;1;1;1;1;1;1;1;1;1;1;1;1;1;1;1;1;1;1;1;1;NA;NA
L2303011;513165.1178;6569013.31;1;1;1;1;1;1;1;1;1;1;1;1;1;1;1;1;1;1;1;1;1;1;1;1;1;NA;NA
L2303012;505004.8828;6584876.845;1;1;0;0;0;1;1;1;1;1;1;1;1;1;1;1;1;0;0;0;1;1;1;0;0;NA;NA
L2303013;509757.1;6578464;1;1;0;0;0;1;1;1;1;1;1;1;1;1;1;1;1;0;0;0;1;1;1;0;0;NA;NA
L2303014;509923.5978;6579713.019;1;1;1;0;1;1;1;1;1;1;1;1;1;1;1;1;1;1;1;1;1;1;1;1;1;NA;NA
L2313012;493851.252;6595529.502;1;1;1;1;1;1;1;1;1;1;1;1;1;1;1;1;1;1;1;1;1;1;1;1;1;NA;NA
L2313013;498663.4;6585955;1;1;1;1;1;1;1;1;1;1;1;1;1;1;1;1;1;1;1;1;1;1;1;1;1;NA;NA
L2321621;492733.7961;6597824.663;1;1;1;1;1;1;1;1;1;1;1;1;1;1;1;1;1;1;1;1;1;1;1;1;1;NA;NA
L2321622;491351.6479;6605337.768;1;1;1;1;1;1;1;1;1;1;1;1;1;1;1;1;1;1;1;1;1;1;1;1;1;NA;NA
L2321623;498479.6107;6601425.437;1;1;1;1;1;1;1;1;1;1;1;1;1;1;1;1;1;1;1;1;1;1;1;1;1;NA;NA
L2334011;503200.2695;6598062.604;1;1;1;0;0;1;1;1;1;1;1;1;1;1;1;1;1;1;1;1;1;1;1;1;1;NA;NA
L2334012;503629.6477;6602656.439;1;1;1;0;1;1;1;1;1;1;1;1;1;1;1;1;1;1;1;1;1;1;1;1;1;NA;NA
L2404041;473906.6654;6610847.618;1;1;1;1;1;1;1;1;1;1;1;1;1;1;1;1;1;1;1;1;1;1;1;1;1;NA;NA
L2404042;486371.5818;6609268.23;1;1;0;1;1;1;1;1;1;1;1;1;1;1;1;1;1;1;1;1;1;1;1;1;1;NA;NA
L2424011;464562.3709;6617585.576;1;1;1;0;0;1;1;1;1;1;1;1;1;1;1;1;1;1;1;1;1;1;1;1;1;NA;NA
L2424012;464707.6386;6614707.916;1;1;1;1;1;1;1;1;1;1;1;1;1;1;1;1;1;1;1;1;1;1;1;1;1;NA;NA
L2424013;471258.2781;6618275.533;1;1;1;1;1;1;1;1;1;1;1;1;1;1;1;1;1;1;1;1;1;1;1;1;1;NA;NA
L2424014;476434.9026;6617678.347;1;1;1;1;1;1;1;1;1;1;1;1;1;1;1;1;1;1;1;1;1;1;1;1;1;NA;NA
L2430001;466083.6009;6620352.245;1;1;1;0;0;1;1;1;1;1;1;1;1;1;1;1;1;1;1;1;1;1;1;1;1;NA;NA
L2430002;470348.657;6621928.813;1;1;1;1;1;1;1;1;1;1;1;1;1;1;1;1;1;1;1;1;1;1;1;1;1;NA;NA
L2430003;480328.2099;6619436.965;1;1;1;1;1;1;1;1;1;1;1;1;1;1;1;1;1;1;1;1;1;1;1;1;1;NA;NA
L2510001;486469.597;6630307.346;1;1;0;0;1;1;1;1;1;0;1;1;1;0;0;0;0;0;0;0;1;1;0;0;0;NA;NA
L2510002;481400.0099;6627203.345;1;1;0;0;0;1;1;1;1;1;1;1;1;1;1;1;1;0;0;1;1;1;0;0;0;NA;NA
L2510003;493767.8435;6628478.083;1;1;1;1;1;1;1;1;1;1;1;1;1;1;1;1;1;1;1;1;1;1;1;1;1;NA;NA
L2523011;503003.9936;6627812.118;1;1;1;0;0;1;1;1;1;1;1;1;1;1;1;1;1;1;1;1;1;1;1;1;1;NA;NA
L3010001;519569.618;6621641.053;1;1;1;1;1;1;1;1;1;1;1;1;1;1;1;1;1;1;1;1;1;1;1;1;1;NA;NA
L3020001;525409.093;6624738.452;1;1;1;1;1;1;1;1;1;1;1;1;1;1;1;1;1;1;1;1;1;1;1;1;1;NA;NA
L3020002;523432.7593;6625214.111;1;1;1;1;1;1;1;1;1;1;1;1;1;1;1;1;1;1;1;1;1;1;1;1;1;NA;NA
L3020003;517981.5289;6627986.245;1;1;1;1;1;1;1;1;1;1;1;1;1;1;1;1;1;1;1;1;1;1;1;1;1;NA;NA
L3033011;516727.1372;6634795.555;1;1;1;1;1;1;1;1;1;1;1;1;1;1;1;1;1;1;1;1;1;1;1;1;1;NA;NA
L3110001;496216.5466;6638162.541;1;1;1;1;1;1;1;1;1;1;1;1;1;1;1;1;1;1;1;1;1;1;1;1;1;NA;NA
L3110002;497041.1498;6639182.838;1;1;1;1;1;1;1;1;1;1;1;1;1;1;1;1;1;1;1;1;1;1;1;1;1;NA;NA
L3110003;497478.5804;6636057.647;1;1;1;1;1;1;1;1;1;1;1;1;1;1;1;1;1;1;1;1;1;1;1;1;1;NA;NA
L3110004;498177.2484;6640362.179;1;1;1;1;1;1;1;1;1;1;1;1;1;1;1;1;1;1;1;1;1;1;1;1;1;NA;NA
L3123011;505205.4317;6635938.603;1;1;1;1;1;1;1;1;1;1;1;1;1;1;1;1;1;1;1;1;1;1;1;1;1;NA;NA
L3123012;498006.1382;6634724.096;1;1;1;1;1;1;1;1;1;1;1;1;1;1;1;1;1;1;1;1;1;1;1;1;1;NA;NA
L3200621;512385.3992;6642480.249;1;1;1;1;1;1;1;1;1;1;1;1;1;1;1;1;1;1;1;1;1;1;1;1;1;NA;NA
L3200622;518663.3896;6642360.693;1;1;1;1;1;1;1;1;1;1;1;1;1;1;1;1;1;1;1;1;1;1;1;1;1;NA;NA
L3200623;519313.1438;6644131.261;1;1;1;1;1;1;1;1;1;1;1;1;1;1;1;1;1;1;1;1;1;1;1;1;1;NA;NA
L3210001;515547.3746;6648777.363;1;1;1;1;1;1;1;1;1;1;1;1;1;1;1;1;1;1;1;1;1;1;1;1;1;NA;NA
L3220001;517004.673;6653444.261;1;1;1;1;1;1;1;1;1;1;1;1;1;1;1;1;1;1;1;1;1;1;1;1;1;NA;NA
L4010711;635926.2;6525891.5;1;1;1;1;1;1;1;1;1;1;1;1;1;1;1;1;1;1;1;1;1;1;1;1;1;NA;NA
L4010712;638268.6937;6526799.251;1;1;1;1;1;1;1;1;1;1;1;1;1;1;1;1;1;1;1;1;1;1;1;1;1;NA;NA
L4033011;637153.9;6536467;1;1;1;0;0;1;1;1;1;1;1;1;1;1;1;1;1;0;1;1;1;1;1;0;1;NA;NA
L4033012;643374.5028;6529455.898;1;1;1;0;1;1;1;1;1;1;1;1;1;1;1;1;1;0;1;1;1;1;1;1;1;NA;NA
L4100711;634941.4;6542500.5;1;1;1;0;0;1;1;1;1;1;1;1;1;1;1;1;1;0;0;1;1;1;1;0;0;NA;NA
L4110001;633435.5347;6547093.769;1;1;1;1;1;1;1;1;1;1;1;1;1;1;1;1;1;0;1;1;1;1;1;0;0;NA;NA
L4200001;625132.954;6558933.586;1;1;1;0;0;1;1;1;1;1;1;1;1;1;1;1;1;0;0;0;1;1;0;0;0;NA;NA
L4200002;621396.5267;6563954.503;1;1;1;0;0;1;1;1;1;1;1;1;1;1;1;1;1;0;1;1;1;1;1;1;0;NA;NA
L4220711;606513.9;6578128.5;1;1;1;0;0;1;1;1;1;1;1;1;1;1;1;1;1;1;0;1;1;1;1;0;1;NA;NA
L4300001;646767.2;6578925.5;1;1;1;0;1;1;1;1;1;1;1;1;1;1;1;1;1;0;0;1;1;1;1;1;1;NA;NA
L4310001;632607.8;6577011;1;1;1;0;0;1;1;0;1;0;1;1;1;1;1;1;1;0;0;0;1;1;1;0;0;NA;NA
L4310002;625613.3;6573387.5;1;1;1;1;1;1;1;1;1;1;1;1;1;1;1;1;1;1;1;1;1;1;1;1;1;NA;NA
L4310003;633622;6565692;1;1;1;0;0;1;1;1;1;1;1;1;1;1;1;1;1;0;0;0;1;1;0;0;0;NA;NA
L4320002;627783.1;6584315;1;1;1;1;1;1;1;1;1;1;1;1;1;1;1;1;1;1;1;1;1;1;1;1;1;NA;NA
L4523021;590603;6585405.5;1;1;1;1;1;1;1;1;1;1;1;1;1;1;1;1;1;1;1;1;1;1;1;1;1;NA;NA
L4523022;597547.5;6571694;1;1;1;1;1;1;1;1;1;1;1;1;1;1;1;1;1;1;1;1;1;1;1;1;1;NA;NA
L4530001;597930.9277;6594385.385;1;1;1;1;1;1;1;1;1;1;1;1;1;1;1;1;1;1;1;1;NA;1;1;1;1;NA;NA
L4540721;600129.0596;6601371.099;1;1;1;1;1;1;1;1;1;1;1;1;1;1;1;1;1;1;1;1;NA;1;1;1;1;NA;NA
L4600001;607124.2196;6599321.399;1;1;1;1;1;1;1;1;1;1;1;1;1;1;1;1;1;1;1;1;NA;1;1;1;1;NA;NA
L4610001;604887.0429;6615867.19;1;1;1;0;0;1;1;1;0;1;1;1;1;1;1;1;1;0;0;1;NA;1;1;0;1;NA;NA
L4620001;610037.6073;6610390.077;1;1;1;0;0;1;1;1;1;1;1;1;1;1;1;1;1;0;0;1;NA;1;1;0;0;NA;NA
L4700711;585223.8444;6618219.886;1;1;1;1;1;1;1;1;1;1;1;1;1;1;1;1;1;1;1;1;NA;1;1;1;1;NA;NA
L5014111;590276.4;6567243;1;1;1;1;1;1;1;1;1;1;1;1;1;1;1;1;1;1;1;1;1;1;1;1;1;NA;NA
L5034011;600899.5544;6556802.699;1;1;1;1;1;1;1;1;1;1;1;1;1;1;1;1;1;1;1;1;1;1;1;1;1;NA;NA
L5034012;580601.5;6557307.5;1;1;1;1;1;1;1;1;1;1;1;1;1;1;1;1;1;1;1;1;1;1;1;1;1;NA;NA
L5223021;554149.3;6557962.5;1;1;1;1;1;1;1;1;1;1;1;1;1;1;1;1;1;1;1;1;1;1;1;1;1;NA;NA
L5310001;570535.8;6568786.5;1;1;1;1;1;1;1;1;1;1;1;1;1;1;1;1;1;1;1;1;1;1;1;1;1;NA;NA
L5323011;549112.2868;6574714.164;1;1;1;0;0;1;1;1;0;1;1;1;1;1;1;1;1;0;0;1;1;1;1;0;0;NA;NA
L5401811;540978.7871;6581838.281;1;1;1;1;1;1;1;1;1;1;1;1;1;1;1;1;1;1;1;1;1;1;1;1;1;NA;NA
L5401812;538556.8937;6582620.548;1;1;1;0;0;1;1;1;1;1;1;1;1;1;1;1;1;0;1;1;1;1;1;0;0;NA;NA
L5401813;536864.5781;6593313.552;1;1;1;1;1;1;1;1;1;1;1;1;1;1;1;1;1;1;1;1;1;1;1;1;1;NA;NA
L5401814;539438;6586356;1;1;1;0;0;1;1;1;0;1;1;1;1;1;1;1;1;1;1;1;1;1;1;1;1;NA;NA
L5411821;538550.2268;6599801.079;1;1;1;0;0;1;1;1;0;1;1;0;1;1;1;1;1;0;0;1;1;1;1;0;0;NA;NA
L5411822;533617.6968;6601897.443;1;1;1;1;1;1;1;1;1;1;1;1;1;1;1;1;1;1;1;1;1;1;1;1;1;NA;NA
L5500001;570208.0158;6593951.735;1;1;1;0;1;1;1;1;1;1;1;1;1;1;1;1;1;1;1;1;NA;1;1;0;1;NA;NA
L5500002;576848.2901;6590520.274;1;1;1;1;1;1;1;1;1;1;1;1;1;1;1;1;1;1;1;1;NA;1;1;1;1;NA;NA
L5511911;580035.7;6595460.5;1;1;1;1;1;1;1;1;1;1;1;1;1;1;1;1;1;1;1;1;NA;1;1;1;1;NA;NA
L5530001;576817.2545;6605864.018;1;1;1;1;1;1;1;1;1;1;1;1;1;1;1;1;1;1;1;1;NA;1;1;1;1;NA;NA
L5550001;567487.6758;6595600.671;1;1;1;1;1;1;1;1;1;1;1;1;1;1;1;1;1;1;1;1;NA;1;1;1;1;NA;NA
L5600001;571441.2;6581508.5;1;1;1;1;1;1;1;1;1;1;1;1;1;1;1;1;1;1;1;1;1;1;1;1;1;NA;NA
L5600002;574916.9;6582534;1;1;1;1;1;1;1;1;1;1;1;1;1;1;1;1;1;1;1;1;1;1;1;1;1;NA;NA
L5610001;570296.7;6580848.5;1;1;1;1;1;1;1;1;1;1;1;1;1;1;1;1;1;1;1;1;1;1;1;1;1;NA;NA
L5630001;555687.422;6592946.805;1;1;1;1;1;1;1;1;1;1;1;1;1;1;1;1;1;1;1;1;1;1;1;1;1;NA;NA
L5630002;554977.0661;6593114.645;1;1;1;1;1;1;1;1;1;1;1;1;1;1;1;1;1;NA;1;1;1;1;1;1;1;NA;NA
L5640001;560385.7;6583344.5;1;1;1;1;1;1;1;1;1;1;1;1;1;1;1;1;1;1;1;1;1;1;1;1;1;NA;NA
L5650001;552924.287;6589893.744;1;1;1;1;1;1;1;1;1;1;1;1;1;1;1;1;1;1;1;1;1;1;1;1;1;NA;NA
L5660001;551181.8598;6588570.539;1;1;0;0;0;1;1;0;0;1;1;1;1;1;1;1;1;0;0;1;1;1;0;0;0;NA;NA
L5670001;552536.1297;6603122.885;1;1;1;1;1;1;1;1;1;1;1;1;1;1;1;1;1;1;1;1;1;1;1;1;1;NA;NA
L5670002;553951.4669;6602381.79;1;1;1;1;1;1;1;1;1;1;1;1;1;1;1;1;1;1;1;1;1;1;1;1;1;NA;NA
L5710001;545600.1662;6588694.852;1;1;1;0;0;1;1;1;1;1;1;1;1;1;1;1;1;NA;1;1;1;1;1;0;0;NA;NA
L5710002;546343.1807;6594174.181;1;1;1;1;1;1;1;1;1;1;1;1;1;1;1;1;1;1;1;1;1;1;1;1;1;NA;NA
L5710003;547396.1218;6593867.139;1;1;0;0;0;1;1;1;0;1;1;1;1;1;1;1;1;0;0;1;1;1;1;0;0;NA;NA
L5720001;544049.2112;6598006.94;1;1;1;0;0;1;1;1;1;1;1;1;1;1;1;1;1;1;1;1;1;1;1;1;1;NA;NA
L5810001;534063.9283;6628835.499;1;1;1;1;1;1;1;1;1;1;1;1;1;1;1;1;1;1;1;1;1;1;1;1;1;NA;NA
L6010001;528549.8719;6636464.616;1;1;1;1;1;1;1;1;1;1;1;1;1;1;1;1;1;1;1;1;1;1;1;1;1;NA;NA
L6010002;527969.2293;6636847.203;1;1;1;1;1;1;1;1;1;1;1;1;1;1;1;1;1;1;1;1;1;1;1;1;1;NA;NA
L6010003;530277.0488;6641046.809;1;1;1;1;1;1;1;1;1;1;1;1;1;1;1;1;1;1;1;1;1;1;1;1;1;NA;NA
L6020711;529226.1927;6641684.522;1;1;1;1;1;1;1;1;1;1;1;1;1;1;1;1;1;1;1;1;1;1;1;1;1;NA;NA
L6020712;525033.9447;6650158.009;0;0;0;0;0;1;1;1;1;1;1;1;1;1;1;1;1;1;1;1;1;1;1;1;1;NA;NA
L6100001;587228;6631136.5;1;1;1;1;1;1;1;1;1;1;1;1;1;1;1;1;1;1;1;1;NA;1;1;1;1;NA;NA
L6110001;573303.5717;6633354.415;1;1;1;1;1;1;1;1;1;1;1;1;1;1;1;1;1;1;1;1;NA;1;1;1;1;NA;NA
L6120001;555515.9365;6637443.549;1;1;1;1;1;1;1;1;1;1;1;1;1;1;1;1;0;0;1;1;NA;1;1;1;1;NA;NA
L6120002;570341.5875;6625658.991;1;1;1;1;1;1;1;0;1;1;1;1;1;1;1;1;1;1;0;1;NA;1;1;1;1;NA;NA
L6130001;552050.7415;6638385.413;1;1;1;1;1;1;1;1;1;1;1;1;1;1;1;1;1;1;1;1;NA;1;1;1;1;NA;NA
L6202011;534668.2889;6647078.215;1;1;1;1;1;1;1;1;1;1;1;1;1;1;1;1;1;1;1;1;1;1;1;1;1;NA;NA
L6210001;545837.7669;6654626.201;1;1;1;1;1;1;1;1;1;1;1;1;1;1;1;1;1;1;1;1;1;1;1;1;1;NA;NA
L6310001;538077.1703;6662929.26;1;1;1;1;1;1;1;1;1;1;1;1;1;1;1;1;1;1;1;1;1;1;1;1;1;NA;NA
L6310002;538700.6899;6664060.531;1;1;1;1;1;1;1;1;1;1;1;1;1;1;1;1;1;1;1;1;1;1;1;1;1;NA;NA
L6320001;525888.3802;6664453.683;1;1;1;1;1;1;1;1;1;1;1;1;1;1;1;1;1;1;1;1;1;1;1;1;1;NA;NA
L7000611;519771.0906;6664262.196;1;1;1;1;1;1;1;1;1;1;1;1;1;1;1;1;1;1;1;1;1;1;1;1;1;NA;NA
L7000612;514496.9567;6665596.641;1;1;1;1;1;1;1;1;1;1;1;1;1;1;1;1;1;1;1;1;1;1;1;1;1;NA;NA
L7000613;508835.294;6670441.753;1;1;1;1;1;1;1;1;1;1;1;1;1;1;1;1;1;1;1;1;1;1;1;1;1;NA;NA
L7010001;507047.0495;6663020.634;1;1;1;1;1;1;1;1;1;1;1;1;1;1;1;1;1;1;1;1;1;1;1;1;1;NA;NA
L7020002;521740.5596;6668784.856;1;1;1;1;1;1;1;1;1;1;1;1;1;1;1;1;1;1;1;1;1;1;1;1;1;NA;NA
L7030001;503257.8794;6672985.087;1;1;1;1;1;1;1;1;1;1;1;1;1;1;1;1;1;1;1;1;1;1;1;1;1;NA;NA
L7100001;498288.8859;6661633.025;1;1;1;1;1;1;1;1;1;1;1;1;1;1;1;1;1;1;1;1;1;1;1;1;1;NA;NA
L7100002;502182.5193;6648838.594;1;1;1;1;1;1;1;1;1;1;1;1;1;1;1;1;1;1;1;1;1;1;1;1;1;NA;NA
L7100003;502769.2499;6647003.769;1;1;1;1;1;1;1;1;1;1;1;1;1;1;1;1;1;1;1;1;1;1;1;1;1;NA;NA
L7110001;496335.6291;6658697.403;1;1;1;1;1;1;1;1;1;1;1;1;1;1;1;1;1;1;1;1;1;1;1;1;1;NA;NA
L7110002;493976.3528;6655144.768;1;1;1;0;1;1;1;1;1;1;1;1;1;1;1;1;1;1;1;1;1;1;1;1;1;NA;NA
L7110003;491436.1221;6656334.946;1;1;1;1;1;1;1;1;1;1;1;1;1;1;1;1;1;1;1;1;1;1;1;1;1;NA;NA
L7110004;492488.3431;6655843.19;1;1;1;1;1;1;1;1;1;1;1;1;1;1;1;1;1;1;1;1;1;1;1;1;1;NA;NA
L7110005;495587.9258;6647696.281;1;1;1;1;1;1;1;1;1;1;1;1;1;1;1;1;1;1;1;1;1;1;1;1;1;NA;NA
L7210001;487680.021;6676297.961;1;1;1;1;1;1;1;1;1;1;1;1;1;1;1;1;1;1;1;1;1;1;1;1;1;NA;NA
L7210002;484815.9999;6666727.503;1;1;1;0;0;1;1;1;1;1;1;1;1;1;1;1;1;1;1;1;1;1;1;1;1;NA;NA
L7210003;486700.5039;6670732.872;1;1;1;1;1;1;1;1;1;1;1;1;1;1;1;1;1;1;1;1;1;1;1;1;1;NA;NA
L7210004;486160.2344;6667997.909;0;0;0;0;0;1;1;1;1;1;1;1;1;1;1;1;1;1;1;1;1;1;1;1;1;NA;NA
L7210005;487273.062;6669279.353;1;1;1;0;0;1;1;1;1;1;1;1;1;1;1;1;1;1;1;1;1;1;1;1;1;NA;NA
L7210006;482434.7021;6660430.462;1;1;1;1;1;1;1;1;1;1;1;1;1;1;1;1;1;1;1;1;1;1;1;1;1;NA;NA
L8102111;444681.5095;6615962.51;1;1;1;1;1;1;1;1;1;1;1;1;1;1;1;1;1;1;1;1;1;1;1;1;1;NA;NA
L8116411;441948.069;6621412.43;1;1;1;0;0;1;1;1;1;1;1;1;1;1;1;1;1;1;1;1;1;1;1;1;1;NA;NA
L8116412;450895.7966;6617260.297;1;1;1;1;0;1;1;1;1;1;1;1;1;1;1;1;1;1;1;1;1;1;1;1;1;NA;NA
L8134021;453382.1065;6635356.765;1;1;1;0;0;1;1;1;0;0;1;1;1;1;1;1;1;0;0;1;1;1;0;0;0;NA;NA
L8134022;451827.8121;6632415.891;1;1;1;0;0;1;1;1;0;0;1;1;1;1;1;1;1;0;0;1;1;1;1;0;0;NA;NA
L8134023;451646.2139;6629371.143;1;1;1;0;0;1;1;1;0;0;1;1;1;1;1;1;1;0;0;1;1;1;0;0;0;NA;NA
L8142111;458497.4402;6644109.83;1;1;1;0;0;1;1;1;1;1;1;1;1;1;1;1;1;0;0;1;1;1;1;0;0;NA;NA
L8142112;460669.242;6636572.498;1;1;1;1;1;1;1;1;1;1;1;1;1;1;1;1;1;1;1;1;1;1;1;1;1;NA;NA
L8203011;437065.7304;6637017.121;1;1;1;1;1;1;1;1;1;1;1;1;1;1;1;1;1;1;1;1;1;1;1;1;1;NA;NA
L8203012;440486.8875;6634140.363;1;1;1;1;1;1;1;1;1;1;1;1;1;1;1;1;1;1;1;1;1;1;1;1;1;NA;NA
L8213011;450041.8763;6642110.8;1;1;1;0;1;1;1;1;1;1;1;1;1;1;1;1;1;1;1;1;1;1;1;1;0;NA;NA
L8307311;423841.6865;6653072.47;1;1;1;1;1;1;1;1;1;1;1;1;1;1;1;1;1;1;1;1;1;1;1;1;1;NA;NA
L8307312;421286.7;6652121.5;1;1;1;1;0;1;1;1;1;1;1;1;1;1;1;1;1;1;1;1;1;1;1;0;1;NA;NA
L8310001;430877.4027;6642472.518;1;1;1;1;0;1;1;1;1;1;1;1;1;1;1;1;1;1;1;1;1;1;1;1;1;NA;NA
L8310002;434319.2331;6650855.866;1;1;1;1;1;1;1;1;1;1;1;1;1;1;1;1;1;1;1;1;1;1;1;1;1;NA;NA
L8320001;433333.8265;6663947.608;1;1;1;0;0;1;1;1;0;1;1;1;1;1;1;1;1;1;1;1;1;1;0;0;0;NA;NA
L8330001;440329.5347;6654686.371;1;1;1;0;0;1;1;1;0;0;1;1;1;1;1;1;1;0;0;1;1;1;1;0;0;NA;NA
L8402111;458887.1421;6662111.68;1;1;1;1;1;1;1;1;1;1;1;1;1;1;1;1;1;1;1;1;1;1;1;1;1;NA;NA
L8503011;474788.8793;6628307.204;1;1;1;0;0;1;1;1;1;1;1;1;1;1;1;1;1;0;0;1;1;1;1;1;0;NA;NA
L8503012;477614.1436;6636496.842;1;1;1;1;1;1;1;1;1;1;1;1;1;1;1;1;1;0;0;1;1;1;1;1;1;NA;NA
L8503013;477755.4709;6635911.177;1;1;1;0;0;1;1;1;1;1;1;1;1;1;1;1;1;0;0;1;1;1;1;0;1;NA;NA
L8503014;478708.9791;6634262.442;1;1;1;0;0;1;1;1;1;1;1;1;1;1;1;1;1;1;1;1;1;1;1;1;1;NA;NA
L8503015;474002.6138;6638170.084;1;1;1;0;0;1;1;1;1;1;1;1;1;1;1;1;1;0;0;1;1;1;1;0;1;NA;NA
L8510001;481387.7693;6634957.228;0;0;0;0;0;1;1;1;1;1;1;1;1;1;1;1;0;0;0;0;1;1;1;1;0;NA;NA
L8510002;479998.7592;6654924.429;1;1;1;0;0;1;1;1;1;1;1;1;1;1;1;1;1;1;1;1;1;1;1;1;1;NA;NA
L8510003;475680.7287;6653726.342;1;1;1;0;0;1;1;1;1;1;1;1;1;1;1;1;1;1;1;1;1;1;1;1;1;NA;NA
L8510004;473895.6805;6653020.129;1;1;1;1;0;1;1;1;1;1;1;1;1;1;1;1;1;1;1;1;1;1;1;1;1;NA;NA
L8510005;478577.6407;6642279.879;1;1;1;1;1;1;1;1;1;1;1;1;1;1;1;1;1;1;1;1;1;1;1;1;1;NA;NA
L8510006;477825.8741;6642311.085;1;1;0;0;0;1;1;1;1;1;1;1;1;1;1;1;1;0;0;1;1;1;1;0;0;NA;NA
L8510007;477586.843;6644250.303;1;1;1;1;1;1;1;1;1;1;1;1;1;1;1;1;1;1;1;1;1;1;1;1;1;NA;NA
L8523011;469193.3017;6657068.846;1;1;1;1;1;1;1;1;1;1;1;1;1;1;1;1;1;1;1;1;1;1;1;1;1;NA;NA
L8530001;477464.6905;6661316.811;1;1;1;1;1;1;1;1;1;1;1;1;1;1;1;1;1;1;1;1;1;1;1;1;1;NA;NA
L8530002;472099.5899;6668660.518;1;1;1;1;1;1;1;1;1;1;1;1;1;1;1;1;1;1;1;1;1;1;1;1;1;NA;NA
L8530003;474916.7344;6670286.688;1;1;1;1;1;1;1;1;1;1;1;1;1;1;1;1;1;1;1;1;1;1;1;1;1;NA;NA
L8530004;474008.5126;6669040.173;1;1;1;1;1;1;1;1;1;1;1;1;1;1;1;1;1;1;1;1;1;1;1;1;1;NA;NA
L8610001;462061.1245;6688207.028;1;1;1;0;0;1;1;0;0;0;1;1;1;1;1;1;1;1;0;1;1;1;1;0;0;NA;NA
L9000001;490805.4173;6700106.323;1;1;1;1;1;1;1;1;1;1;1;1;1;1;1;1;1;1;1;1;1;1;1;1;1;NA;NA
L9000002;487698.677;6701463.271;1;1;1;1;1;1;1;1;1;1;1;1;1;1;1;1;1;1;1;1;1;1;1;1;1;NA;NA
L9000003;491309.0445;6706349.626;1;1;1;0;0;1;1;1;1;1;1;1;1;1;1;1;1;0;0;1;1;1;1;1;0;NA;NA
L9010001;472311.0237;6693455.138;1;1;1;1;1;1;1;1;1;1;1;1;0;1;1;1;1;1;1;1;1;1;1;1;1;NA;NA
L9110001;500401.3817;6708838.929;1;1;1;0;0;1;1;1;0;0;1;1;1;1;0;1;1;0;0;0;1;1;1;0;0;NA;NA
L9110002;462593.2594;6702586.535;1;1;1;1;1;1;1;1;1;1;1;1;1;1;1;1;1;1;1;1;1;1;1;1;1;NA;NA
L9110003;477659.9846;6706087.054;1;1;1;1;1;1;1;1;1;1;1;1;1;1;1;1;1;1;1;1;1;1;1;1;1;NA;NA
L9200001;463825.596;6714715.286;1;1;1;1;1;1;1;1;1;1;1;1;1;1;1;1;1;1;1;1;1;1;1;1;1;NA;NA
L9210001;458515.5004;6711829.399;1;1;1;1;1;1;1;1;1;1;1;1;1;1;1;1;1;1;1;1;1;1;1;1;1;NA;NA
M0000001;504168;6836914.5;1;1;1;1;1;1;1;1;1;1;1;1;1;1;1;1;1;1;1;1;1;1;1;1;1;NA;NA
M0020001;499664.7113;6824417.548;1;1;1;1;1;1;1;1;1;1;1;1;1;1;1;1;1;1;1;1;1;1;1;1;1;NA;NA
M0030001;493432.1654;6830501.287;1;1;1;1;1;1;1;1;1;1;1;1;1;1;1;1;1;1;1;1;1;1;1;1;1;NA;NA
M0030002;491261.3;6829084.5;1;1;1;1;1;1;1;0;0;0;1;1;1;1;1;1;1;0;0;0;1;1;1;0;0;NA;NA
M0040611;483140.8655;6827412.412;1;1;1;1;1;1;1;1;1;1;1;1;1;1;1;1;1;1;1;1;1;1;1;1;1;NA;NA
M0050611;478656.27;6823354.527;1;1;1;1;1;1;1;1;0;1;1;1;1;1;1;1;1;0;1;1;1;1;1;0;1;NA;NA
M0105611;465301.7385;6814576.912;1;1;1;1;1;1;1;1;1;1;1;1;1;1;1;1;1;1;1;1;1;1;1;0;0;NA;NA
M0105612;471384.721;6815781.904;1;1;1;1;1;1;1;1;1;1;1;1;1;1;1;1;1;1;1;1;1;1;1;1;1;NA;NA
M0124011;453825.025;6797552.222;1;1;1;1;1;1;1;1;1;1;1;1;1;1;1;1;1;1;1;1;1;1;1;1;1;NA;NA
M0134011;470173.8359;6797487.002;1;1;NA;1;1;1;1;1;1;1;1;1;1;1;1;1;1;1;1;1;1;1;1;1;1;NA;NA
M0140001;477890.0111;6804796.113;1;1;NA;1;1;1;1;1;1;1;1;1;1;1;1;1;1;1;1;1;1;1;1;1;1;NA;NA
M0156511;485926.9451;6804384.248;1;1;NA;1;1;1;1;1;1;1;1;1;1;1;1;1;1;1;1;1;1;1;1;1;1;NA;NA
M0227741;504332.0426;6796998.887;1;1;NA;1;1;1;1;1;1;1;1;1;1;1;1;1;1;1;1;1;1;1;1;1;1;NA;NA
M0234011;503462.5225;6807760.75;1;1;NA;1;1;1;1;1;1;1;1;1;1;1;1;1;1;1;1;1;1;1;1;1;1;NA;NA
M0243011;493009.1695;6793444.93;1;1;NA;1;1;1;1;1;1;1;1;1;1;1;1;1;1;1;1;1;1;1;1;1;1;NA;NA
M0260001;482477.9931;6777265.086;1;1;NA;1;1;1;1;1;1;1;1;1;1;1;1;1;1;1;1;1;1;1;1;1;1;NA;NA
M0301511;510709.2381;6817455.423;1;1;1;1;1;1;1;1;1;1;1;1;1;1;1;1;1;1;1;1;1;1;1;0;1;NA;NA
M0354011;551637.1009;6809351.84;1;1;1;1;1;1;1;1;1;1;NA;NA;NA;NA;NA;NA;NA;NA;NA;NA;NA;NA;NA;NA;NA;NA;NA
M0354012;546417.3497;6802126.472;1;1;1;1;1;1;1;1;1;0;NA;NA;NA;NA;NA;NA;NA;NA;NA;NA;NA;NA;NA;NA;NA;NA;NA
M0354013;548306.5169;6807031.455;1;1;1;1;1;1;1;1;1;1;NA;NA;NA;NA;NA;NA;NA;NA;NA;NA;NA;NA;NA;NA;NA;NA;NA
M0361511;547085.6848;6798698.827;1;1;1;1;1;1;1;1;1;1;NA;NA;NA;NA;NA;NA;NA;NA;NA;NA;NA;NA;NA;NA;NA;NA;NA
M0361512;542477.1739;6794324.405;1;1;1;1;1;1;1;1;1;1;NA;NA;NA;NA;NA;NA;NA;NA;NA;NA;NA;NA;NA;NA;NA;NA;NA
M0361513;541361.6456;6793294.235;1;1;1;1;1;1;1;1;1;1;NA;NA;NA;NA;NA;NA;NA;NA;NA;NA;NA;NA;NA;NA;NA;NA;NA
M0361514;538052.7;6803215;1;1;1;1;1;1;1;1;0;1;NA;NA;NA;NA;NA;NA;NA;NA;NA;NA;NA;NA;NA;NA;NA;NA;NA
M0384011;524456.7492;6809621.87;1;1;1;1;1;1;1;1;1;1;1;1;1;1;1;1;1;1;1;1;1;1;1;1;1;NA;NA
M0384012;516598.6888;6811159.895;1;1;1;1;1;1;1;1;1;1;1;1;1;1;1;1;1;1;1;1;1;1;1;1;1;NA;NA
M0401511;522296.3347;6787805.064;1;1;NA;1;1;1;1;1;1;1;1;1;1;1;1;1;1;1;1;1;1;1;1;1;1;NA;NA
M0416011;517965.1177;6776076.895;1;1;NA;1;1;1;1;1;1;1;1;1;1;1;1;1;1;1;1;1;1;1;1;1;1;NA;NA
M0434011;499635.8188;6784134.596;1;1;NA;1;1;1;1;1;1;1;1;1;1;1;1;1;1;1;1;1;1;1;1;1;1;NA;NA
M0434012;503098.1782;6776943.688;1;1;NA;1;1;1;1;1;1;1;1;1;1;1;1;1;1;1;1;1;1;1;1;1;1;NA;NA
M0434013;498726.7913;6778468.242;1;1;NA;1;1;1;1;1;1;1;1;1;1;1;1;1;1;1;1;1;1;1;1;1;1;NA;NA
M0514011;495143.6788;6758553.346;1;1;NA;1;1;1;1;1;1;1;1;1;1;1;1;1;1;1;1;1;1;1;1;1;1;NA;NA
M0535011;477195.0448;6774588.375;1;1;NA;1;1;1;1;1;1;1;1;1;1;1;1;1;1;1;1;1;1;1;1;1;1;NA;NA
M0544011;469745.1146;6750056.622;1;1;NA;1;1;1;1;1;1;1;1;1;1;1;1;1;1;1;1;1;1;1;1;1;1;NA;NA
M0556031;463001.0663;6759361.206;1;1;NA;1;1;1;1;1;1;1;1;1;1;1;1;1;1;1;1;1;1;1;1;1;1;NA;NA
M0566221;468178.3035;6774630.891;1;1;NA;1;1;1;1;1;1;1;1;1;1;1;1;1;1;1;1;1;1;1;1;1;1;NA;NA
M0566222;462215.759;6788596.037;1;1;NA;1;0;1;1;1;1;0;1;1;1;1;1;1;1;0;1;1;1;1;1;0;0;NA;NA
M0613011;447676.3742;6777576.86;1;1;1;0;1;1;1;0;0;0;1;0;1;1;0;1;1;0;1;1;1;1;0;0;0;NA;NA
M0613012;458470.3716;6791947.072;1;1;1;1;1;1;1;1;1;1;1;1;1;1;1;1;1;1;1;1;1;1;1;1;1;NA;NA
M0624011;452268.9779;6777588.875;1;1;1;0;1;1;1;0;0;0;1;1;1;1;0;1;1;0;1;1;1;1;1;0;0;NA;NA
M0633011;450175.149;6759442.861;1;1;NA;1;1;1;1;1;1;1;1;1;1;1;1;1;1;1;1;1;1;1;1;1;1;NA;NA
M0640001;440370.856;6775076.407;1;1;1;0;1;1;1;1;1;1;1;1;1;1;1;1;1;1;1;1;1;1;1;1;1;NA;NA
M0674011;436552.3755;6759510.11;1;1;1;1;1;1;1;1;1;0;1;1;1;1;1;1;1;1;1;1;1;1;1;1;0;NA;NA
M0690001;454336.4372;6748104.66;1;1;NA;1;1;1;1;1;1;1;1;1;1;1;1;1;1;1;1;1;1;1;1;1;1;NA;NA
M0710001;446376.7063;6740521.824;1;1;0;0;0;1;1;0;0;0;1;0;0;1;0;1;NA;0;0;1;1;1;1;0;0;NA;NA
M0730611;435296.4932;6731081.264;1;1;1;1;1;1;1;1;0;0;1;1;1;1;1;1;1;1;1;1;1;1;1;1;0;NA;NA
M1000001;567874.8065;6802690.567;1;1;1;1;1;1;1;1;1;1;NA;NA;NA;NA;NA;NA;NA;NA;NA;NA;NA;NA;NA;NA;NA;NA;NA
M1000002;568387.3213;6803989.477;1;1;1;1;1;1;1;1;1;1;NA;NA;NA;NA;NA;NA;NA;NA;NA;NA;NA;NA;NA;NA;NA;NA;NA
M1000003;565408.0897;6804212.682;1;1;1;0;0;1;1;0;0;1;NA;NA;NA;NA;NA;NA;NA;NA;NA;NA;NA;NA;NA;NA;NA;NA;NA
M1011611;553229.8208;6799527.076;1;1;1;1;1;1;1;1;1;1;NA;NA;NA;NA;NA;NA;NA;NA;NA;NA;NA;NA;NA;NA;NA;NA;NA
M1011612;558707.6;6802673.5;1;1;1;1;1;1;1;1;0;1;NA;NA;NA;NA;NA;NA;NA;NA;NA;NA;NA;NA;NA;NA;NA;NA;NA
M1011613;554481.5691;6802127.141;1;1;1;1;1;1;1;1;1;1;NA;NA;NA;NA;NA;NA;NA;NA;NA;NA;NA;NA;NA;NA;NA;NA;NA
M1034021;552040.014;6789183.176;1;1;1;1;1;1;1;1;1;1;NA;NA;NA;NA;NA;NA;NA;NA;NA;NA;NA;NA;NA;NA;NA;NA;NA
M1034022;552608.1127;6787612.099;1;1;1;1;1;1;1;1;1;1;NA;NA;NA;NA;NA;NA;NA;NA;NA;NA;NA;NA;NA;NA;NA;NA;NA
M1034023;561865.7;6791542.5;1;1;1;1;1;1;1;1;0;1;NA;NA;NA;NA;NA;NA;NA;NA;NA;NA;NA;NA;NA;NA;NA;NA;NA
M1034024;559623.2277;6791701.992;1;1;1;1;1;1;1;1;0;0;NA;NA;NA;NA;NA;NA;NA;NA;NA;NA;NA;NA;NA;NA;NA;NA;NA
M1034025;555709.11;6789505.281;1;1;1;1;1;1;1;1;1;1;NA;NA;NA;NA;NA;NA;NA;NA;NA;NA;NA;NA;NA;NA;NA;NA;NA
M1050001;592430.6;6776642.5;0;0;0;0;0;1;1;1;0;1;NA;NA;NA;NA;NA;NA;NA;NA;NA;NA;NA;NA;NA;NA;NA;NA;NA
M1050002;627367.7391;6771435.282;NA;NA;NA;NA;NA;1;0;1;0;0;1;1;0;1;0;0;0;0;0;0;NA;NA;0;0;0;NA;NA
M1060001;589610.7926;6780997.553;0;0;0;0;0;1;1;1;1;1;NA;NA;NA;NA;NA;NA;NA;NA;NA;NA;NA;NA;NA;NA;NA;NA;NA
M1114011;548852.7;6782931.5;1;1;1;1;1;1;1;1;1;1;NA;NA;NA;NA;NA;NA;NA;NA;NA;NA;NA;NA;NA;NA;NA;NA;NA
M1114012;554999.7016;6784274.739;1;1;1;1;1;1;1;1;1;1;NA;NA;NA;NA;NA;NA;NA;NA;NA;NA;NA;NA;NA;NA;NA;NA;NA
M1114013;565011.3161;6775745.734;1;1;1;1;1;1;1;1;1;1;NA;NA;NA;NA;NA;NA;NA;NA;NA;NA;NA;NA;NA;NA;NA;NA;NA
M1114014;568843.4214;6774116.087;1;1;0;0;0;1;1;0;0;0;NA;NA;NA;NA;NA;NA;NA;NA;NA;NA;NA;NA;NA;NA;NA;NA;NA
M1124811;567050.3868;6766999.299;1;1;1;1;1;1;1;1;0;1;NA;NA;NA;NA;NA;NA;NA;NA;NA;NA;NA;NA;NA;NA;NA;NA;NA
M1124812;579892.7521;6765844.687;1;1;1;0;0;1;1;1;1;1;NA;NA;NA;NA;NA;NA;NA;NA;NA;NA;NA;NA;NA;NA;NA;NA;NA
M1124813;559762.2108;6763586.326;1;1;0;0;0;1;1;0;0;0;1;0;1;1;0;1;0;0;0;0;1;1;0;0;0;NA;NA
M1124814;554103.4904;6774871.481;1;1;1;1;1;1;1;1;1;1;1;1;1;1;1;1;1;1;1;1;1;1;1;1;1;NA;NA
M1124815;582600.6578;6762952.785;1;0;0;0;0;1;1;1;1;1;1;1;1;1;1;1;1;0;1;1;1;1;1;1;1;NA;NA
M1141611;551535.4788;6738453.194;1;1;1;1;1;1;1;1;1;1;1;1;1;1;1;1;1;1;1;1;1;1;1;1;1;NA;NA
M1151611;533718.5495;6735928.787;1;1;1;1;0;1;1;1;1;1;1;1;1;1;1;1;1;0;0;1;1;1;1;1;1;NA;NA
M1200001;536573.0938;6785227.115;1;1;NA;1;1;1;1;1;1;1;1;1;1;1;1;1;1;1;1;1;1;1;1;1;1;NA;NA
M1213011;539950.0752;6766345.407;1;0;0;0;0;1;1;0;0;0;1;1;0;0;0;1;1;0;0;1;1;1;1;1;1;NA;NA
M1213012;537691.5792;6766868.448;1;1;NA;1;1;1;1;1;1;1;1;1;1;1;1;1;1;1;1;1;1;1;1;1;1;NA;NA
M1220001;555271.4547;6767513.059;1;1;1;1;1;1;1;1;1;1;1;1;1;1;1;1;1;1;1;1;1;1;1;1;1;NA;NA
M1233041;534274.0975;6750034.077;1;1;0;0;0;1;1;1;1;1;1;1;1;1;1;1;1;0;0;1;1;1;1;1;1;NA;NA
M1233042;532663.5025;6750607.353;1;1;NA;1;1;1;1;1;1;1;1;1;1;1;1;1;1;1;1;1;1;1;1;1;1;NA;NA
M1254011;525244.6579;6756984.404;1;1;NA;1;1;1;1;1;1;1;1;1;1;1;1;1;1;1;1;1;1;1;1;1;1;NA;NA
M1313011;511456.0444;6754575.389;1;1;NA;1;1;1;1;1;1;1;1;1;1;1;1;1;1;1;1;1;1;1;1;1;1;NA;NA
M1324011;519611.6002;6753676.972;1;1;NA;1;1;1;1;1;1;1;1;1;1;1;1;1;1;1;1;1;1;1;1;1;1;NA;NA
M1341611;529862.6019;6727128.27;1;1;1;0;0;1;1;1;1;1;1;1;1;1;0;1;1;1;0;0;1;1;1;0;0;NA;NA
M1341612;531332.0982;6731767.741;1;1;1;1;1;1;1;1;1;1;1;1;1;1;1;1;1;1;1;1;1;1;1;1;1;NA;NA
M1341613;510041.93;6737979.87;1;1;NA;1;1;1;1;1;1;1;1;1;1;1;1;1;1;1;1;1;1;1;1;1;1;NA;NA
M1354011;521617.6921;6720818.967;1;1;1;1;1;1;1;1;1;1;1;1;1;1;1;1;1;1;1;1;1;1;1;1;1;NA;NA
M1354012;516692.1282;6720762.849;1;1;1;1;1;1;1;1;1;1;1;1;1;1;1;1;1;1;1;1;1;1;1;1;1;NA;NA
M1410001;503368.0147;6722199.463;1;1;1;1;1;1;1;1;1;1;1;1;1;1;1;1;1;1;1;1;1;1;1;1;1;NA;NA
M1410002;500017.8009;6721480.226;1;1;1;1;1;1;1;1;1;1;1;1;1;1;1;1;1;1;1;1;1;1;1;1;1;NA;NA
M1410003;504313.1738;6719740.871;1;1;1;1;1;1;1;1;1;1;1;1;1;1;1;1;1;1;1;1;1;1;1;1;1;NA;NA
M1410004;504185.9297;6716592.78;1;1;1;1;1;1;1;1;1;1;1;1;1;1;1;1;1;1;1;1;1;1;1;1;1;NA;NA
M1410005;496705.8638;6728318.962;1;1;NA;1;1;1;1;1;1;1;1;1;1;1;1;1;1;1;1;1;1;1;1;1;1;NA;NA
M1420001;495479.0451;6715460.575;1;1;1;1;1;1;1;1;1;1;1;1;1;1;1;1;1;1;1;1;1;1;1;1;1;NA;NA
M1450001;497451.4586;6748029.158;1;1;NA;1;1;1;1;1;1;1;1;1;1;1;1;1;1;1;1;1;1;1;1;1;1;NA;NA
M1464011;487799.0613;6740966.388;1;1;NA;1;1;1;1;1;1;1;1;1;1;1;1;1;1;1;1;1;1;1;1;1;1;NA;NA
M1534511;458153.9063;6730163.365;1;1;1;1;1;1;1;1;1;1;1;1;1;1;1;1;1;1;1;1;1;1;1;1;1;NA;NA
M1534512;462150.9911;6742930.004;1;1;NA;1;1;1;1;1;1;1;1;1;1;1;1;1;1;1;1;1;1;1;1;1;1;NA;NA
M1550001;448810.7433;6735999.83;1;1;0;0;0;1;1;0;0;0;1;0;1;1;0;1;0;0;1;1;1;1;1;0;1;NA;NA
M3005511;463753.6605;6823453.555;1;1;1;1;1;1;1;1;1;1;1;1;1;1;1;1;1;1;1;1;1;1;1;1;1;NA;NA
M3014011;445848.4256;6815384.189;1;1;1;1;1;1;1;1;1;1;1;1;1;1;1;1;1;1;1;1;1;1;1;1;1;NA;NA
M3014012;455581.0193;6817402.271;1;1;1;1;1;1;1;1;1;1;1;1;1;1;1;1;1;1;1;1;1;1;1;0;0;NA;NA
M3034011;456362.7151;6831498.218;1;1;1;1;1;1;1;1;1;1;1;1;1;1;1;1;1;1;1;1;1;1;1;1;1;NA;NA
M3103031;441951.1;6851332.5;1;1;1;1;1;1;1;1;1;0;1;1;1;1;1;1;1;1;1;1;1;1;1;1;1;NA;NA
M3110001;424593.1747;6849800.764;1;1;1;1;1;1;1;1;1;1;1;1;1;1;1;1;1;1;1;1;1;1;1;1;1;NA;NA
M3110002;424737.9196;6839946.641;1;1;1;1;1;1;1;1;1;1;1;1;1;1;1;1;1;1;1;1;1;1;1;1;1;NA;NA
M3140001;427506.5013;6823680.389;1;1;1;1;1;1;1;1;1;1;1;1;1;1;1;1;1;1;1;1;1;1;1;1;1;NA;NA
M3200001;414596.1811;6829138.95;1;1;1;1;1;1;1;1;1;1;1;1;1;1;1;1;1;1;1;1;1;1;1;1;1;NA;NA
M3240001;448265.2061;6801471.723;1;1;1;1;1;1;1;1;1;1;1;1;1;1;1;1;1;1;1;1;1;1;1;1;1;NA;NA
M3278021;425241.3669;6793356.331;1;1;1;1;1;1;1;1;1;1;1;1;1;1;1;1;1;1;1;1;1;1;1;1;1;NA;NA
M3278022;422930.0498;6798205.66;1;1;1;1;1;1;1;1;1;1;1;1;1;1;1;1;1;1;1;1;1;1;1;1;1;NA;NA
M3300001;410826.0733;6818890.37;NA;1;1;1;1;1;1;1;1;1;1;1;1;1;1;1;1;1;1;1;1;1;1;1;1;NA;NA
M3323011;413816.8676;6794512.702;1;1;1;1;1;1;1;1;1;1;1;1;1;1;1;1;1;1;1;1;1;1;1;1;0;NA;NA
M3340911;429550.2944;6787604.95;1;1;1;0;1;1;1;1;0;0;1;1;1;1;0;1;1;0;1;0;1;1;0;0;0;NA;NA
M3403011;449700.4759;6793599.987;1;1;1;1;1;1;1;1;1;1;1;1;1;1;1;1;1;1;1;1;1;1;1;1;1;NA;NA
M3504011;406694.0552;6792744.977;1;1;1;1;1;1;1;0;0;1;1;1;1;1;0;1;1;0;1;1;1;1;0;0;0;NA;NA
M3514011;436510.2036;6778374.878;1;1;1;0;1;1;1;1;0;1;1;1;1;1;0;1;1;1;1;1;1;1;0;0;0;NA;NA
M3520001;421783.4304;6765499.506;1;1;1;1;1;1;1;1;1;1;1;1;1;1;1;1;1;1;1;1;1;1;1;1;1;NA;NA
M3600911;424070.8034;6755670.98;1;1;1;1;1;1;1;1;1;1;1;1;1;1;1;1;1;1;1;1;1;1;1;1;1;NA;NA
M3610001;435533.553;6751298.151;1;1;1;0;1;1;1;1;0;0;1;1;0;1;0;1;0;0;1;0;1;1;1;0;0;NA;NA
M3700001;401154.4767;6782028.578;1;1;1;1;1;1;1;1;1;1;1;1;1;1;1;1;1;1;1;1;1;1;1;1;1;NA;NA
M3711811;403108.6327;6769886.031;1;1;1;1;1;1;1;1;1;1;1;1;1;1;1;1;1;1;1;1;1;1;1;1;1;NA;NA
M3720001;397144.3125;6769583.15;1;1;1;1;1;1;1;1;1;0;1;1;0;1;0;1;1;0;1;0;1;1;1;0;0;NA;NA
M3744011;393412.9822;6764047.106;1;1;1;1;1;1;1;1;1;0;1;1;1;1;1;1;1;1;1;0;1;1;1;1;0;NA;NA
M3744012;391548.753;6761022.243;1;1;1;1;1;1;1;1;1;0;1;1;1;1;1;1;1;1;1;1;1;1;1;1;0;NA;NA
M3760001;414945.5025;6760646.885;1;1;1;1;1;1;1;1;1;1;1;1;1;1;1;1;1;1;1;1;1;1;1;1;1;NA;NA
M3774011;392322.5081;6754028.566;1;1;1;1;1;1;1;1;0;0;1;1;1;1;1;1;1;1;1;1;1;1;1;1;1;NA;NA
M3800001;406327.7214;6743937.477;1;1;1;0;1;1;1;1;1;0;1;1;1;1;1;1;0;1;1;1;1;1;1;1;1;NA;NA
M3823011;398634.5155;6739024.922;1;1;1;1;1;1;1;1;1;1;1;1;1;1;1;1;0;1;1;1;1;1;1;1;1;NA;NA
M3834011;407702.1766;6731456.718;1;1;1;1;1;1;1;1;1;1;1;1;1;1;1;1;0;1;1;1;1;1;1;1;1;NA;NA
M3861811;419299.303;6731904.663;1;1;0;0;0;1;1;0;0;0;1;1;0;1;0;1;0;0;0;0;1;1;1;0;0;NA;NA
M3900001;430253.5407;6729209.654;1;1;1;0;0;1;1;1;1;0;1;1;1;1;1;1;0;0;0;1;1;1;1;0;0;NA;NA
M4114011;418659.8308;6721337.673;1;1;1;0;0;1;1;0;0;0;1;0;0;1;0;1;0;0;0;1;1;1;1;0;0;NA;NA
M5014211;444831.732;6698639.604;1;1;1;0;1;1;1;1;1;1;1;1;1;1;1;1;0;1;1;1;1;1;1;1;1;NA;NA
M5104311;448025.3617;6679153.996;1;1;1;0;0;1;1;1;0;1;1;1;1;1;1;1;0;0;1;1;1;1;1;0;0;NA;NA
M5124311;428699.9836;6675993.628;1;1;1;0;1;1;1;1;0;1;1;1;1;1;1;1;0;1;1;1;1;1;1;0;0;NA;NA
M5215411;415365.7824;6682948.281;1;1;1;1;1;1;1;1;1;1;1;1;1;1;1;1;1;1;1;1;1;1;1;1;1;NA;NA
M5222011;413904.0646;6694058.846;1;1;1;1;1;1;1;1;1;1;1;1;1;1;1;1;0;1;1;1;1;1;1;1;1;NA;NA
M5300011;410476.1312;6701153.798;1;1;1;1;1;1;1;1;1;1;1;0;1;1;1;1;1;1;1;1;1;1;1;1;1;NA;NA
M5310001;412302.739;6716176.084;1;1;1;1;1;1;1;1;0;1;1;0;1;1;1;1;1;1;1;1;1;1;1;1;1;NA;NA
M5400001;401933.2916;6704187.734;1;1;1;0;1;1;1;0;0;0;1;1;0;1;0;1;1;0;0;1;1;1;1;0;0;NA;NA
M6000001;405856.3851;6678552.645;1;1;1;1;1;1;1;1;1;1;1;1;1;1;1;1;0;1;1;1;1;1;1;1;1;NA;NA
M6014011;391975.5569;6696095.639;1;1;1;1;1;1;1;1;1;1;1;1;1;1;1;1;1;1;1;1;1;1;1;1;1;NA;NA
M6014012;398807.6282;6677602.725;1;1;1;0;1;1;1;1;0;1;1;1;1;1;1;1;0;1;1;1;1;1;1;1;1;NA;NA
M6110001;385943.7235;6709940.743;1;1;1;0;0;1;1;1;0;NA;NA;1;0;1;0;1;1;0;0;1;1;1;1;0;0;NA;1
M6204011;376120.3157;6707161.726;1;1;1;1;1;1;1;1;0;NA;NA;1;1;1;1;1;1;1;1;1;1;1;1;1;1;NA;1
M6204012;379033.0005;6716514.441;1;1;1;0;1;1;1;1;0;NA;NA;1;1;1;1;1;1;1;1;1;1;1;1;1;0;NA;1
M6214011;376710.5535;6694578.731;1;1;1;0;0;1;1;1;0;NA;NA;1;0;1;0;1;1;0;1;1;1;1;1;0;0;NA;1
M6230001;372020.5318;6685068.446;1;1;1;0;0;1;1;0;0;NA;NA;0;0;0;0;1;1;0;1;1;1;1;1;0;0;NA;1
M6304311;406656.1272;6724507.62;1;1;0;0;0;1;1;1;0;0;1;1;1;1;1;1;0;1;0;1;1;1;1;1;0;NA;NA
M6325011;386458.7736;6722914.941;1;1;1;1;1;1;1;1;1;NA;NA;1;1;1;1;1;1;1;1;1;1;1;1;1;1;NA;1
M6333021;363668.2937;6712230.052;1;1;1;1;1;1;1;1;1;NA;NA;1;1;1;1;1;1;1;1;1;1;1;1;0;0;NA;1
M6340001;354880.7104;6704772.036;1;1;1;0;1;1;1;1;1;NA;NA;1;1;1;1;1;1;1;1;1;1;1;1;1;1;NA;1
M6357021;346019.5335;6702289.28;1;1;1;1;1;1;1;1;1;NA;NA;1;1;1;1;1;1;1;1;1;1;1;1;0;0;NA;1
M6357022;345490.3255;6698555.244;1;1;1;0;1;1;1;1;1;NA;NA;1;1;1;1;1;1;1;1;1;1;1;1;0;0;NA;1
M7005611;428096.004;6624341.411;1;1;1;1;1;1;1;1;1;1;1;1;1;1;1;1;1;1;1;1;1;1;1;1;1;NA;NA
M7005612;432723.0109;6628186.009;1;1;1;1;1;1;1;1;1;1;1;1;1;1;1;1;1;1;1;1;1;1;1;1;1;NA;NA
M7010001;425241.8624;6634201.526;1;1;1;1;1;1;1;1;1;1;1;1;1;1;1;1;1;1;1;1;1;1;1;1;1;NA;NA
M7044011;409500.5388;6657335.11;1;1;1;1;1;1;1;1;1;1;1;1;1;1;1;1;1;1;1;1;1;1;1;1;1;NA;NA
M7100001;401244.0482;6658147.531;1;1;1;1;1;1;1;1;NA;1;1;1;1;1;1;1;1;1;1;1;1;1;1;1;1;NA;NA
M7112411;387936.4183;6662850.417;1;1;1;0;0;1;1;1;NA;0;1;1;1;1;1;1;1;0;0;1;1;1;1;0;0;NA;NA
M7206411;411332.5267;6667693.221;1;1;1;0;1;1;1;1;1;1;1;1;1;1;1;1;0;1;1;1;1;1;1;0;0;NA;NA
M7302421;376500.4727;6677192.49;1;1;0;0;0;1;1;1;0;NA;NA;1;1;1;1;1;1;0;1;1;1;1;0;0;0;NA;1
M7314011;378725.4716;6682199.373;1;1;1;0;0;1;1;1;0;NA;NA;1;1;1;0;1;1;0;0;1;1;1;1;0;0;NA;1
M7314012;387846.8595;6685189.728;1;1;1;0;1;1;1;1;1;1;1;1;1;1;1;1;0;1;1;1;1;1;1;1;1;NA;NA
M7400001;388010.6521;6648262.41;1;1;1;1;1;1;1;1;NA;1;1;1;1;1;1;1;1;1;1;1;1;1;1;1;1;NA;NA
M7413011;382242.6958;6658287.599;1;1;0;0;0;1;1;0;NA;0;1;0;0;1;0;1;1;0;0;1;1;1;0;0;0;NA;NA
M7420001;377825.8855;6640980.561;1;1;1;1;1;1;1;1;NA;1;1;1;1;1;1;1;1;1;1;1;1;1;1;1;1;NA;NA
M7433111;370480.8882;6654544.913;1;1;1;0;1;1;1;1;NA;1;1;1;0;1;0;1;1;1;1;1;1;1;1;0;0;NA;NA
M7453011;369303.4016;6670604.461;1;1;1;0;0;1;1;1;0;NA;NA;0;0;1;0;1;1;0;0;1;1;1;0;0;0;NA;1
M8000021;348027.6248;6693733.252;1;1;1;1;1;1;1;1;1;NA;NA;1;1;1;1;1;1;1;1;1;1;1;1;1;1;NA;1
M8100001;370431.5248;6640767.932;1;1;1;0;0;1;1;1;NA;0;1;1;0;1;0;1;1;0;1;1;1;1;0;0;0;NA;NA
M8144021;350552.1143;6652190.743;1;1;0;0;0;1;1;0;0;NA;NA;0;0;0;0;1;1;0;0;1;1;1;1;0;0;NA;1
M8150001;351371.8688;6670716.26;1;1;1;0;0;1;1;1;1;NA;NA;0;0;1;0;1;1;0;1;1;1;1;1;1;1;NA;1
M8205021;363948.7338;6664699.008;1;1;1;1;1;1;1;1;1;NA;NA;1;1;1;1;1;1;1;1;1;1;1;1;1;1;NA;1
M8503011;327101.6058;6717546.818;1;1;0;0;0;1;1;0;0;NA;NA;0;0;0;0;1;0;0;0;0;1;1;0;0;0;NA;0
M8503012;321305.2829;6720267.746;1;1;1;0;1;1;1;1;1;NA;NA;1;0;1;0;1;1;1;1;1;1;1;0;0;0;NA;1
N0000001;320296.1348;6690755.345;1;1;1;1;1;1;1;1;1;NA;NA;1;1;1;1;1;1;1;1;1;1;1;1;0;1;NA;1
N0010001;324805.8917;6681433.862;1;1;1;1;1;1;1;1;1;NA;NA;1;1;1;1;1;1;1;1;1;1;1;1;1;1;NA;1
N0113031;334678.9178;6665422.997;1;1;1;0;0;1;1;1;0;NA;NA;1;1;1;0;1;1;1;1;1;1;1;1;1;0;NA;1
N0113032;344544.444;6652366.911;1;1;1;0;0;1;1;1;NA;0;1;1;0;1;0;1;1;1;1;1;1;1;0;0;0;NA;NA
N0204211;329382.0355;6653057.412;1;1;1;1;1;1;1;1;NA;1;1;1;1;1;1;1;1;1;1;1;1;1;1;1;1;NA;NA
N0210001;330621.6819;6647927.98;1;1;0;0;0;1;1;1;NA;0;1;1;0;1;0;1;1;1;1;1;1;1;0;0;0;NA;NA
N1001511;358071.4018;6640677.414;1;1;1;1;1;1;1;1;NA;1;1;1;1;1;1;1;1;1;1;1;1;1;1;1;1;NA;NA
N1014011;350186.8712;6647018.539;1;1;1;1;1;1;1;1;NA;1;1;1;1;1;1;1;1;1;1;1;1;1;1;1;1;NA;NA
N1110001;329788.0117;6643670.801;1;1;1;1;0;1;1;1;NA;1;1;1;1;1;1;1;1;1;1;1;1;1;1;1;1;NA;NA
N1203021;350533.3139;6627293.336;1;1;1;1;0;1;1;1;NA;1;1;1;0;1;0;1;1;1;1;1;1;1;0;0;0;NA;NA
N1203022;350945.0186;6631144.825;1;1;1;1;1;1;1;1;NA;1;1;0;0;1;1;1;1;1;1;1;1;1;0;0;0;NA;NA
N2013011;349465.7643;6625153.788;1;1;1;0;0;1;1;1;NA;1;1;1;1;1;1;1;1;1;1;1;1;1;1;0;0;NA;NA
N2024011;344699.5057;6618548.428;1;1;1;0;0;1;1;1;NA;1;1;1;1;1;1;1;1;1;1;1;1;1;1;0;0;NA;NA
N2040001;345503.9825;6616746.306;1;1;0;0;0;1;1;1;NA;0;1;1;0;1;0;1;1;0;0;1;1;1;0;0;0;NA;NA
N3010001;400710.1843;6629433.02;1;1;1;0;0;1;1;1;NA;1;1;1;1;1;1;1;1;0;0;1;1;1;0;0;0;NA;NA
N3100001;396303.742;6640657.462;1;1;1;1;1;1;1;1;NA;1;1;1;1;1;1;1;1;1;1;1;1;1;1;1;1;NA;NA
N3100002;396056.3231;6644455.435;1;1;1;1;1;1;1;1;NA;1;1;1;1;1;1;1;1;1;1;1;1;1;1;1;1;NA;NA
N3113011;379629.1399;6627875.442;1;1;1;0;0;1;1;1;NA;0;1;1;0;1;0;1;1;0;0;1;1;1;0;0;0;NA;NA
N3210001;400604.3982;6613851.411;1;1;1;1;0;1;1;1;NA;1;1;1;1;1;1;1;1;1;1;1;1;1;1;1;1;NA;NA
N3308211;381324.8208;6619612.164;1;1;1;1;0;1;1;1;NA;1;1;1;1;1;1;1;1;1;1;1;1;1;1;1;0;NA;NA
N3403011;371859.2224;6633272.604;1;1;1;0;0;1;1;1;NA;0;1;1;1;1;0;1;1;1;1;1;1;1;1;0;0;NA;NA
N3410001;359254.6795;6628623.31;1;1;1;1;1;1;1;1;NA;1;1;1;1;1;1;1;1;1;1;1;1;1;1;1;1;NA;NA
N3410002;355581.7854;6631079.717;1;1;1;1;1;1;1;1;NA;0;1;1;0;1;1;1;1;1;1;1;1;1;1;0;0;NA;NA
N4000611;464054.1225;6586646.498;1;1;1;1;0;1;1;1;1;1;1;1;1;1;1;1;1;1;1;1;1;1;1;1;1;NA;NA
N4000612;464313.764;6586522.991;1;1;0;0;1;1;1;1;1;1;1;1;1;1;0;1;1;0;0;1;1;1;0;0;0;NA;NA
N4000613;457223.8518;6594204.867;1;1;1;0;0;1;1;1;1;1;1;1;1;1;1;1;1;1;1;1;1;1;1;1;1;NA;NA
N4000614;462732.2937;6591969.765;1;1;1;1;1;1;1;1;1;1;1;1;1;1;1;1;1;1;1;1;1;1;1;1;1;NA;NA
N4000615;462482.7113;6591754.308;1;1;1;0;0;1;1;1;1;1;1;1;1;1;1;1;1;1;1;1;1;1;1;0;1;NA;NA
N4015211;457020.1847;6597097.469;1;1;1;0;0;1;1;1;1;1;1;1;1;1;1;1;1;1;1;1;1;1;1;0;0;NA;NA
N4104031;448329.2584;6598922.711;1;1;1;0;0;1;1;1;1;1;1;1;1;1;1;1;1;1;1;1;1;1;1;1;1;NA;NA
N4104032;448294.1888;6598964.094;1;1;1;0;0;1;1;1;1;1;1;1;1;1;1;1;1;0;1;1;1;1;1;0;0;NA;NA
N4120011;440466.7661;6603863.45;1;1;1;0;0;1;1;1;1;1;1;1;1;1;1;1;1;1;1;1;1;1;1;1;1;NA;NA
N4200010;449122.5546;6583833.038;1;1;1;0;0;1;1;1;1;1;1;1;1;1;1;1;1;1;1;1;1;1;1;1;0;NA;NA
N4204011;439384.5374;6585699.623;1;1;0;0;0;1;1;1;1;1;1;1;1;1;1;1;1;0;0;1;1;1;0;0;0;NA;NA
N4305211;436727.7415;6582153.967;1;1;0;0;0;1;1;1;0;0;1;1;1;1;0;1;1;0;1;1;1;1;0;0;0;NA;NA
N5000001;439294.0284;6608268.737;1;1;1;1;0;1;1;1;1;1;1;1;1;1;1;1;1;1;1;1;1;1;1;1;1;NA;NA
N5000002;436106.3317;6609113.203;1;1;1;0;0;1;1;1;1;1;1;1;1;1;1;1;1;1;1;1;1;1;1;1;1;NA;NA
N5000003;435715.0129;6606368.574;1;1;1;0;0;1;1;1;1;1;1;1;1;1;1;1;1;1;1;1;1;1;1;1;1;NA;NA
N5010001;432048.761;6609992.995;1;1;1;0;0;1;1;1;1;1;1;1;1;1;1;1;1;1;1;1;1;1;1;1;1;NA;NA
N5010002;429443.1179;6608697.595;1;1;1;1;0;1;1;1;1;1;1;1;1;1;1;1;1;1;1;1;1;1;1;1;1;NA;NA
N5201711;416164.4076;6595774.085;1;1;0;0;0;1;1;1;NA;0;1;1;0;1;0;1;1;0;0;1;1;1;0;0;0;NA;NA
N6003021;414348.0843;6576356.033;1;1;1;0;0;1;1;0;0;1;1;1;1;1;1;1;1;1;1;1;1;1;1;1;1;NA;NA
N6003022;417260.1369;6571519.646;1;1;1;0;0;1;1;1;0;1;1;0;0;1;1;1;1;0;0;1;1;1;0;0;0;NA;NA
N6003023;424396.8612;6569443.925;1;1;1;1;1;1;1;1;1;1;1;1;1;1;1;1;1;1;1;1;1;1;1;1;1;NA;NA
N6014011;434759.95;6573989.765;1;1;0;0;0;1;1;0;0;0;1;0;0;1;0;1;1;0;0;1;1;1;0;0;0;NA;NA
N6014012;415991.8058;6576323.039;1;1;0;0;0;1;1;0;0;1;1;0;0;1;1;1;1;1;1;1;1;1;0;0;0;NA;NA
N6014013;422605.884;6576473.754;1;1;1;1;1;1;1;1;1;1;1;1;1;1;1;1;1;1;1;1;1;1;1;1;1;NA;NA
N7114011;417955.697;6624338.487;1;1;1;1;1;1;1;1;NA;1;1;1;1;1;1;1;1;1;1;1;1;1;1;1;1;NA;NA
N7121811;405724.6995;6602196.441;1;1;1;0;0;1;1;1;NA;1;1;1;1;1;1;1;1;1;1;1;1;1;1;0;0;NA;NA
N8220021;407035.2618;6570017.135;1;1;1;1;0;1;1;1;0;1;1;1;1;1;1;1;1;1;1;1;1;1;1;1;0;NA;NA
N8220022;404909.6438;6572895.542;1;1;0;0;0;1;1;0;0;0;1;1;0;1;1;1;1;0;0;1;1;1;1;0;0;NA;NA
N8220023;404295.9168;6570167.472;1;1;1;0;0;1;1;1;0;0;1;1;0;0;1;1;1;0;0;1;1;1;0;0;0;NA;NA
N8220024;402454.0706;6565021.121;1;1;0;0;0;1;1;1;0;0;1;1;0;0;0;1;1;0;0;1;1;1;0;0;0;NA;NA
N8220025;399817.3406;6572734.216;1;1;0;0;0;1;1;0;0;0;1;0;0;1;1;1;1;0;0;1;1;1;0;0;0;NA;NA
N8220026;402196.3346;6572643.35;1;1;0;0;0;1;1;1;0;0;1;1;1;1;1;1;1;0;0;1;1;1;0;0;0;NA;NA
N8220027;396275.3034;6577335.425;1;1;0;0;0;1;1;0;0;0;1;0;0;0;0;1;1;0;1;1;1;1;0;0;0;NA;NA
N8220028;398551.4657;6567585.909;1;1;1;1;1;1;1;1;1;1;1;1;1;1;1;1;1;1;1;1;1;1;1;1;1;NA;NA
N8220029;398238.4107;6569793.486;1;1;1;0;0;1;1;1;1;1;1;1;1;1;1;1;1;1;1;1;1;1;1;1;1;NA;NA
N8220030;412394.6288;6567252.305;1;1;1;0;1;1;1;1;1;1;1;1;0;1;0;1;1;1;1;1;1;1;1;1;1;NA;NA
N8220031;397006.0175;6569087.37;1;1;1;1;1;1;1;1;1;1;1;1;1;1;1;1;1;1;1;1;1;1;1;1;1;NA;NA
N8220032;398875.4486;6573051.449;1;1;0;0;0;1;1;0;0;0;1;1;0;1;1;1;1;0;0;1;1;1;0;0;0;NA;NA
N8220033;399867.8015;6565912.233;1;1;1;0;0;1;1;1;0;1;1;1;1;1;1;1;1;1;1;1;1;1;0;0;0;NA;NA
N8220034;406447.1163;6569327.268;1;1;1;0;0;1;1;1;1;1;1;1;1;1;1;1;1;0;1;1;1;1;1;1;0;NA;NA
O0030001;496524.4;6193070;1;1;1;1;1;1;1;1;1;1;1;1;1;1;1;1;1;1;1;1;1;1;1;1;1;NA;NA
O0044021;504124.3;6192734.5;1;1;1;1;1;1;1;1;1;1;1;1;1;1;1;1;1;1;1;1;1;1;1;1;1;NA;NA
O0050021;508932.1;6212018;1;1;1;0;0;1;1;1;1;1;1;1;1;1;1;1;1;0;0;0;1;1;1;0;0;NA;NA
O0060001;496661.4;6206106.5;1;1;1;1;1;1;1;1;1;1;1;1;1;1;1;1;1;1;1;0;1;1;1;1;1;NA;NA
O0090001;500657.4233;6219219.587;1;0;0;1;0;1;1;1;0;0;1;1;0;1;0;1;1;0;0;0;1;0;0;0;0;NA;NA
O0135511;483153.3;6191764.5;1;0;0;0;0;1;1;1;0;0;1;1;0;0;0;1;1;0;0;0;1;1;0;0;0;NA;NA
O0135512;482766.045;6198116.768;1;1;1;1;1;1;1;1;1;1;1;1;1;1;1;1;1;1;1;1;1;1;1;1;1;NA;NA
O0154311;490063;6191444.5;1;1;1;1;1;1;1;1;1;1;1;1;1;1;1;1;1;1;1;1;1;1;1;1;1;NA;NA
O0154312;487985.1;6188765.5;0;1;0;0;1;1;1;1;0;1;1;1;1;1;0;0;0;1;0;0;1;0;0;0;0;NA;NA
O0174021;486051.8;6223225.5;1;1;1;1;1;1;1;1;1;1;1;1;1;1;1;1;1;1;1;1;1;1;1;1;1;NA;NA
O0174022;485301.1;6208325;1;1;1;1;1;1;1;1;1;1;1;1;1;1;1;1;1;1;1;1;1;1;1;1;1;NA;NA
O0174023;494394.8;6220095;1;1;1;1;1;1;1;1;1;1;1;1;1;1;1;1;1;1;1;1;1;0;1;1;1;NA;NA
O0180001;495554.3;6217768;1;1;1;1;1;1;1;0;1;1;1;1;1;1;1;1;1;1;1;1;1;1;1;1;1;NA;NA
O0180002;494891.7173;6215694.975;1;0;0;0;0;1;1;1;1;0;1;1;1;1;1;1;1;1;0;0;1;1;0;0;0;NA;NA
O0206711;507154.5;6220506.5;1;1;1;1;1;1;1;1;1;1;1;1;1;1;1;1;1;1;1;1;1;1;1;1;1;NA;NA
O0210001;516824.7;6223970.5;1;1;1;1;0;1;1;1;1;0;1;1;1;1;1;1;1;1;1;1;1;1;1;1;1;NA;NA
O0295311;512744;6230213;1;1;1;1;1;1;1;1;1;1;1;1;1;1;1;1;1;1;1;1;1;1;1;1;1;NA;NA
O0362521;553998;6200387.5;1;1;1;1;1;1;1;1;1;1;1;1;1;1;1;1;1;1;0;1;1;1;1;1;0;NA;NA
O0392521;553171.2;6208101.5;1;1;1;1;1;1;1;1;1;1;1;1;1;1;1;1;1;1;1;1;1;1;1;1;1;NA;NA
O0392522;549451.1;6209521;1;1;1;1;1;1;1;1;1;1;1;1;1;1;1;1;1;1;1;1;1;1;1;1;1;NA;NA
O0400001;530740.9;6193811;1;1;1;0;0;1;1;1;1;1;1;1;1;1;1;1;1;1;1;1;1;1;1;1;0;NA;NA
O0450001;525063.6;6203982;1;1;1;0;0;1;1;1;0;1;1;1;1;1;1;1;1;0;0;0;1;1;1;1;0;NA;NA
O0460001;527555;6206157;1;1;1;0;0;1;1;1;1;0;1;1;1;1;1;1;1;0;0;0;1;1;0;0;0;NA;NA
O0485110;539230.1;6208187.5;1;1;1;0;0;NA;NA;NA;NA;NA;NA;NA;NA;NA;NA;NA;NA;NA;NA;NA;NA;NA;NA;NA;NA;NA;NA
O0502521;547499.8138;6216039.857;1;1;1;0;0;1;1;1;1;1;1;1;1;1;1;1;1;1;1;1;1;1;1;0;0;NA;NA
O0502522;545896.7;6211655.5;1;1;1;1;0;1;1;1;0;1;1;1;1;1;1;1;1;0;0;1;1;1;1;0;0;NA;NA
O0510001;544948.6;6215247.5;1;1;0;0;0;1;1;0;1;1;1;1;1;1;0;1;1;0;0;0;1;1;1;0;0;NA;NA
O0525011;542167.7;6213210.5;1;1;1;0;1;1;1;1;1;1;1;1;1;1;1;1;1;1;1;1;1;1;1;1;1;NA;NA
O0540001;528437.6;6211283;1;1;1;1;1;1;1;1;1;1;1;1;1;1;1;1;1;1;1;1;1;1;1;1;1;NA;NA
O0554011;532593.4;6221909.5;1;1;1;1;1;1;1;1;1;1;1;1;1;1;1;1;1;1;1;1;1;1;1;1;1;NA;NA
O0600031;534293.6362;6237851.972;1;1;1;1;1;1;1;1;1;1;1;1;1;1;1;1;1;1;1;1;1;1;1;1;1;NA;NA
O0610001;551256.1;6218773;1;1;0;0;0;1;1;1;1;0;1;1;1;1;0;1;1;0;0;0;1;1;0;0;0;NA;NA
O0624011;553240.6;6222143.5;1;0;0;0;0;1;1;1;0;0;1;1;1;1;0;1;1;0;0;0;1;0;0;0;0;NA;NA
O0700001;573306.2;6212186.5;1;1;1;0;0;1;1;1;1;1;1;1;1;1;1;1;1;1;1;1;1;1;1;1;1;NA;NA
O0744041;565896.6;6220016;1;1;1;1;1;1;1;1;1;1;1;1;1;1;1;1;1;1;1;1;1;1;1;1;1;NA;NA
O0760001;561289.2;6229442;1;1;0;0;0;1;1;0;0;0;1;1;1;1;0;1;1;0;0;0;1;1;1;0;0;NA;NA
O0940001;533954.9;6244514;1;0;0;0;0;1;1;1;0;0;1;1;1;1;1;1;1;1;0;1;1;1;0;0;0;NA;NA
O1130001;573889.4;6188783.5;1;1;1;1;1;1;1;1;1;1;1;1;1;1;1;1;1;1;1;1;1;1;1;1;1;NA;NA
O1160001;581890;6183328;1;0;0;0;0;1;1;1;0;0;1;1;1;1;0;1;1;0;0;0;1;1;1;0;0;NA;NA
O1170001;585281.2;6187047.5;1;1;1;1;1;1;1;1;1;1;1;1;1;1;1;1;1;1;1;1;1;1;1;1;1;NA;NA
O1225011;588198.7817;6196446.878;1;1;1;1;1;1;1;1;1;1;1;1;1;1;1;1;1;1;1;1;1;1;1;1;1;NA;NA
O1310001;592279.1;6211189;1;1;1;1;1;1;1;1;1;1;1;1;1;1;1;1;1;1;1;1;1;1;1;1;1;NA;NA
O1330001;583422.3;6227900;1;1;1;1;0;1;1;1;1;1;1;1;1;1;1;1;1;1;1;1;1;1;1;1;1;NA;NA
O1350001;593322.7;6216659.5;1;1;1;1;1;1;1;1;1;1;1;1;1;1;1;1;1;1;1;1;1;1;1;1;1;NA;NA
O1410001;608287.6;6196151;1;1;1;1;1;1;1;1;1;1;1;1;1;1;1;1;1;1;1;1;1;1;1;1;1;NA;NA
O1425411;607436;6198946;1;1;1;1;1;1;1;1;1;1;1;1;1;1;1;1;1;1;1;1;1;1;1;1;1;NA;NA
O1464011;621924.0623;6204318.851;1;1;1;1;1;1;1;1;1;1;1;1;1;1;1;1;NA;1;1;1;1;1;1;1;1;NA;NA
O1494331;607490.2474;6207419.114;1;1;1;1;1;1;1;1;1;1;1;1;1;1;1;1;1;1;1;1;1;1;1;1;1;NA;NA
O1510001;623537.2638;6213650.618;1;1;1;0;0;1;1;1;1;1;1;1;1;1;1;1;NA;1;1;1;1;1;1;0;0;NA;NA
O1532921;608777.7;6219282.5;1;1;1;1;1;1;1;1;1;1;1;1;1;1;1;1;1;1;1;1;1;1;1;1;1;NA;NA
O1576911;603830.8342;6217071.073;1;1;0;0;0;1;1;1;0;0;1;1;0;0;0;1;0;0;0;0;1;0;0;0;0;NA;NA
O1584611;597837;6218481.5;1;1;1;1;1;1;1;1;1;1;1;1;1;1;1;1;1;1;1;1;1;1;1;1;1;NA;NA
O1600001;617080.5506;6229056.161;1;1;0;0;0;1;1;1;1;0;1;1;0;0;0;1;NA;0;0;0;1;1;0;0;0;NA;NA
O1610001;610769.9121;6232718.289;1;1;1;1;1;1;1;1;1;1;1;1;1;1;1;1;NA;1;1;0;1;1;1;1;0;NA;NA
O1700001;578201.7266;6245220.675;1;1;0;0;0;1;1;1;1;1;1;1;1;1;1;1;1;1;1;1;1;1;1;0;0;NA;NA
O1740001;574903.5;6255928.5;1;1;1;0;1;1;1;1;1;1;1;1;1;1;1;1;1;1;1;1;1;1;1;1;1;NA;NA
O1760001;578374;6258590;1;1;1;0;1;1;1;1;1;1;1;1;1;1;1;1;1;1;1;1;1;1;1;1;1;NA;NA
O1770001;578597.7394;6255421.816;1;1;0;0;0;1;1;1;1;1;1;1;1;1;1;1;1;1;1;1;1;1;1;1;1;NA;NA
O1804051;576857.2;6219366;1;1;0;1;1;1;1;1;1;1;1;1;1;1;1;1;1;1;1;1;1;1;1;1;1;NA;NA
O1814041;573030.1;6229632.5;1;1;0;0;0;1;1;1;1;0;1;1;1;1;0;1;1;1;1;1;1;1;1;0;0;NA;NA
O1814042;573451;6223449;1;1;0;0;0;1;1;1;1;0;1;1;1;1;0;1;1;0;0;0;1;1;1;0;0;NA;NA
O1824011;568055.9198;6235478.073;1;1;0;0;1;1;1;1;1;1;1;1;1;1;1;1;1;1;1;1;1;1;1;1;1;NA;NA
O1830001;569854.8;6237227;1;1;1;0;0;1;1;1;1;0;1;1;1;1;1;1;1;1;1;1;1;1;1;0;0;NA;NA
O2020001;540430.1;6250654.5;1;1;1;0;0;1;1;1;1;1;1;1;1;1;1;1;1;1;1;1;1;1;1;1;1;NA;NA
O2034011;550502;6257328;1;1;1;0;0;1;1;1;1;1;1;1;1;1;0;1;1;1;0;1;1;1;1;1;0;NA;NA
O2040001;549659.7;6264389.5;1;1;1;1;1;1;1;1;1;1;1;1;1;1;1;1;1;0;0;1;1;1;1;1;0;NA;NA
O2050001;556664.6238;6270218.5;1;1;1;1;1;1;1;1;1;1;1;1;1;1;1;1;1;1;1;1;1;1;1;1;1;NA;NA
O2050003;550425.5;6271666;1;1;1;1;1;1;1;1;1;1;1;1;1;1;1;1;1;1;1;1;1;1;1;1;1;NA;NA
O2070001;560238.2338;6265701.439;1;1;1;1;1;NA;NA;NA;NA;NA;NA;NA;NA;NA;NA;NA;NA;NA;NA;NA;NA;NA;NA;NA;NA;NA;NA
O2120001;559324.5438;6281315.116;1;1;1;1;1;1;1;1;1;1;1;1;1;1;1;1;1;1;1;1;1;1;1;1;1;NA;NA
O2130001;563883.7044;6281618.897;NA;NA;NA;NA;NA;1;1;1;1;1;1;1;1;1;1;1;1;1;1;1;1;1;1;1;1;NA;NA
O2130002;561610.1;6286102;1;1;1;1;1;1;1;1;1;1;1;1;1;1;1;1;1;1;1;1;1;1;1;1;1;NA;NA
O2200001;612321.0081;6238648.585;1;1;1;1;1;1;1;1;1;1;1;1;1;1;1;1;NA;1;1;1;1;1;1;1;1;NA;NA
O2222511;593283.7;6254116;1;1;0;0;0;1;1;1;1;1;1;1;1;1;1;1;1;1;1;1;1;1;1;1;1;NA;NA
O2230001;604282.5;6256097;1;1;1;1;0;1;1;1;1;1;1;1;1;1;1;1;1;1;1;1;1;1;1;1;0;NA;NA
O2230002;596699.2;6262021;1;1;0;0;0;1;1;1;1;1;1;1;1;1;1;1;1;1;0;0;1;1;1;0;0;NA;NA
O2250001;586664.1;6261453.5;1;1;1;1;1;1;1;1;1;1;1;1;1;1;1;1;1;1;1;1;1;1;1;1;1;NA;NA
O2260001;586299.0914;6271321.336;1;1;0;0;1;1;1;1;1;1;1;1;1;1;1;1;1;1;1;1;1;1;1;1;1;NA;NA
O2270001;589938.7867;6272154.715;1;1;1;1;1;1;1;1;1;1;1;1;1;1;1;1;1;1;1;1;1;1;1;1;1;NA;NA
O2280001;587183.6107;6277854.09;1;1;0;0;0;1;1;1;1;1;1;1;1;1;1;1;1;1;1;1;1;1;1;1;0;NA;NA
O2280002;587028;6282435.5;1;0;0;0;0;1;1;1;1;1;1;1;1;1;1;1;1;1;1;1;1;1;1;1;0;NA;NA
O2304021;608326.3736;6276105.288;1;1;0;0;0;1;1;1;1;1;1;1;1;1;0;1;1;1;0;NA;1;1;1;0;0;NA;NA
O2304022;609275.4746;6274906.643;1;1;0;0;0;1;1;1;1;1;1;1;1;1;1;1;1;1;1;NA;1;1;1;1;1;NA;NA
O2310001;605188.6;6273549;1;0;0;0;0;1;1;1;1;1;1;1;1;1;1;1;1;1;1;1;1;1;1;0;0;NA;NA
O2324011;608738.1;6266289;1;1;0;0;0;1;1;1;0;0;1;1;1;1;0;1;1;0;0;0;1;0;0;0;0;NA;NA
O2330001;591638.6388;6286704.144;1;1;0;0;1;1;1;1;1;1;1;1;1;1;1;1;1;1;1;1;1;1;1;1;1;NA;NA
O2410001;520046.8452;6247956.07;1;0;0;0;0;1;1;1;0;0;1;1;1;1;1;1;1;1;0;1;1;1;1;1;1;NA;NA
O2440001;522099.3;6257245;1;1;1;0;0;1;1;1;1;1;1;1;1;1;1;1;1;1;1;1;1;1;1;1;1;NA;NA
O2462931;527506.8198;6267667.781;1;1;0;0;0;1;1;1;1;1;1;1;1;1;1;1;1;0;0;1;1;1;1;0;0;NA;NA
O2470001;532427.2215;6264544.381;1;1;1;0;1;1;1;1;1;1;1;1;1;1;1;1;1;1;1;1;1;1;1;1;0;NA;NA
O2480001;536200.8866;6265326.835;1;1;0;0;0;1;1;1;1;1;1;1;1;1;1;1;1;1;1;1;1;1;1;1;1;NA;NA
O2517411;540181.6414;6267925.837;1;1;0;0;0;1;1;1;1;1;1;1;1;1;1;1;1;1;1;1;1;1;1;0;0;NA;NA
O2517412;543565.3987;6275230.162;1;1;0;0;0;1;1;1;1;1;1;1;1;1;1;1;1;1;1;1;1;1;1;1;0;NA;NA
O2530001;549498.8;6285395.5;1;1;0;0;0;1;1;1;1;1;1;1;1;1;1;1;1;1;1;1;1;1;1;1;1;NA;NA
O2540001;550962;6284752.381;1;1;1;1;1;1;1;1;1;1;1;1;1;1;1;1;1;0;1;1;1;1;1;1;1;NA;NA
O2550001;559745.6686;6290661.39;1;1;1;1;1;1;1;1;1;1;1;1;1;1;1;1;1;1;1;1;1;1;1;1;1;NA;NA
O2610001;554958.5;6295165;1;1;1;0;0;1;1;1;1;1;1;1;1;1;1;1;1;1;1;1;1;1;1;1;1;NA;NA
O2610002;554929.185;6300657.682;1;1;1;1;1;1;1;1;1;1;1;1;1;1;1;1;1;1;1;1;1;1;1;1;1;NA;NA
O2610003;559425.4;6302427;1;1;1;1;1;1;1;1;1;1;1;1;1;1;1;1;1;1;1;1;1;1;1;1;1;NA;NA
O2630001;554527.8751;6307988.057;1;1;1;1;1;1;1;1;1;1;1;1;1;1;1;1;1;1;1;1;1;1;1;1;1;NA;NA
O2650001;547716.1502;6308630.897;1;1;1;0;0;1;1;1;1;1;1;1;1;1;1;1;1;1;1;1;1;1;1;1;0;NA;NA
O2670001;543942.0886;6309215.982;1;1;1;1;1;1;1;1;1;0;1;1;0;1;0;1;1;0;0;0;1;1;1;1;0;NA;NA
O2720001;512958.3414;6260898.02;1;1;1;1;0;1;1;1;1;0;1;1;1;1;1;1;1;1;0;1;1;1;1;1;0;NA;NA
O2760001;533695.732;6283944.203;1;1;0;0;0;1;1;1;1;1;1;1;1;1;1;1;1;0;0;0;1;1;1;0;0;NA;NA
O2810001;537029.5631;6287429.797;1;1;0;0;0;1;1;1;1;1;1;1;1;1;1;1;1;1;1;1;1;1;1;0;0;NA;NA
O2830001;534237.6206;6297597.793;1;1;0;0;0;1;1;1;1;1;1;1;1;1;0;1;1;1;0;1;1;1;1;0;0;NA;NA
O2910001;534143.978;6316865.756;1;1;1;1;1;1;1;1;1;1;1;1;1;1;1;1;1;1;1;1;1;1;1;1;1;NA;NA
O2940001;543558.4676;6327983.807;1;1;1;1;1;1;1;1;1;1;1;1;1;1;1;1;1;1;1;1;1;1;1;1;1;NA;NA
O3006711;768575.8784;6365344.979;1;1;1;1;1;1;1;1;1;0;1;1;1;1;1;1;1;0;0;1;1;1;1;0;1;NA;NA
O3026211;754099.3811;6369361.531;1;1;1;1;1;1;1;1;1;1;1;1;1;1;1;1;1;1;1;1;1;1;1;1;1;NA;NA
O3070001;753271.8025;6349776.11;1;1;1;1;1;1;1;1;1;1;1;1;1;1;1;1;1;0;0;1;1;1;1;1;1;NA;NA
O3100001;746035.5161;6367604.645;1;1;1;1;1;1;1;1;1;1;1;1;1;1;1;1;1;1;1;1;1;1;1;1;1;NA;NA
O3210001;709670.9251;6347845.129;1;1;0;0;0;1;1;1;1;0;1;1;1;1;1;1;1;1;0;0;1;1;1;0;0;0;NA
O3230001;704741.3;6344806.5;1;1;1;1;0;1;1;1;1;1;1;1;1;1;1;1;1;1;1;1;1;1;1;1;1;1;NA
O3354311;729819.23;6330852.745;1;1;1;0;1;1;1;1;1;0;1;1;1;1;1;1;1;0;1;1;1;1;1;0;1;NA;NA
O3354312;731665.7856;6332038.546;1;1;1;1;1;1;1;1;1;1;1;1;1;1;1;1;1;1;1;1;1;1;1;1;1;NA;NA
O3424031;698573.0073;6328300.19;1;1;1;1;1;1;1;1;1;1;1;1;1;1;1;1;1;1;1;1;1;1;1;1;1;1;NA
O3440001;696440.1;6341547.5;1;1;1;0;0;1;1;1;1;1;1;1;1;1;1;1;1;0;0;1;1;1;1;1;0;1;NA
O3500001;692408.2;6287594.5;1;1;0;0;0;1;1;1;0;0;1;1;1;1;1;1;1;0;0;NA;1;1;1;0;0;NA;NA
O3510001;702474.9;6298527.5;1;1;0;0;0;1;1;1;0;0;1;1;0;0;1;1;0;0;0;1;1;1;0;0;0;1;NA
O3584621;691970.3;6318736.5;1;1;1;0;0;1;1;1;1;1;1;1;1;1;1;1;1;1;1;1;1;1;0;1;1;1;NA
O3601021;675630.0635;6317015.247;1;1;0;0;0;1;1;1;0;0;1;0;1;1;1;1;0;0;0;0;1;1;1;0;0;1;NA
O3760001;669724.5564;6313312.209;1;1;1;0;0;1;1;1;1;1;1;1;1;1;1;1;1;1;0;1;1;1;1;1;1;1;NA
O3774011;667101.3223;6317499.543;1;1;1;1;1;1;1;1;1;1;1;1;1;1;1;1;1;1;1;1;1;1;1;1;1;1;NA
O3840001;646374.2065;6315399.74;1;1;1;1;1;1;1;1;1;1;1;1;1;1;1;1;1;1;1;NA;1;1;1;1;1;NA;NA
O3940001;619536.2;6312154;1;1;0;0;0;1;1;1;1;1;1;1;1;1;1;1;1;1;1;NA;1;1;1;1;1;NA;NA
O4010001;682878.6625;6277745.488;1;1;1;1;NA;1;1;1;1;1;1;1;NA;1;1;1;1;1;1;1;1;1;1;1;1;NA;NA
O4021011;688191.4285;6287647.042;1;1;1;1;1;1;1;1;1;1;1;1;1;1;1;1;1;1;1;NA;1;1;1;1;1;NA;NA
O4030001;682453.4;6291132;1;1;1;1;1;1;1;1;1;1;1;1;1;1;1;1;1;1;1;NA;1;1;1;1;1;NA;NA
O4210001;649706.1;6283819;1;1;1;1;1;1;1;1;1;1;1;1;1;1;1;1;1;1;1;NA;1;1;1;1;1;NA;NA
O4300001;671465.9;6263334.5;1;1;1;1;1;1;1;1;1;1;1;1;1;1;1;1;1;1;1;NA;1;1;1;1;1;NA;NA
O4316911;658420.3336;6264769.356;1;1;1;1;1;1;1;1;1;1;1;1;1;1;1;1;1;1;1;NA;1;1;1;1;1;NA;NA
O4394031;640295;6269292.5;1;1;1;1;1;1;1;1;1;1;1;1;1;1;1;1;1;1;1;NA;1;1;1;1;1;NA;NA
O4500001;632393.7;6260154.5;1;1;1;1;1;1;1;1;1;1;1;1;1;1;1;1;1;1;1;NA;1;1;1;1;1;NA;NA
O4514031;623314.7;6262112.5;1;1;1;1;1;1;1;1;1;1;1;1;1;1;1;1;1;1;1;NA;1;1;1;1;1;NA;NA
O4544021;627952.2;6270867;1;1;0;0;0;1;1;1;1;1;1;1;1;1;1;1;1;1;1;NA;1;1;1;0;0;NA;NA
O4550001;634957.7;6272878.5;1;1;0;1;1;1;1;1;1;1;1;1;1;1;1;1;1;1;1;NA;1;1;1;1;1;NA;NA
O4610001;630740.2;6286950;1;1;1;1;0;1;1;1;1;1;1;1;1;1;1;1;1;1;1;NA;1;1;1;1;1;NA;NA
O4610002;630962.2225;6286605.928;1;1;1;0;0;1;1;1;1;1;1;1;1;1;1;1;1;1;0;NA;1;1;1;0;0;NA;NA
O4640001;620292.157;6281564.123;1;1;1;1;0;1;1;1;1;1;1;1;1;1;1;1;1;1;1;NA;1;1;1;1;1;NA;NA
O4680001;612148.1;6291065.5;1;1;1;0;0;1;1;1;1;1;1;1;1;1;1;1;1;1;1;NA;1;1;1;0;0;NA;NA
O4704031;655776.2;6302785.5;1;1;1;1;1;1;1;1;1;1;1;1;1;1;1;1;1;1;1;NA;1;1;1;1;1;NA;NA
O4704032;667382.8;6300724;1;1;1;1;1;1;1;1;1;1;1;1;1;1;1;1;1;1;1;NA;1;1;1;1;1;NA;NA
O4710001;656400.1631;6307810.854;1;1;1;1;1;1;1;1;1;1;1;1;1;1;1;1;1;1;1;NA;1;1;1;1;1;NA;NA
O4745611;638019.4804;6295039.799;1;1;0;0;0;1;1;1;1;1;1;1;1;1;1;1;1;1;0;NA;1;1;1;0;1;NA;NA
O4760001;634331.3;6303495.5;1;1;1;1;1;1;1;1;1;1;1;1;1;1;1;1;1;1;1;NA;1;1;1;1;1;NA;NA
O4780001;625034.4508;6301730.619;1;1;1;0;0;1;1;1;1;1;1;1;1;1;1;1;1;0;0;NA;1;1;1;0;0;NA;NA
O4920001;580025.7756;6300788.41;1;0;0;0;0;1;1;1;0;0;1;1;0;0;0;1;1;0;0;0;1;1;1;0;0;NA;NA
O4931011;573205.2;6303630;1;0;0;0;1;1;1;1;1;1;1;1;1;1;1;1;1;1;1;1;1;1;1;1;1;NA;NA
O4931012;570393.8;6306350.5;1;1;0;1;1;1;1;1;1;1;1;1;1;1;1;1;1;1;1;1;1;1;1;1;1;NA;NA
O4931013;574893.8038;6309643.606;1;1;1;0;1;1;1;1;1;1;1;1;1;1;1;1;1;1;1;1;1;1;1;1;1;NA;NA
O4941011;564341.9313;6311870.545;1;1;0;0;0;1;1;1;1;1;1;1;0;1;0;1;1;0;1;1;1;1;1;1;0;NA;NA
O4941012;570084.6808;6317463.337;1;1;1;1;1;1;1;1;1;1;1;1;1;1;1;1;1;0;1;1;1;1;1;0;0;NA;NA
O4950001;596321.6512;6313556.908;1;1;1;0;1;1;1;1;1;1;1;1;1;1;1;1;1;1;1;NA;1;1;1;1;1;NA;NA
O4960001;579781.7663;6315988.74;1;1;1;1;1;1;1;1;1;1;1;1;1;1;1;1;1;1;1;1;1;1;1;1;1;NA;NA
O4970001;591276.6;6319169;1;1;0;0;1;1;1;1;1;1;1;1;1;1;1;1;1;1;1;NA;1;1;1;1;1;NA;NA
O4970002;586449.4;6319041.5;1;1;0;0;0;1;1;1;1;1;1;1;1;1;1;1;1;1;1;1;1;1;1;1;1;NA;NA
O4991031;561145.4412;6332228.244;1;1;1;1;0;1;1;1;1;1;1;1;1;1;1;1;1;1;1;1;1;1;1;1;1;NA;NA
O5000001;705932.084;6354515.192;1;1;1;0;0;1;1;1;1;1;1;1;1;1;1;1;1;1;1;1;1;1;1;1;1;1;NA
O5060001;677940.3299;6364795.934;1;1;0;0;0;1;1;1;0;1;1;1;1;1;1;1;1;1;1;1;1;1;1;1;1;1;NA
O5100001;670866.8186;6354574.21;1;1;1;0;1;1;1;1;0;1;1;1;1;1;1;1;1;0;0;1;1;1;1;1;1;1;NA
O5120001;656054;6363727.5;1;1;0;0;0;1;1;1;0;0;1;1;1;1;1;1;1;0;0;1;1;1;1;0;1;1;NA
O5200001;643850.9;6370379.5;1;1;1;0;0;1;1;1;0;1;1;1;1;1;1;1;1;0;1;1;1;1;1;1;1;1;NA
O5210001;634300.4;6369559.5;1;1;0;0;0;1;1;0;0;1;1;1;1;1;1;1;1;0;0;1;1;1;1;0;0;1;NA
O5270001;628283.7;6348617.5;1;1;1;0;1;1;1;1;1;1;1;1;1;1;1;1;1;1;1;1;1;1;1;1;1;1;NA
O5322911;681759.4;6353737;1;1;1;0;0;1;1;1;1;1;1;1;1;1;1;1;1;0;0;1;1;1;1;1;1;1;NA
O5330001;691335.4937;6344164.149;1;1;1;1;1;1;1;1;1;1;1;1;1;1;1;1;1;1;1;1;1;1;1;1;1;1;NA
O5350001;677655.5648;6347346.371;1;1;1;1;1;1;1;1;1;1;1;1;1;1;1;1;1;1;1;1;1;1;1;1;1;1;NA
O5390001;650990.5;6343551;1;1;1;1;1;1;1;1;1;1;1;1;1;1;1;1;1;1;1;1;1;1;1;1;1;1;NA
O5490001;649704.7;6344607;1;1;1;1;1;1;1;1;1;1;1;1;1;1;1;1;1;1;1;1;1;1;1;1;1;1;NA
O5552911;624769.2;6341688;1;1;0;0;0;1;1;1;1;0;1;1;1;1;1;1;1;0;0;NA;1;1;1;0;0;NA;NA
O5602521;610331.8;6348391;1;1;1;0;1;1;1;1;1;1;1;1;1;1;1;1;1;1;1;1;1;1;1;1;1;NA;NA
O5610001;654671.7623;6331118.162;1;1;0;0;0;1;1;1;0;1;1;0;1;1;1;1;1;0;0;1;1;1;1;0;0;0;NA
O5640001;638166.7;6332503;1;1;1;0;0;1;1;1;1;1;1;1;1;1;1;1;1;1;1;NA;1;1;1;1;1;NA;NA
O5730001;604423.1;6321421;1;1;0;0;0;1;1;1;0;1;1;1;1;1;0;1;1;0;0;NA;1;1;1;0;0;NA;NA
O5762511;587898.8045;6334709.82;1;1;1;1;1;1;1;1;1;1;1;1;1;1;1;1;1;1;1;1;1;1;1;1;1;NA;NA
O5770001;585469.8;6327116.5;1;1;1;1;1;1;1;1;1;1;1;1;1;1;1;1;1;1;1;1;1;1;1;1;1;NA;NA
O5800001;591738.3567;6351079.925;1;1;1;1;1;1;1;1;1;1;1;1;1;1;1;1;1;1;1;1;1;1;1;1;1;NA;NA
O5810001;591092.1;6343863.5;1;1;1;1;1;1;1;1;1;1;1;1;1;1;1;1;1;1;1;1;1;1;1;1;1;NA;NA
O5830001;579592.7924;6339568.368;1;1;1;0;0;1;1;1;1;1;1;1;1;1;1;1;1;1;1;1;1;1;1;0;0;NA;NA
O5854011;576239.6;6328963.5;1;1;1;1;1;1;1;1;1;1;1;1;1;1;1;1;1;1;1;1;1;1;1;1;1;NA;NA
O5854012;573794.3;6327800.5;1;0;0;0;0;1;1;0;1;1;1;1;0;0;0;1;0;0;0;1;1;1;1;0;0;NA;NA
O5870001;562495.3598;6332275.687;1;1;1;1;1;1;1;1;1;1;1;1;1;1;1;1;1;1;1;1;1;1;1;1;1;NA;NA
O5901011;559241.1786;6333983.746;1;0;0;0;0;1;1;1;1;0;1;1;0;0;0;1;1;0;1;0;1;1;1;1;1;NA;NA
O5901012;557074.6;6334214.5;1;1;1;1;1;1;1;1;1;1;1;1;1;1;1;1;1;1;1;1;1;1;1;1;1;NA;NA
O5920001;573247.5;6350166.5;1;1;1;0;0;1;1;1;1;1;1;0;1;1;0;1;1;0;1;1;1;1;1;0;0;NA;1
O5920002;566565.2559;6342879.703;1;1;1;1;1;1;1;1;1;1;1;1;1;1;1;1;1;1;1;1;1;1;1;1;1;NA;NA
O5930001;569209.0382;6343240.902;1;1;1;1;1;1;1;1;1;1;1;1;1;1;1;1;1;1;1;1;1;1;1;1;1;NA;NA
O5950001;573645.8519;6355039.104;1;1;1;0;1;1;1;1;1;1;1;0;1;1;1;1;1;1;1;1;1;1;1;1;1;NA;1
O5964021;557610.7729;6344358.929;1;1;0;0;0;1;1;1;1;1;1;1;1;1;1;1;1;0;1;1;1;1;1;1;1;NA;NA
O5970001;549496.1795;6335663.629;1;1;0;0;0;1;1;1;1;1;1;1;1;1;1;1;1;0;1;1;1;1;1;1;1;NA;NA
O5990001;544377.89;6335072.297;1;1;1;1;1;1;1;1;1;1;1;1;1;1;1;1;1;1;1;1;1;1;1;1;1;NA;NA
O6000011;533053.5792;6330345.603;1;1;1;0;0;1;1;1;1;1;1;1;1;1;1;1;1;1;1;1;1;1;1;1;1;NA;NA
O6000012;530132;6325462.5;1;1;1;1;1;1;1;1;1;1;1;1;1;1;1;1;1;1;1;1;1;1;1;1;1;NA;NA
O6000013;537297.741;6329395.519;1;1;1;0;1;1;1;1;1;1;1;1;1;1;1;1;1;1;1;1;1;1;1;1;1;NA;NA
O6010001;536964.2;6336067;1;1;1;1;1;1;1;1;1;1;1;1;1;1;1;1;1;1;1;1;1;1;1;1;1;NA;NA
O6020001;507822.7575;6254156.391;1;1;1;1;0;1;1;1;1;1;1;1;1;1;1;1;1;0;0;1;1;1;1;1;1;NA;NA
O6070001;523685.0375;6302205.17;1;1;0;0;0;1;1;1;0;0;1;1;1;0;0;1;1;0;0;0;1;1;1;0;0;NA;NA
O6070002;523563.2159;6298805.194;1;1;1;1;0;1;1;1;1;1;1;1;1;1;1;1;1;1;1;1;1;1;1;1;1;NA;NA
O6080001;523390.6932;6309325.282;1;1;0;0;0;1;1;1;1;1;1;1;1;0;0;1;1;0;0;0;1;1;1;0;0;NA;NA
O6110001;572306.1;6357918.5;1;1;1;0;0;1;1;1;1;1;1;0;1;1;1;1;1;0;1;1;1;1;1;0;0;NA;1
O6110002;556492.8637;6350346.935;1;1;1;0;1;1;1;1;1;1;1;1;1;1;1;1;1;1;1;1;1;1;1;1;1;NA;NA
O6125011;565257.8607;6361716.474;1;1;1;1;0;1;1;1;1;1;1;0;1;1;0;1;1;1;1;1;1;1;1;1;1;NA;0
O6125012;560766.3;6364017;1;1;1;1;0;1;1;1;1;1;1;1;1;1;0;1;1;1;1;1;1;1;1;0;0;NA;1
O6125013;552241.7;6355150.5;1;1;1;1;1;1;1;1;1;1;1;1;1;1;1;1;1;1;1;1;1;1;1;1;1;NA;NA
O6125014;551901.9786;6352391.212;1;1;1;1;1;1;1;1;1;1;1;1;1;1;1;1;1;0;1;1;1;1;1;1;1;NA;NA
O6134011;534214.2;6338867;1;1;1;1;1;1;1;1;1;1;1;1;1;1;1;1;1;1;1;1;1;1;1;1;1;NA;NA
O6150001;517092.9303;6321648.722;1;1;1;0;0;1;1;1;1;1;1;1;1;1;1;1;1;0;0;1;1;1;1;0;0;NA;NA
O6150002;521233.9647;6334476.953;1;1;1;1;1;1;1;1;1;1;1;1;1;1;1;1;1;1;1;1;1;1;1;1;1;NA;NA
O6160001;517358.6297;6338675.333;1;1;0;0;0;1;1;0;0;0;1;1;1;1;NA;1;1;0;0;0;1;1;1;0;0;NA;NA
O6170001;558482.63;6367370.136;1;1;1;1;0;1;1;1;0;0;1;0;1;0;0;1;1;1;1;1;1;1;1;1;0;NA;1
O6170002;532611.486;6349787.783;1;1;1;0;1;1;1;1;1;1;1;1;1;1;NA;1;1;1;1;1;1;1;1;1;1;NA;NA
O6170003;537550.9;6346691.5;1;1;1;1;1;1;1;1;1;1;1;1;1;1;1;1;1;1;1;1;1;1;1;1;1;NA;NA
O6180001;525003.3;6354021.5;1;1;1;1;1;1;1;1;0;0;1;1;1;1;NA;1;1;0;0;1;1;1;1;0;0;NA;NA
O6180002;536470.081;6356356.586;1;1;1;1;1;1;1;1;1;1;1;1;1;1;1;1;1;0;1;1;1;1;1;1;1;NA;NA
O6180003;536547.8;6360020.5;1;1;1;0;0;1;1;1;1;1;1;1;1;1;1;1;1;0;1;1;1;1;1;1;1;NA;NA
O6194611;516147.4;6344183;1;1;0;0;0;1;1;1;0;0;1;1;1;1;NA;1;1;0;0;1;1;1;1;0;0;NA;NA
O6254011;500817.0698;6273580.836;1;0;0;0;0;1;1;1;1;1;1;1;1;1;0;1;1;0;0;0;1;1;1;0;0;NA;NA
O6254012;502527.7506;6280394.92;1;1;0;0;0;1;1;1;0;1;1;1;1;1;0;1;1;0;0;0;1;1;1;0;0;NA;NA
O6302521;510648.1296;6281632.365;1;1;1;0;0;1;1;1;1;1;1;1;1;1;1;1;1;0;0;0;1;1;1;1;0;NA;NA
O6320001;512253.488;6296301.488;1;1;1;0;0;1;1;1;1;1;1;1;1;0;0;1;1;0;0;1;1;1;0;1;0;NA;NA
O6332512;506984.2985;6304187.124;1;1;1;1;1;1;1;1;1;1;1;1;1;1;1;1;1;1;0;1;1;1;1;1;0;NA;NA
O6340001;505457.39;6312703.586;1;1;1;1;1;1;1;1;1;1;1;1;1;1;1;1;1;1;0;1;1;1;1;0;1;NA;NA
O6350001;503850.4676;6323223.787;1;1;1;0;0;1;1;1;1;1;1;1;1;1;1;1;1;0;0;1;1;1;1;0;0;NA;NA
O6360001;507842.236;6327124.664;1;1;1;1;1;1;1;1;1;1;1;1;1;1;1;1;1;1;1;1;1;1;1;1;1;NA;NA
O6370001;512130.5;6336974.5;1;0;0;0;0;NA;NA;NA;NA;NA;NA;NA;NA;NA;NA;NA;NA;NA;NA;NA;NA;NA;NA;NA;NA;NA;NA
O6400011;508403.5979;6342177.531;1;1;0;0;0;1;1;1;1;1;1;1;1;1;NA;1;1;1;1;1;1;1;1;1;1;NA;NA
O6410001;515985.119;6351207.647;1;1;1;0;0;1;1;1;1;1;1;1;1;1;NA;1;1;0;0;1;1;1;1;1;1;NA;NA
O6410002;511638.3;6353989.5;1;1;0;0;0;1;1;1;1;0;1;1;1;1;NA;1;1;0;0;1;1;1;1;0;0;NA;NA
O6410003;504712.0495;6344983.973;1;1;0;0;0;1;1;1;1;1;1;1;1;1;NA;1;1;1;0;1;1;1;1;1;1;NA;NA
O6420001;498636.1918;6347840.818;1;1;0;0;0;1;1;1;0;1;1;1;0;0;NA;1;1;0;0;1;1;1;0;0;0;NA;NA
O6420002;500528.4;6352433;1;1;1;0;0;1;1;1;1;1;1;1;1;1;NA;1;1;1;0;1;1;1;1;1;1;NA;NA
O6445011;507248.7;6358940;1;1;1;0;1;1;1;1;1;1;1;1;1;1;NA;1;1;0;1;1;1;1;1;1;0;NA;NA
O6460001;494924.1411;6323336.059;1;1;1;0;0;1;1;1;1;1;1;1;1;1;1;1;1;1;1;1;1;1;1;0;0;NA;NA
O6460002;495597.6527;6339805.816;1;1;1;0;0;1;1;1;1;0;1;1;1;1;NA;1;1;1;0;1;1;1;1;1;1;NA;NA
O6502511;483216.2891;6225539.273;1;1;1;1;1;1;1;1;1;1;1;1;1;1;1;1;1;1;1;1;1;1;1;1;0;NA;NA
O6510001;490129.9232;6260013.926;1;1;1;1;0;1;1;1;1;1;1;1;1;1;1;1;1;1;1;1;1;1;1;1;1;NA;NA
O6510002;487084.2944;6252017.879;1;1;1;0;0;1;1;1;1;0;1;1;1;1;0;1;1;1;0;0;1;1;1;0;0;NA;NA
O6510003;486315.9;6250198.5;1;1;1;0;0;1;1;1;1;1;1;1;1;1;1;1;1;1;1;1;1;1;1;0;0;NA;NA
O6564311;493220.2469;6246558.511;1;1;0;0;0;1;1;1;0;1;1;1;1;1;0;1;1;1;0;1;1;1;1;1;0;NA;NA
O6620001;489455.2598;6307857.395;1;1;1;1;0;1;1;1;1;1;1;1;1;1;1;1;1;1;1;1;1;1;1;0;0;NA;NA
O6640001;497505.4341;6296998.836;1;1;1;1;1;1;1;1;1;1;1;1;1;1;1;1;1;1;0;1;1;1;1;1;0;NA;NA
O6670001;491427.478;6316353.566;1;1;1;0;1;1;1;1;1;1;1;1;1;1;1;1;1;0;0;1;1;1;1;0;1;NA;NA
O6692921;489852.4;6336293;1;1;1;0;0;1;1;1;1;0;1;1;1;0;NA;1;1;1;0;0;1;1;1;1;1;NA;NA
O6713311;468501.9762;6305220.954;1;1;1;1;1;1;1;1;1;1;1;1;1;1;1;1;1;1;1;1;1;1;1;1;1;NA;NA
O6730001;471197.8211;6314340.911;1;1;1;1;1;1;1;1;1;1;1;1;1;1;1;1;1;1;1;1;1;1;1;1;1;NA;NA
O6730002;475951.105;6303648.333;1;1;1;1;1;1;1;1;1;1;1;1;1;1;1;1;1;1;1;1;1;1;1;1;1;NA;NA
O6750001;469273.9;6332537;1;1;1;1;1;1;1;1;1;1;1;1;1;1;NA;1;1;1;1;1;1;1;1;1;1;NA;NA
O6793331;477437.5;6339155;1;1;1;1;1;1;1;1;1;1;1;1;1;1;NA;1;1;1;1;1;1;1;1;1;1;NA;NA
O6800001;483168.9818;6259254.787;1;1;1;1;1;1;1;1;1;1;1;1;1;1;1;1;1;1;1;1;1;1;1;1;1;NA;NA
O6830001;484025.3855;6289461.891;1;1;1;0;1;1;1;1;1;1;1;1;1;1;1;1;1;1;1;1;1;1;0;1;1;NA;NA
O6840001;478292.074;6279472.34;1;1;0;0;0;1;1;1;1;1;1;1;1;1;1;1;1;1;0;1;1;1;0;1;0;NA;NA
O6870001;482296.5849;6313166.692;1;1;1;0;0;1;1;1;1;1;1;1;1;1;1;1;1;1;0;1;1;1;0;0;0;NA;NA
O6900001;482385.2;6345154;1;1;1;1;1;1;1;1;1;1;1;1;1;1;NA;1;1;1;1;1;1;1;1;1;1;NA;NA
O6912921;487770;6348797.5;1;1;1;0;0;1;1;1;1;1;1;1;1;1;NA;1;1;1;0;1;1;1;1;1;1;NA;NA
O6930001;486230.7;6359567.5;1;1;1;0;0;1;1;1;1;1;1;1;1;1;NA;1;1;1;0;1;1;1;1;1;1;NA;NA
O7001511;759955.344;6377126.487;1;1;1;0;1;1;1;1;1;0;1;1;1;1;1;1;0;0;0;1;1;1;1;0;1;NA;NA
O7035011;743303.78;6376144.411;1;1;0;0;0;1;1;0;0;0;1;0;1;1;1;1;0;0;0;1;1;1;0;0;0;NA;NA
O7120001;719077.7375;6393466.988;1;1;1;1;1;1;1;1;1;1;1;1;1;1;1;1;1;1;1;1;1;1;1;1;1;NA;NA
O7145221;725878.9513;6383139.353;1;1;1;1;1;1;1;1;1;1;1;1;1;1;1;1;1;1;1;1;1;1;1;1;1;NA;NA
O7175011;718137.6122;6384832.755;1;1;1;1;1;1;1;1;1;1;1;1;1;1;1;1;1;1;0;1;1;1;1;1;1;NA;NA
O7202511;718594.1798;6368334.974;1;0;0;0;0;1;1;0;0;0;1;1;1;1;1;1;1;1;0;0;1;1;1;0;0;NA;NA
O7270001;677545.3;6385521.5;1;1;1;0;0;1;1;1;0;0;1;0;1;1;1;1;0;0;0;0;1;1;1;0;0;0;NA
O7270002;684121.6;6392130.5;1;1;1;1;1;1;1;1;1;1;1;1;1;1;1;1;1;1;1;1;1;1;1;1;1;1;NA
O7300001;733495.3625;6400044.552;1;1;1;1;1;1;1;1;1;1;1;1;1;1;1;1;1;1;1;1;1;1;1;1;1;NA;NA
O7330001;722085.7642;6405596.554;1;1;1;1;1;1;1;1;1;1;1;1;1;1;1;1;1;1;1;1;NA;NA;NA;NA;NA;NA;NA
O7330002;716258.2692;6401111.719;1;1;1;1;1;1;1;1;1;1;1;1;1;1;1;1;1;1;1;1;1;1;1;1;1;NA;NA
O7340001;719317.4738;6411275.146;1;1;1;1;1;1;1;1;1;1;1;1;1;1;1;1;1;1;1;1;1;1;1;1;1;NA;NA
O7360001;737782.8494;6410168.711;1;1;1;1;1;1;1;1;1;1;1;1;1;1;1;1;1;0;1;0;1;1;1;0;1;NA;NA
O7370001;728527.8;6414251.5;1;1;1;1;1;1;1;1;1;1;1;1;1;1;1;1;1;1;1;1;1;1;1;1;1;NA;NA
O7434011;702054.9038;6437436.928;1;1;1;0;1;1;1;NA;NA;1;1;1;1;1;1;1;1;0;0;1;1;1;0;0;0;1;NA
O7450001;710639.1;6440359;1;1;1;0;1;1;1;NA;NA;1;1;1;1;1;1;1;1;1;1;1;1;1;1;0;1;1;NA
O7450002;716412;6436701.819;1;1;1;1;1;1;1;NA;NA;1;1;1;1;1;1;1;1;1;1;1;1;1;1;1;1;1;NA
O7470001;695533.7594;6432034.518;1;1;1;1;1;1;1;NA;NA;1;1;1;1;1;1;1;1;1;1;1;1;1;1;1;0;1;NA
O7502521;707148.293;6389347.394;1;1;1;1;1;1;1;1;1;1;1;1;1;1;1;1;1;0;1;1;1;1;1;1;1;NA;NA
O7520001;699833.2619;6396140.896;1;1;1;1;1;1;1;1;1;1;1;1;1;1;1;1;1;1;1;1;1;1;1;1;1;NA;NA
O7540001;702965.8363;6404464.537;1;1;1;1;1;1;1;1;1;1;1;1;1;1;1;1;1;1;1;1;1;1;1;1;1;NA;NA
O7600001;700606.3;6424324;1;1;1;1;1;1;1;NA;NA;1;1;1;1;1;1;1;1;1;1;1;1;1;1;1;1;1;NA
O7710001;684956.4687;6411698.138;1;1;1;1;1;1;1;1;1;1;1;1;1;1;1;1;1;1;1;1;1;1;1;1;1;1;NA
O7780001;681357.9165;6400290.958;1;1;1;1;1;1;1;1;1;1;1;1;1;1;1;1;1;1;1;1;1;1;1;1;1;1;NA
O8070001;653133.9845;6383095.703;1;1;1;0;0;1;1;1;1;1;1;1;1;1;1;1;1;1;1;1;1;1;1;0;1;1;NA
O8080001;653592.1512;6388588.889;1;1;1;1;1;1;1;1;1;1;1;1;1;1;1;1;1;1;1;1;1;1;1;1;1;1;NA
O8160001;625986.2;6385263;1;1;1;0;1;1;1;1;1;1;1;1;1;1;1;1;1;1;1;1;1;1;1;1;1;1;NA
O8160002;635560.4;6371858.5;1;1;1;0;0;1;1;1;0;1;1;1;1;1;1;1;1;1;1;1;1;1;1;1;1;1;NA
O8201511;650683.8;6400688.5;1;1;1;1;1;1;1;1;1;1;1;1;1;1;1;1;1;1;1;1;1;1;1;1;1;1;NA
O8270001;637697.4769;6396955.401;1;1;0;0;0;1;1;1;1;1;1;0;1;1;1;1;0;0;0;1;1;1;1;0;0;1;NA
O8280001;630350.7;6395967;1;1;1;1;1;1;1;1;1;1;1;1;1;1;1;1;1;1;1;1;1;1;1;1;1;NA;1
O8290001;632198.7;6391652.5;1;1;0;0;0;1;1;0;0;1;1;0;1;1;1;1;1;0;1;1;1;1;1;0;0;NA;1
O8300001;627823.8397;6398182.18;1;1;1;1;1;1;1;1;1;1;1;1;1;1;1;1;1;1;1;1;1;1;1;1;1;NA;1
O8310001;626171.1282;6392820.523;1;1;1;1;1;1;1;1;1;1;1;1;1;1;1;1;1;1;1;1;1;1;1;1;1;NA;1
O8410001;585345.3892;6383068.828;NA;NA;NA;NA;NA;1;1;1;1;1;1;1;1;1;1;1;1;1;0;1;1;1;1;0;0;NA;1
O8410002;585259.9;6378942;1;1;1;1;1;1;1;1;1;1;1;1;1;1;1;1;1;1;1;1;1;1;1;1;1;NA;1
O8450001;559647.2873;6382313.655;1;1;1;1;1;1;1;1;1;1;1;1;1;0;1;1;1;1;1;1;1;1;1;1;1;NA;1
O8450002;572534.067;6386163.192;1;1;1;1;0;1;1;1;1;1;1;1;1;1;1;1;1;1;1;1;1;1;1;1;1;NA;1
O8450003;571827.2151;6386332.434;1;1;1;1;1;1;1;1;1;1;1;1;1;1;1;1;1;1;1;1;1;1;1;1;1;NA;1
O8500001;557084.1038;6376437.119;1;1;1;1;1;1;1;1;1;1;1;1;1;1;1;1;1;1;1;1;1;1;1;1;1;NA;1
O8510001;552695.2028;6375422.857;1;1;1;1;1;1;1;1;1;1;1;1;1;1;1;1;1;1;1;1;1;1;1;1;1;NA;1
O8560001;544248.6574;6395502.816;1;1;1;0;0;1;1;1;1;1;1;1;1;1;1;1;1;1;1;1;1;1;1;1;1;NA;NA
O8570001;539044.7;6388303;1;1;1;1;1;1;1;1;1;1;1;1;1;1;NA;1;1;1;1;1;1;1;1;1;1;NA;NA
O8600001;537780.0075;6374958.681;1;1;1;0;0;1;1;1;1;0;1;1;1;1;NA;1;1;0;0;0;1;1;1;1;0;NA;NA
O8640001;535270.0943;6365965.845;1;1;1;0;0;1;1;1;1;1;1;1;1;1;NA;1;1;0;1;1;1;1;1;1;0;NA;NA
O8650001;525583.3617;6361602.011;1;1;1;0;0;1;1;1;1;1;1;1;1;1;NA;1;1;0;1;1;1;1;1;0;0;NA;NA
O8680001;518042.7036;6368781.256;1;1;1;1;1;1;1;1;1;1;1;1;1;1;NA;1;1;1;0;1;1;1;1;1;1;NA;NA
O8720001;524471.4;6386452;1;1;1;0;0;1;1;1;0;1;1;1;1;1;NA;1;1;0;1;1;1;1;1;1;1;NA;NA
O8740001;514053.7666;6383728.196;1;1;0;0;0;1;1;1;0;0;1;1;1;1;NA;1;1;0;0;0;1;1;1;0;0;NA;NA
O8740002;519924.1112;6383378.03;1;1;1;0;0;1;1;1;0;0;1;1;1;1;NA;1;1;0;0;0;1;1;1;0;0;NA;NA
O8740003;522102.8;6391398;1;1;0;0;0;1;1;1;0;0;1;1;1;1;NA;1;1;0;0;0;1;1;1;1;0;NA;NA
O8760001;524308.6165;6379070.247;1;1;1;1;0;1;1;1;1;1;1;1;1;1;NA;1;1;1;0;1;1;1;1;1;1;NA;NA
O8780001;514535.8523;6375636.656;1;1;1;0;0;1;1;1;1;1;1;1;1;1;NA;1;1;0;1;1;1;1;1;1;1;NA;NA
O8810001;506684.7;6367550;1;1;0;0;0;1;1;1;0;1;1;1;1;1;NA;1;1;0;0;0;1;1;1;1;1;NA;NA
O8850001;491754.4;6362605;1;1;1;0;0;1;1;1;1;1;1;1;1;1;NA;1;1;1;1;1;1;1;1;1;1;NA;NA
O9010001;494373.0525;6374731.934;1;1;1;1;1;1;1;1;1;1;1;1;1;1;NA;1;1;1;0;1;1;1;1;1;1;NA;NA
O9020001;500010;6381990.5;1;1;1;1;1;1;1;1;1;1;1;1;1;1;NA;1;1;0;0;1;1;1;1;1;1;NA;NA
O9034011;487625.767;6372201.618;1;1;0;0;1;1;1;1;1;1;1;1;1;1;NA;1;1;1;0;1;1;1;1;0;0;NA;NA
O9055021;480306.3;6367997.5;1;1;1;0;1;1;1;1;1;1;1;1;1;1;NA;1;1;0;0;0;1;1;1;1;0;NA;NA
O9070001;488752.1063;6379312.116;1;1;1;0;1;1;1;1;1;1;1;1;1;1;NA;1;1;0;0;1;1;1;1;0;0;NA;NA
O9070002;487387.4;6386243;1;1;1;0;0;1;1;1;0;1;1;1;1;1;NA;1;1;0;0;1;1;1;1;1;1;NA;NA
O9080001;479203.8;6378802;1;1;0;1;1;1;1;1;1;1;1;1;1;1;NA;1;1;0;0;1;1;1;1;0;0;NA;NA
O9100001;468233.4;6354478.5;1;0;0;0;0;1;1;1;0;0;1;1;1;1;NA;1;0;0;0;0;1;1;0;0;0;NA;NA
O9110001;468732.4;6369532.5;1;1;1;1;1;1;1;1;1;1;1;1;1;1;NA;1;1;0;1;1;1;1;1;1;1;NA;NA
O9120001;469690;6379756.5;1;1;1;0;1;1;1;1;1;1;1;1;1;1;NA;1;1;1;1;1;1;1;1;1;1;NA;NA
O9140001;473216.13;6387766.248;1;1;0;0;0;1;1;1;0;1;1;1;1;0;NA;1;1;0;0;0;1;1;1;0;0;NA;NA
O9180001;459852.2;6377281.5;1;1;1;0;1;1;1;1;1;1;1;1;1;1;1;1;1;1;1;1;1;1;1;0;1;NA;NA
O9236011;515298.8092;6400641.294;1;1;1;0;0;1;1;1;1;1;1;1;1;1;1;1;1;1;1;1;1;1;1;1;1;NA;NA
O9240001;508265.5;6397239;1;1;1;0;0;1;1;1;0;1;1;1;1;1;NA;1;1;1;0;0;1;1;1;0;0;NA;NA
O9260001;502513.5;6398507.5;1;1;0;0;0;1;1;0;0;0;1;1;1;1;NA;1;1;0;0;0;1;1;1;0;0;NA;NA
O9310001;489645.4015;6393711.709;1;1;1;0;0;1;1;1;0;0;1;0;0;0;NA;1;0;0;0;0;1;1;0;0;0;NA;NA
O9320001;482244.5035;6397819.209;1;1;0;0;0;1;1;1;1;0;1;1;1;1;NA;1;1;0;0;1;1;1;1;0;0;NA;NA
O9340001;476339.5;6402457.5;1;1;1;0;0;1;1;1;1;1;1;1;1;1;NA;1;1;0;0;0;1;1;1;0;0;NA;NA
O9360001;464949.2;6397352.5;1;1;1;1;0;1;1;1;1;1;1;1;1;1;1;1;1;1;1;1;1;1;1;0;1;NA;NA
O9380001;455126.8;6395188;1;1;1;1;1;1;1;1;1;1;1;1;1;1;1;1;1;1;1;1;1;1;1;1;1;NA;NA
O9400001;453249.7;6385149;1;1;1;1;1;1;1;1;1;1;1;1;1;1;1;1;1;1;1;1;1;1;1;1;1;NA;NA
O9424011;448891.7;6383666.5;1;1;1;1;1;1;1;1;1;1;1;1;1;1;1;1;1;1;1;1;1;1;1;1;1;NA;NA
O9440001;441169.5;6386361;1;1;1;1;1;1;1;1;1;1;1;1;1;1;1;1;1;1;1;1;1;1;1;1;1;NA;NA
O9500001;458074.7575;6351245.667;1;1;1;1;1;1;1;1;1;1;1;1;1;1;NA;1;1;1;1;1;1;1;1;1;1;NA;NA
O9550001;440007.4;6365125.5;1;1;1;1;1;1;1;1;1;1;1;1;1;1;1;1;1;1;1;1;1;1;1;1;1;NA;NA
O9580001;420180.3;6372323.5;1;1;0;0;0;1;1;1;0;0;1;1;1;0;0;1;0;0;0;0;1;1;0;0;0;NA;NA
O9580002;422303.2;6375713;1;1;1;1;1;1;1;1;1;1;1;1;1;1;1;1;1;1;1;1;1;1;1;1;1;NA;NA
O9590001;427814.4;6388166;1;1;1;0;1;1;1;1;1;1;1;1;1;1;1;1;1;1;1;1;1;1;1;1;1;NA;NA
O9590002;430442.9;6390605;1;0;0;0;0;1;1;1;0;0;1;1;0;0;0;0;0;0;0;0;0;0;0;0;0;NA;NA
O9610001;437794.8496;6400675.677;1;1;1;1;1;1;1;1;1;1;1;1;1;1;1;1;1;1;1;1;1;1;1;1;1;NA;NA
O9630001;432170.7834;6408014.024;1;1;1;1;1;1;1;1;1;1;1;1;1;1;1;1;1;1;1;1;1;1;1;1;1;NA;NA
O9675211;420788.7;6404621;1;1;1;1;1;1;1;1;1;1;1;1;1;1;1;1;1;1;1;1;1;1;1;1;1;NA;NA
O9685311;418868.1207;6412871.169;1;1;1;1;1;1;1;1;1;1;1;1;1;1;1;1;1;1;1;1;1;1;1;1;1;NA;NA
O9710001;412537.1774;6413623.083;1;1;1;1;1;1;1;1;1;1;1;1;1;1;1;1;1;1;1;1;1;1;1;1;1;NA;NA
P0070001;666016.712;6507858.395;NA;1;1;1;1;1;1;1;1;1;1;1;1;1;1;1;1;1;1;1;1;1;NA;1;1;NA;NA
P0070002;666031.1;6507579.5;NA;1;1;1;1;1;1;1;1;1;1;1;1;1;1;1;1;1;1;1;1;1;NA;1;1;NA;NA
P0090001;655040.2;6503945;1;1;1;1;1;1;1;1;1;1;1;1;1;1;1;1;1;1;1;1;1;1;1;1;1;NA;NA
P0304011;679973.5188;6448374.037;1;1;1;0;1;1;1;1;1;1;1;1;1;1;1;1;1;0;1;1;1;1;1;0;0;1;NA
P0310001;687609.1569;6456325.072;1;1;1;1;1;1;1;1;1;1;1;1;1;1;1;1;1;0;1;1;1;1;1;0;0;1;NA
P0620001;678572.8401;6481868.79;NA;1;1;1;1;1;1;1;1;1;1;1;1;1;1;1;1;1;1;1;1;1;NA;1;1;NA;NA
P0714011;633981.3138;6508589.229;1;1;1;1;1;1;1;1;1;1;1;1;1;1;1;1;1;1;1;1;1;1;1;1;1;NA;NA
P0760001;650587.9;6485928.5;1;1;1;1;1;1;1;1;1;1;1;1;1;1;1;1;1;1;1;1;1;1;1;1;1;NA;NA
P0790001;652350.3975;6473038.253;1;1;1;0;1;1;1;1;NA;1;1;1;1;1;1;1;1;0;1;1;1;1;1;0;0;1;NA
P0830001;656018.9;6472821.5;1;1;1;0;1;1;1;1;NA;1;1;1;1;1;1;1;1;0;1;1;1;1;1;0;0;1;NA
P0840001;658734.3975;6459793.88;1;1;1;0;1;1;1;1;NA;1;1;1;1;1;1;1;1;0;1;1;1;1;1;0;0;1;NA
P0850001;664058.7;6462848;1;1;1;1;1;1;1;1;NA;1;1;1;1;1;1;1;1;1;1;1;1;1;1;0;1;1;NA
P0970001;638289.5914;6467850.407;1;1;1;1;1;1;1;1;1;1;1;1;1;1;1;1;1;1;1;1;1;1;1;1;1;NA;NA
P1000001;657459.2;6453259.5;1;1;1;0;1;1;1;1;NA;1;1;1;1;1;1;1;1;1;1;1;1;1;1;0;1;1;NA
P1000002;653172.615;6454546.217;1;1;1;1;1;1;1;1;NA;1;1;1;1;1;1;1;1;1;1;1;1;1;1;0;1;1;NA
P1130001;622579.7238;6486619.865;1;1;1;1;1;1;1;1;1;1;1;1;1;1;1;1;1;1;1;1;1;1;1;1;1;NA;NA
P1130002;626325.0753;6484737.653;1;1;1;1;1;1;1;1;1;1;1;1;1;1;1;1;1;1;1;1;1;1;1;1;1;NA;NA
P1320001;620052.5;6467450.5;1;1;1;1;1;1;1;1;1;1;1;1;1;1;1;1;1;1;1;1;1;1;1;1;1;NA;NA
P1360001;611032.0606;6452119.808;1;1;1;1;1;1;1;1;1;1;1;1;1;1;1;1;1;1;1;1;1;1;1;1;1;NA;NA
P1400001;662791.7;6444976.5;1;1;1;1;1;1;1;NA;NA;1;1;1;1;1;1;1;1;1;1;1;1;1;1;1;1;1;NA
P1454011;657784.6;6443109;1;1;1;1;1;1;1;1;1;1;1;1;1;1;1;1;1;1;1;1;1;1;1;1;1;1;NA
P1460001;661805.3;6439353;1;1;1;0;1;1;1;1;1;1;1;1;1;1;1;1;1;0;1;1;1;1;0;0;0;1;NA
P1510001;635174.6631;6443099.88;1;1;1;1;1;1;1;1;NA;1;1;1;1;1;1;1;1;1;1;1;1;1;1;1;1;1;NA
P1560001;626167;6443959.5;1;1;1;1;1;1;1;1;1;1;1;1;1;1;1;1;1;1;1;1;1;1;1;1;1;NA;NA
P1560002;631207.9;6448554;1;1;1;1;1;1;1;1;1;1;1;1;1;1;1;1;1;1;1;1;1;1;1;1;1;NA;NA
P1700001;677738.205;6440288.024;1;1;1;1;1;1;1;1;1;1;1;1;1;1;1;1;1;1;1;1;1;1;1;0;0;1;NA
P1720001;660715.7;6426674;1;1;1;1;1;1;1;1;1;1;1;1;1;1;1;1;1;1;1;1;1;1;1;1;1;1;NA
P1730001;673014.205;6441220.482;1;1;1;1;1;1;1;1;1;1;1;1;1;1;1;1;1;1;1;1;1;1;1;0;0;1;NA
P1744011;664180.4;6432847;1;1;1;1;1;1;1;1;1;1;1;1;1;1;1;1;1;1;1;1;1;1;1;1;1;1;NA
P1780810;648906.9212;6418731.542;1;1;1;1;1;1;1;1;1;1;1;1;1;1;1;1;1;1;1;1;1;1;1;1;1;1;NA
P1810001;653829.975;6433269.001;1;1;1;1;1;1;1;1;1;1;1;1;1;1;1;1;1;1;1;1;1;1;1;1;1;1;NA
P1810002;662875.9716;6435843.686;1;1;1;1;1;1;1;1;1;1;1;1;1;1;1;1;1;1;1;1;1;1;1;0;1;1;NA
P1834011;648244.6988;6423365.554;1;1;1;1;1;1;1;1;1;1;1;1;1;1;1;1;1;1;1;1;1;1;1;1;1;1;NA
P1920001;632352.5544;6418690.012;1;1;1;1;1;1;1;1;1;1;1;1;1;1;1;1;1;1;1;1;1;1;1;1;1;1;NA
P2000001;622908;6422829.5;1;1;1;1;1;1;1;1;1;1;1;1;1;1;1;1;1;1;1;1;1;1;1;1;1;NA;1
P2020001;618269.1;6416822;1;1;1;1;1;1;1;1;1;1;1;1;1;1;1;1;1;1;1;1;1;1;1;1;1;NA;1
P2030001;625955.8853;6414333.405;1;1;1;1;1;1;1;1;1;1;1;1;1;1;1;1;1;1;1;1;1;1;1;1;1;NA;1
P2030002;624921.9;6418749.5;1;1;1;1;1;1;1;1;1;1;1;1;1;1;1;1;1;1;1;1;1;1;1;1;1;NA;1
P2054011;605686.6344;6421972.801;1;1;1;1;1;1;1;1;1;1;1;1;1;1;1;1;1;1;1;1;1;1;1;1;1;NA;1
P2120001;598430.2;6429182.5;1;1;1;1;1;1;1;1;1;1;1;0;1;1;1;1;1;1;1;1;1;1;1;1;1;NA;1
P2140001;588491.9;6441793;1;1;1;1;1;1;1;1;1;1;1;1;1;1;1;1;1;1;1;1;1;1;1;1;1;NA;NA
P2150001;589211.1841;6430391.184;1;1;0;0;0;1;1;1;0;0;1;1;0;0;0;0;0;0;0;0;1;1;1;0;0;NA;1
P2184310;594929.86;6428360.011;1;1;1;1;1;1;1;1;1;1;1;1;1;1;1;1;1;1;1;1;1;1;1;1;1;NA;1
P2184311;595696.1491;6414955.658;1;1;1;1;1;1;1;1;1;1;1;0;1;1;1;1;1;1;1;1;1;1;1;0;1;NA;1
P2184312;587870.5883;6419653.541;1;0;0;0;0;1;1;0;0;0;1;0;0;0;0;0;0;0;0;0;1;1;0;0;0;NA;1
P2184313;596884.8449;6412545.239;1;1;1;1;0;1;1;1;1;1;1;1;1;1;1;1;1;1;1;1;1;1;1;1;1;NA;1
P2210001;608895.3;6407306.5;1;1;1;1;1;1;1;1;1;1;1;1;1;1;1;1;1;1;1;1;1;1;1;1;1;NA;1
P2240001;598510.2;6409696.5;1;1;1;1;1;1;1;1;0;0;1;0;1;0;0;1;1;1;1;1;1;1;1;1;1;NA;1
P2315021;571879.6808;6430138.76;1;1;1;1;1;1;1;1;1;1;1;1;1;1;1;1;1;1;1;1;1;1;1;1;1;NA;NA
P2330001;574532.5212;6416096.588;1;1;1;0;0;1;1;1;1;0;1;1;1;1;0;1;1;0;0;0;1;1;1;0;0;NA;0
P2350001;568978.4988;6411863.659;1;1;1;1;0;1;1;1;1;1;1;1;1;1;1;1;1;0;1;1;1;1;1;0;1;NA;1
P2350002;570081.8;6411920.5;1;1;1;1;1;1;1;1;1;1;1;1;1;1;1;1;1;0;1;1;1;1;1;1;1;NA;1
P2350003;567532.8634;6409814.024;1;1;1;1;1;1;1;1;1;1;1;1;1;1;1;1;1;1;1;1;1;1;1;1;1;NA;1
P2375011;561748.5;6426773;1;1;1;1;1;1;1;1;1;1;1;1;1;1;1;1;1;1;1;1;1;1;1;1;1;NA;NA
P2410001;569905.8069;6400377.523;1;1;1;1;1;1;1;1;1;1;1;1;1;1;1;1;1;1;1;1;1;1;1;1;1;NA;1
P2420001;571424.3412;6402077.599;1;1;1;1;1;1;1;1;1;1;1;1;1;1;1;1;1;0;1;1;1;1;1;1;1;NA;1
P2520001;541666.0934;6402622.877;1;1;1;1;1;1;1;1;1;1;1;1;1;1;1;1;1;1;1;1;1;1;1;1;1;NA;NA
P3015411;627043.7675;6498571.642;1;1;1;1;1;1;1;1;1;1;1;1;1;1;1;1;1;1;1;1;1;1;1;1;1;NA;NA
P3050001;600764.9;6499953.5;1;1;1;1;1;1;1;1;1;1;1;1;1;1;1;1;1;1;1;1;1;1;1;1;1;NA;NA
P3080001;606660.2194;6488053.001;1;1;1;0;0;1;1;1;1;0;1;1;1;1;1;1;1;0;1;1;1;1;1;1;1;NA;NA
P3110001;606512.795;6486516.928;1;1;1;1;1;1;1;1;1;1;1;1;1;1;1;1;1;1;1;1;1;1;1;1;1;NA;NA
P3164011;586554.866;6494590.635;1;1;1;1;1;1;1;1;1;1;1;1;1;1;1;1;1;1;1;1;1;1;1;1;1;NA;NA
P3180001;597130.8;6474556.5;1;1;1;1;1;1;1;1;1;1;1;1;1;1;1;1;1;1;1;1;1;1;1;1;1;NA;NA
P3250001;571648.4762;6464597.243;1;1;1;1;1;1;1;1;1;1;1;1;1;1;1;1;1;1;1;1;1;1;1;1;1;NA;NA
P3322511;617439.5807;6487797.083;1;1;1;1;1;1;1;1;1;1;1;1;1;1;1;1;1;1;1;1;1;1;1;1;1;NA;NA
P3510001;603172.7656;6465913.699;1;1;1;1;1;1;1;1;1;1;1;1;1;1;1;1;1;1;1;1;1;1;1;1;1;NA;NA
P3800001;602994.2;6448341.5;1;1;1;1;1;1;1;1;1;1;1;1;1;1;1;1;1;1;1;1;1;1;1;1;1;NA;NA
P3800002;603382.499;6448821.879;1;1;1;1;1;1;1;1;1;1;1;1;1;1;1;1;1;1;1;1;1;1;1;1;1;NA;NA
P3800003;600337.1;6446721.5;1;1;1;1;1;1;1;1;1;1;1;1;1;1;1;1;1;1;1;1;1;1;1;1;1;NA;NA
P3810001;595424.141;6448090.251;1;1;1;0;0;1;1;1;1;1;1;1;1;1;1;1;1;0;1;1;1;1;1;0;0;NA;NA
P3830001;598660.7;6454495;1;1;1;1;1;1;1;1;1;1;1;1;1;1;1;1;1;1;1;1;1;1;1;1;1;NA;NA
P3830002;600270.5;6453941;1;1;1;1;1;1;1;1;1;1;1;1;1;1;1;1;1;1;1;1;1;1;1;1;1;NA;NA
P3910001;587333.3369;6454140.543;1;1;1;1;0;1;1;1;1;1;1;1;1;1;1;1;1;1;1;1;1;1;1;1;1;NA;NA
P3922521;583756.4;6449344.5;1;1;1;1;1;1;1;1;1;1;1;1;1;1;1;1;1;1;1;1;1;1;1;1;1;NA;NA
P4015511;579430.3;6445070.5;1;1;1;1;1;1;1;1;1;1;1;1;1;1;1;1;1;1;1;1;1;1;1;1;1;NA;NA
P4100001;555217.1619;6454589.9;1;1;0;0;0;1;1;0;0;0;1;0;0;0;0;1;0;0;0;0;1;1;0;0;0;NA;NA
P4150001;554813.5;6445800;1;1;1;1;1;1;1;1;1;1;1;1;1;1;1;1;1;1;1;1;1;1;1;1;1;NA;NA
P5020001;531290.3512;6408193.431;1;1;1;1;1;1;1;1;1;1;1;1;1;1;1;1;1;1;1;1;1;1;1;1;1;NA;NA
P5100001;517554.7;6410493;1;1;1;1;1;1;1;1;1;1;1;1;1;1;1;1;1;1;1;1;1;1;1;1;1;NA;NA
P5130001;504849.2432;6413342.2;1;1;0;0;0;1;1;0;0;0;1;1;1;0;0;1;0;0;0;0;1;1;0;0;0;NA;NA
P5210001;514268.9;6425312.5;1;1;1;0;0;1;1;1;1;1;1;1;1;0;1;1;1;0;0;1;1;1;1;1;0;NA;NA
P5230001;506706.7;6430089.5;1;1;1;1;1;1;1;1;1;1;1;1;1;1;1;1;1;1;1;1;1;1;1;1;1;NA;NA
P5330001;491839.2104;6414298;1;1;1;0;0;1;1;1;1;1;1;1;1;0;1;1;1;0;0;1;1;1;1;1;0;NA;NA
P5500001;475925.9;6416236.5;1;1;1;0;0;1;1;1;1;1;1;1;1;1;1;1;1;1;1;1;1;1;1;1;1;NA;NA
P5540001;470861.6397;6423175.284;1;1;1;0;0;1;1;1;0;0;1;1;1;0;0;1;1;0;0;0;1;1;1;0;0;NA;NA
P5620001;464516.9505;6425387.442;1;1;1;1;1;1;1;1;1;1;1;1;1;1;1;1;1;1;1;1;1;1;1;1;1;NA;NA
P5660001;457165.4572;6415536.944;1;1;1;1;1;1;1;1;1;1;1;1;1;1;1;1;1;1;1;1;1;1;1;1;1;NA;NA
P5720001;450533.7;6416430.5;1;1;1;1;1;1;1;1;1;1;1;1;1;1;1;1;1;1;1;1;1;1;1;1;1;NA;NA
P6001511;561305.7948;6505812.504;1;1;1;1;1;1;1;1;1;1;1;1;1;1;1;1;1;1;1;1;1;1;1;1;1;NA;NA
P6045011;543195.8936;6488710.23;1;1;1;1;1;1;1;1;1;1;1;1;1;1;1;1;1;1;1;1;1;1;1;1;1;NA;NA
P6114011;550425.3679;6479380.138;1;1;1;1;1;1;1;1;1;1;1;1;1;1;1;1;1;1;1;1;1;1;1;1;1;NA;NA
P6114012;555368.3;6487718.5;1;1;1;1;1;1;1;1;1;1;1;1;1;1;1;1;1;1;1;1;1;1;1;1;1;NA;NA
P6222511;571037;6480854;1;1;1;1;1;1;1;1;1;1;1;1;1;1;1;1;1;1;1;1;1;1;1;1;1;NA;NA
P6250001;575173;6494012.5;1;1;1;1;1;1;1;1;1;1;1;1;1;1;1;1;1;1;1;1;1;1;1;1;1;NA;NA
P6310001;558804.2;6476799.5;1;1;1;1;1;1;1;1;1;1;1;1;1;1;1;1;1;1;1;1;1;1;1;1;0;NA;NA
P6350001;551603.2;6466529;1;1;1;0;0;1;1;1;1;1;1;1;1;1;0;1;1;0;0;0;1;1;1;0;0;NA;NA
P6430001;524854.8;6454767;1;1;1;1;1;1;1;1;1;1;1;1;1;1;1;1;1;1;1;1;1;1;1;1;1;NA;NA
P6450001;523391.9;6467850;1;1;0;0;0;1;1;1;0;0;1;1;1;1;1;1;0;0;0;0;1;1;1;0;0;NA;NA
P6480001;510116.2931;6445342.897;1;1;1;1;1;1;1;1;1;1;1;1;1;1;1;1;1;1;1;1;1;1;1;1;1;NA;NA
P6510001;494282.0876;6446271.053;1;1;1;1;1;1;1;1;1;1;1;1;1;1;1;1;1;1;1;1;1;1;1;1;1;NA;NA
P6540001;502568.8573;6438932.991;1;1;1;1;1;1;1;1;1;1;1;1;1;1;1;1;1;1;1;1;1;1;1;1;1;NA;NA
P6570001;487529.5123;6441171.791;1;1;1;1;1;1;1;1;1;1;1;1;1;1;1;1;1;1;1;1;1;1;1;1;1;NA;NA
P6590001;483669.9;6441275;1;1;1;0;0;1;1;1;1;1;1;1;1;1;0;1;1;0;1;1;1;1;1;0;0;NA;NA
P6600001;479330.132;6438926.884;1;1;1;1;0;1;1;1;1;1;1;1;1;1;1;1;1;0;1;1;1;1;1;0;0;NA;NA
P7001511;548361.1;6504117;1;1;1;1;1;1;1;1;1;1;1;1;1;1;1;1;1;1;1;1;1;1;1;1;1;NA;NA
P7010001;525215.5;6494952.5;1;1;1;1;1;1;1;1;1;1;1;1;1;1;1;1;1;1;1;1;1;1;1;1;1;NA;NA
P7080001;520591.2955;6478246.069;1;1;1;0;0;1;1;1;1;1;1;1;1;1;1;1;1;0;1;0;1;1;1;0;0;NA;NA
P7110001;510482.7231;6480021.067;1;1;0;0;0;1;1;1;1;1;1;1;1;1;1;1;1;1;0;0;1;1;1;0;0;NA;NA
P7144011;510595.1457;6467669.968;1;1;1;1;1;1;1;1;1;1;1;1;1;1;1;1;1;0;0;1;1;1;1;0;1;NA;NA
P7150001;500676.6532;6469672.252;1;1;1;0;0;1;1;1;1;0;1;1;1;1;1;1;1;0;0;0;1;1;1;0;0;NA;NA
P7160001;494861.4922;6464695.827;1;1;1;0;0;1;1;1;0;1;1;1;1;1;1;1;1;1;0;0;1;1;1;0;0;NA;NA
P7220001;494363.4014;6492416.095;1;1;1;1;1;1;1;1;1;1;1;1;1;1;1;1;1;1;1;1;1;1;1;1;1;NA;NA
P7230001;491611;6488392;1;1;1;1;1;1;1;1;1;1;1;1;1;1;1;1;1;1;1;1;1;1;1;1;1;NA;NA
P7261511;488748.6;6473664;1;1;1;1;1;1;1;1;1;1;1;1;1;1;1;1;1;1;1;1;1;1;1;1;1;NA;NA
P7300001;482243.3665;6470994.308;1;1;1;0;0;1;1;1;1;1;1;1;1;1;1;1;1;1;1;0;1;1;1;0;0;NA;NA
P7310001;479492.5;6468661.5;1;1;1;0;0;1;1;1;1;1;1;1;1;1;1;1;1;1;0;0;1;1;1;0;0;NA;NA
P7320001;484270.4563;6459058.284;1;1;1;1;1;1;1;1;1;1;1;1;1;1;1;1;1;1;1;1;1;1;1;1;1;NA;NA
P7350001;477885.0744;6482390.188;1;1;1;1;1;1;1;1;1;1;1;1;1;1;1;1;1;1;1;1;1;1;1;1;1;NA;NA
P7350002;474544.8;6479746;1;1;1;1;1;1;1;1;1;1;1;1;1;1;1;1;1;1;1;1;1;1;1;1;0;NA;NA
P7350003;474047.2707;6479381.283;1;1;1;0;0;1;1;1;1;1;1;1;1;1;1;1;1;1;1;1;1;1;1;0;0;NA;NA
P7360001;475470.2885;6472318.113;1;1;1;1;1;1;1;1;1;1;1;1;1;1;1;1;1;1;1;0;1;1;1;1;0;NA;NA
P7360002;469427.6;6472514;1;1;1;0;0;1;1;1;1;1;1;1;1;1;1;1;1;1;1;0;1;1;1;0;0;NA;NA
P7370001;467407.1;6470176;1;1;1;0;0;1;1;1;1;1;1;1;1;1;1;1;1;0;0;0;1;1;1;0;0;NA;NA
P7400001;463722.8607;6459123.294;1;1;0;0;0;1;1;0;0;0;1;1;0;0;0;1;0;0;0;0;1;1;0;0;0;NA;NA
P7410001;460634.0973;6461052.888;1;1;0;0;0;1;1;0;0;0;1;1;1;0;0;1;1;0;0;0;1;1;0;0;0;NA;NA
P7430001;457782.3494;6455316.895;1;1;1;1;1;1;1;1;1;1;1;1;1;1;1;1;1;1;1;1;1;1;1;1;1;NA;NA
P7460001;456656.0429;6453845.097;1;1;0;0;0;1;1;0;0;0;1;1;0;0;0;1;0;0;0;0;1;1;0;0;0;NA;NA
P8012511;450946.3245;6477377.272;1;1;0;0;0;1;1;0;0;1;1;1;1;1;0;1;1;0;1;1;1;1;0;0;0;NA;NA
P8012512;448702.3491;6471453.289;1;1;1;1;1;1;1;1;1;1;1;1;1;1;1;1;1;1;1;1;1;1;1;1;1;NA;NA
P8040001;456026.0882;6466873.578;1;1;1;1;1;1;1;1;1;1;1;1;1;1;1;1;1;1;1;1;1;1;1;1;1;NA;NA
P8050001;455016.0688;6463277.017;1;1;1;1;1;1;1;1;1;1;1;1;1;1;1;1;1;0;1;1;1;1;1;0;1;NA;NA
P8050002;453694.9146;6463746.473;1;1;1;1;1;1;1;1;1;1;1;1;1;1;1;1;1;1;1;1;1;1;1;1;1;NA;NA
P8074011;451772.4077;6458954.538;1;1;1;1;1;1;1;1;1;1;1;1;1;1;1;1;1;1;1;1;1;1;1;1;1;NA;NA
P8074012;449847.2967;6465786.996;1;1;1;1;1;1;1;1;1;1;1;1;1;1;1;1;1;1;1;1;1;1;1;1;1;NA;NA
P8140001;456048.9;6437906.5;1;1;1;0;0;1;1;1;1;1;1;1;1;1;1;1;1;0;1;1;1;1;1;1;0;NA;NA
P8204011;437320.7757;6461495.76;1;1;1;0;0;1;1;1;1;1;1;1;1;1;1;1;1;1;1;1;1;1;1;0;0;NA;NA
P8240001;440401.2599;6456184.412;1;1;1;1;1;1;1;1;1;1;1;1;1;1;1;1;1;1;1;1;1;1;1;1;1;NA;NA
P8240002;436426.1;6451344;1;1;1;1;1;1;1;1;1;1;1;1;1;1;1;1;1;1;1;1;1;1;1;1;1;NA;NA
P8394310;466819.9125;6462280.724;1;1;1;1;1;1;1;1;1;1;1;1;1;1;1;1;1;1;1;1;1;1;1;1;1;NA;NA
P8400001;451771.2588;6429321.557;1;1;1;0;0;1;1;1;1;1;1;1;1;1;1;1;1;1;1;1;1;1;1;1;0;NA;NA
P9030001;430798.1;6424749.5;1;1;1;1;1;1;1;1;1;1;1;1;1;1;1;1;1;1;1;1;1;1;1;1;1;NA;NA
P9050001;432007;6436886;1;1;1;0;1;1;1;1;1;1;1;1;1;1;1;1;1;1;1;1;1;1;1;0;1;NA;NA
P9130001;426889.2373;6448512.804;1;1;1;0;1;1;1;1;1;1;1;1;1;1;1;1;1;1;1;1;1;1;1;0;0;NA;NA
Q0000021;478499.8;6208840;1;1;1;1;1;1;1;1;1;1;1;1;1;1;1;1;1;1;1;1;1;1;1;1;1;NA;NA
Q0105111;470846.4;6219277;1;1;1;0;0;1;1;1;1;1;1;1;1;1;1;1;1;1;0;0;1;0;1;1;0;NA;NA
Q0214011;457531.7;6237643.5;1;1;1;1;1;1;1;1;1;1;1;1;1;1;1;1;1;1;1;1;1;1;1;1;1;NA;NA
Q0225012;457236.2674;6245708.72;1;1;1;1;1;1;1;1;1;1;1;1;1;1;1;1;1;1;1;1;1;1;1;1;1;NA;NA
Q0225013;457654.779;6245688.148;1;1;1;0;0;1;1;1;1;1;1;1;1;1;1;1;1;1;1;1;1;1;1;1;1;NA;NA
Q0225014;454211.2906;6241729.633;1;1;1;1;1;1;1;1;1;1;1;1;1;1;1;1;1;1;1;1;1;1;1;1;1;NA;NA
Q0230001;459574.4;6252383.5;1;1;1;1;1;1;1;1;1;1;1;1;1;1;1;1;1;1;1;1;1;1;1;1;1;NA;NA
Q0240001;460430.6661;6263032.298;1;1;1;1;1;1;1;1;1;1;1;1;1;1;1;1;1;1;1;1;1;1;1;1;1;NA;NA
Q0250001;455964.3;6255295.5;1;1;1;1;1;1;1;1;1;1;1;1;1;1;1;1;1;1;1;1;1;1;1;1;1;NA;NA
Q0250002;455526.922;6255111.935;1;1;1;1;1;1;1;1;1;1;1;1;1;1;1;1;1;1;1;1;1;1;1;1;1;NA;NA
Q0260001;458577.6;6259543.5;1;1;1;1;1;1;1;1;1;1;1;1;1;1;1;1;1;1;1;1;1;1;1;1;1;NA;NA
Q0310001;469876.1033;6258152.555;1;0;1;1;0;1;1;1;1;1;1;1;1;1;1;1;1;1;1;1;1;1;1;1;1;NA;NA
Q0435011;457454.833;6263174.797;1;1;1;1;0;1;1;1;1;1;1;1;1;1;1;1;1;1;1;1;1;1;1;1;1;NA;NA
Q0500001;477099.4907;6216123.524;1;1;1;1;0;NA;NA;NA;NA;NA;NA;NA;NA;NA;NA;NA;NA;NA;NA;NA;NA;NA;NA;NA;NA;NA;NA
Q0500002;477107.6113;6216235.763;NA;NA;NA;NA;NA;1;1;1;1;1;1;1;1;1;1;1;1;1;1;1;1;1;1;1;1;NA;NA
Q0510001;471244.7;6223707;1;1;1;1;1;1;1;1;1;1;1;1;1;1;1;1;1;1;1;1;1;1;1;1;1;NA;NA
Q0530001;470851.7;6228734.5;1;1;1;0;0;1;1;1;1;1;1;1;1;1;0;1;1;1;0;1;1;1;1;1;0;NA;NA
Q0554011;471856.6323;6238116.194;1;1;1;0;0;1;1;1;1;1;1;1;1;1;1;1;1;1;0;1;1;1;1;1;1;NA;NA
Q0580001;475167.9549;6248857.619;1;1;0;0;0;1;1;1;0;0;1;1;1;1;1;1;1;0;0;0;1;1;0;0;0;NA;NA
Q0600001;477001.5635;6252473.615;1;1;1;0;0;NA;NA;NA;NA;NA;NA;NA;NA;NA;NA;NA;NA;NA;NA;NA;NA;NA;NA;NA;NA;NA;NA
Q0600002;476716.9188;6253580.03;NA;NA;NA;NA;NA;1;1;1;0;1;1;1;1;1;1;1;1;1;1;1;1;1;1;0;0;NA;NA
Q0630001;479940.5019;6261528.247;1;1;1;0;0;1;1;1;1;1;1;1;1;1;1;1;1;1;0;0;1;1;1;1;1;NA;NA
Q0650001;472436.0987;6273770.631;1;1;1;1;0;1;1;1;1;1;1;1;1;1;1;1;1;1;0;1;1;1;1;0;0;NA;NA
Q0650002;469427.9987;6273400.821;1;1;1;1;0;1;1;1;1;1;1;1;1;1;1;1;1;1;1;1;1;1;1;1;0;NA;NA
Q0710001;448038.1774;6288516.196;1;1;1;1;1;1;1;1;1;1;1;1;1;1;1;1;1;1;1;1;1;1;1;1;1;NA;NA
Q0730001;446581.6276;6285721.424;1;1;1;1;0;1;1;1;1;1;1;1;1;1;1;1;1;1;1;1;1;1;1;1;1;NA;NA
Q1040001;451703.4171;6265393.575;1;1;1;1;1;1;1;1;1;1;1;1;1;1;1;1;1;1;1;1;1;1;1;1;1;NA;NA
Q1080001;438245.6;6275598.5;1;1;1;1;1;1;1;1;1;1;1;1;1;1;1;1;1;1;1;1;1;1;1;1;1;NA;NA
Q1260001;405586.4781;6305190.315;NA;NA;NA;NA;NA;1;1;1;1;1;1;1;1;1;1;1;1;1;1;1;NA;1;1;1;1;NA;NA
Q1300001;448023.1;6245290.5;1;1;1;1;1;1;1;1;1;1;1;1;1;1;1;1;1;1;1;1;1;1;1;1;1;NA;NA
Q1400001;399595.9;6304621.5;NA;NA;NA;NA;NA;1;1;1;1;1;1;1;1;1;1;1;1;1;1;1;NA;1;1;0;0;NA;NA
Q1420011;393920.9079;6306344.403;1;1;1;1;1;1;1;1;1;1;1;1;1;1;1;1;1;1;1;1;NA;1;1;1;1;NA;NA
Q2030001;463909.8726;6293572.765;1;1;1;1;1;1;1;1;1;1;1;1;1;1;1;1;1;1;1;1;1;1;1;1;1;NA;NA
Q2050001;457882.3;6302384;1;1;1;1;1;1;1;1;1;1;1;1;1;1;1;1;1;1;1;1;1;1;1;1;1;NA;NA
Q2070001;455861.4757;6294370.809;1;1;1;1;1;1;1;1;1;1;1;1;1;1;1;1;1;1;1;1;1;1;1;1;1;NA;NA
Q2120001;442983.9641;6318046.08;1;1;1;1;1;1;1;1;1;1;1;1;1;1;1;1;1;1;1;1;1;1;1;1;1;NA;NA
Q2140001;438739.3;6313448;1;1;1;1;1;1;1;1;1;1;1;1;1;1;1;1;1;1;1;1;NA;1;1;1;1;NA;NA
Q2152511;435514.8309;6315124.653;1;1;1;1;1;1;1;1;1;1;1;1;1;1;1;1;1;1;1;1;NA;1;1;1;1;NA;NA
Q2180001;428262.1;6315506;1;1;1;1;1;1;1;1;1;1;1;1;1;1;1;1;1;1;1;1;NA;1;1;1;1;NA;NA
Q2230001;460071.8587;6311716.881;1;1;1;1;1;1;1;1;1;1;1;1;1;1;1;1;1;1;1;1;1;1;1;0;1;NA;NA
Q2242911;455732.8406;6314686.622;1;1;1;1;1;1;1;1;1;1;1;1;1;1;1;1;1;1;1;1;1;1;1;1;1;NA;NA
Q2260001;450056.6944;6322136.511;1;1;1;1;1;1;1;1;1;1;1;1;1;1;1;1;1;1;1;1;NA;1;1;1;1;NA;NA
Q2292911;440568.8879;6330121.305;1;1;1;1;1;1;1;1;1;1;1;1;1;1;1;1;1;1;1;1;NA;1;1;1;1;NA;NA
Q2330001;440835;6339237.5;1;1;1;1;1;1;1;1;1;1;1;1;1;1;1;1;1;1;1;1;NA;1;1;1;1;NA;NA
Q2414316;427303.4333;6339384.078;1;1;1;1;1;1;1;1;1;1;1;1;1;1;1;1;1;1;1;1;NA;1;1;1;1;NA;NA
Q2510001;416119;6340330;1;1;1;1;1;1;1;1;1;1;1;1;1;1;1;1;1;1;1;1;NA;1;1;1;1;NA;NA
Q2600001;400248.1;6315420.67;NA;NA;NA;NA;NA;NA;NA;NA;NA;NA;NA;NA;NA;NA;NA;1;1;1;1;1;NA;1;1;1;1;NA;NA
Q2600002;404295.73;6318026.91;NA;NA;NA;NA;NA;NA;NA;NA;NA;NA;NA;NA;NA;NA;NA;1;1;1;1;1;NA;1;1;1;1;NA;NA
Q2610001;387522.9525;6330112.43;1;1;1;1;1;1;1;1;1;1;1;1;1;1;1;1;1;1;1;1;NA;1;1;1;1;NA;NA
Q3000001;383371.9835;6302081.791;1;1;1;1;1;1;1;1;1;1;1;1;1;1;1;1;1;1;1;1;NA;1;1;1;1;NA;NA
Q3040001;411902.9;6289268;1;1;1;0;0;1;1;1;1;1;1;1;1;1;1;1;1;1;1;1;NA;1;1;0;0;NA;NA
Q3060001;400408.2697;6298862.074;1;1;1;1;1;1;1;1;1;1;1;1;1;1;1;1;1;1;1;1;NA;1;1;1;1;NA;NA
Q3120031;374471.7373;6302018.599;1;1;1;1;1;1;1;1;1;1;1;1;1;1;1;1;1;1;1;1;NA;1;1;1;1;NA;NA
Q3200001;436881.7;6254224;1;1;1;1;1;1;1;1;1;1;1;1;1;1;1;1;1;1;1;1;1;1;1;1;1;NA;NA
Q3260001;397347.6;6287386.5;1;1;1;1;1;1;1;1;1;1;1;1;1;1;1;1;1;1;1;1;NA;1;1;1;1;NA;NA
Q3300001;432953.2;6253051.5;1;1;1;1;1;1;1;1;1;1;1;1;1;1;1;1;1;1;1;1;1;1;1;1;1;NA;NA
Q3380001;398577.0892;6282967.939;NA;NA;NA;NA;NA;1;1;1;1;1;1;1;1;1;1;NA;NA;NA;NA;NA;NA;NA;NA;NA;NA;NA;NA
Q3380002;395203.2163;6287565.952;1;1;1;1;1;1;1;1;1;1;1;1;1;1;1;1;1;1;1;1;NA;1;1;1;1;NA;NA
Q3380003;395201.2625;6286047.234;NA;NA;NA;NA;NA;1;1;1;1;1;1;1;1;1;1;NA;NA;NA;NA;NA;NA;NA;NA;NA;NA;NA;NA
Q3405106;390645.5;6287994;1;1;1;0;1;1;1;1;1;1;1;1;1;1;1;1;1;1;1;1;NA;1;1;0;0;NA;NA
Q3420001;381890.6723;6288134.338;1;1;1;1;1;1;1;1;1;1;1;1;1;1;1;1;1;1;1;1;NA;1;1;1;1;NA;NA
Q3440001;380037.5284;6289517.665;1;1;1;1;1;1;1;1;1;1;1;1;1;1;1;1;1;1;1;1;NA;1;1;1;1;NA;NA
Q3450001;380489.7296;6290626.653;1;1;1;1;1;1;1;1;1;1;1;1;1;1;1;1;1;1;1;1;NA;1;1;0;1;NA;NA
Q3470001;368019.4492;6290994.138;1;1;1;1;1;1;1;1;1;1;1;1;1;1;1;1;1;1;1;1;NA;1;1;1;1;NA;NA
Q3510001;362508.9025;6291511.165;1;1;1;1;1;1;1;1;1;1;1;1;1;1;1;1;1;1;1;1;NA;1;1;1;1;NA;NA
Q4100001;459452.6;6188531;1;1;1;1;1;1;1;1;1;1;1;1;1;1;1;1;1;1;1;1;1;1;1;1;1;NA;NA
Q4300001;463258.0352;6204905.42;1;1;1;1;1;1;1;1;1;1;1;1;1;1;1;1;1;1;1;1;1;1;1;1;1;NA;NA
Q4420001;450100.4;6211107.5;1;1;1;1;1;1;1;1;1;1;1;1;1;1;1;1;1;1;1;1;1;1;1;1;1;NA;NA
Q4620001;434914.3;6208847;1;1;1;1;1;1;1;1;1;0;1;1;1;1;1;1;1;1;1;1;1;1;1;1;1;NA;NA
Q4670001;444246.4029;6214106.71;1;1;1;1;1;1;1;1;1;1;1;1;1;1;1;1;1;1;1;1;1;1;1;1;1;NA;NA
Q5000001;429294.532;6225915.3;1;1;1;1;1;1;1;1;1;1;1;1;1;1;1;1;1;1;1;1;1;1;1;1;1;NA;NA
Q5100001;438440.7;6235400.5;1;1;1;1;1;1;1;1;1;1;1;1;1;1;1;1;1;1;1;1;1;1;1;1;1;NA;NA
Q5150001;430192.4454;6249252.803;1;1;1;1;1;1;1;1;1;1;1;1;1;1;1;1;1;1;1;1;1;1;1;1;1;NA;NA
Q5220001;420410.2917;6251233.46;1;1;1;1;1;1;1;1;1;1;1;1;1;1;1;1;1;1;1;1;1;1;1;1;1;NA;NA
Q5231011;418651.6;6256344;1;1;1;1;1;1;1;1;1;1;1;1;1;1;1;1;1;1;1;1;1;1;1;1;1;NA;NA
Q5340001;406896.3;6261103;1;1;1;1;1;1;1;1;1;1;1;1;1;1;1;1;1;1;1;1;1;1;1;1;1;NA;NA
Q6102911;420257.0337;6215546.513;1;1;1;0;0;1;1;1;0;0;1;1;1;1;0;1;1;0;0;1;1;1;0;0;0;NA;NA
Q6110001;421519.7;6219363;1;1;1;1;0;1;1;1;1;1;1;1;1;1;1;1;1;1;1;1;1;1;1;1;1;NA;NA
Q6130001;419569.7;6229175.5;1;1;1;1;0;1;1;1;1;1;1;1;1;1;1;1;1;0;1;1;1;1;0;0;0;NA;NA
Q6230001;407470.1;6210013;1;1;1;1;1;1;1;1;1;1;1;1;1;1;1;1;1;1;1;1;1;1;1;1;1;NA;NA
Q6240001;402888.6;6209828;1;1;1;0;1;1;1;1;1;1;1;1;1;1;1;1;1;0;0;1;1;1;1;0;0;NA;NA
Q6320001;405147.2;6221996;1;1;1;1;1;1;1;1;0;1;1;1;1;1;0;1;1;0;0;1;1;1;1;0;0;NA;NA
Q6502511;408127.8;6230965;1;0;0;0;0;1;1;1;0;0;1;0;0;1;0;1;1;0;0;0;1;1;0;0;0;NA;NA
Q7002911;408226.311;6240209.138;1;1;1;1;1;1;1;1;1;1;1;1;1;1;1;1;1;1;1;1;1;1;1;1;1;NA;NA
Q7002912;411866.9658;6236894.766;1;0;1;1;1;1;1;1;1;1;1;1;1;1;1;1;1;1;1;1;1;1;1;1;1;NA;NA
Q7002913;405650.9;6242067.5;1;1;1;1;1;1;1;1;1;1;1;1;1;1;1;1;1;1;1;1;1;1;1;1;1;NA;NA
Q7002914;403046.6846;6242464.252;1;1;1;1;1;1;1;1;1;1;1;1;1;1;1;1;1;1;1;1;1;1;1;1;1;NA;NA
Q7010001;396004.445;6230822.072;1;1;1;1;1;1;1;1;1;1;1;1;1;1;1;1;1;1;1;1;1;1;1;1;1;NA;NA
Q7120001;395740.9;6253779.5;1;1;1;0;0;1;1;1;1;1;1;1;1;1;1;1;1;0;0;1;1;1;1;0;0;NA;NA
Q7140001;394867.3303;6244564.772;1;1;1;1;1;1;1;1;1;1;1;1;1;1;1;1;1;1;1;1;1;1;1;1;1;NA;NA
Q7150001;391134.6;6257888;1;1;1;1;1;1;1;1;1;1;1;1;1;1;1;1;1;1;1;1;1;1;1;1;1;NA;NA
Q7210001;379308.6;6216405;1;1;1;1;1;1;1;1;1;1;1;1;1;1;1;1;1;1;1;1;1;1;1;1;1;NA;NA
Q7220001;388879.539;6217887.227;1;1;1;1;0;1;1;1;0;0;1;1;1;1;0;1;1;0;0;1;1;1;1;0;0;NA;NA
Q7250001;379472.7;6229710;1;1;1;0;0;1;1;1;0;1;1;1;1;1;0;1;1;0;1;1;1;1;1;0;1;NA;NA
Q7350001;379929.5524;6261559.004;1;1;1;1;1;1;1;1;1;1;1;1;1;1;1;1;1;1;1;1;1;1;1;1;1;NA;NA
Q7420001;382381.2;6271574.5;1;1;1;1;1;1;1;1;1;1;1;1;1;1;1;1;1;1;1;1;1;1;1;1;1;NA;NA
Q7430001;375783.0718;6273599.986;1;1;1;1;1;1;1;1;1;1;1;1;1;1;1;1;1;1;1;1;1;1;1;1;1;NA;NA
Q8000001;369865.805;6241707.194;1;1;1;1;1;1;1;1;0;0;1;1;1;1;1;1;1;1;1;1;1;1;1;1;1;NA;NA
Q8100001;364055.7;6247424.5;1;1;1;1;1;1;1;1;0;1;1;1;1;1;1;1;1;0;0;1;1;1;1;1;1;NA;NA
Q8110001;372692.4;6256453;1;1;1;1;1;1;1;1;1;1;1;1;1;1;1;1;1;1;1;1;1;1;1;1;1;NA;NA
Q8130001;371097.2;6265845;1;1;1;1;1;1;1;1;1;1;1;1;1;1;1;1;1;1;1;1;1;1;1;1;1;NA;NA
Q8345911;350780.5;6265917.5;1;1;1;1;1;1;1;1;1;1;1;1;1;1;1;1;1;1;1;1;1;1;1;1;1;NA;NA
Q9000001;357967.4;6227061.5;1;1;1;1;1;1;1;1;1;1;1;1;1;1;1;1;1;1;1;1;1;1;1;1;1;NA;NA
Q9110001;341688.4762;6226507.451;1;1;1;1;1;1;1;1;1;1;1;1;1;1;1;1;1;1;1;1;1;1;1;1;1;NA;NA
Q9130001;343314.8755;6232670.461;1;1;1;1;1;1;1;1;1;1;1;1;1;1;1;1;1;1;1;1;1;1;1;1;1;NA;NA
Q9164610;347393.3;6241145.5;1;1;1;1;1;1;1;1;1;1;1;1;1;1;1;1;1;1;1;1;1;1;1;1;1;NA;NA
Q9250001;346834.8594;6250839.399;1;1;1;1;1;1;1;1;1;1;1;1;1;1;1;1;1;1;1;1;1;1;1;1;1;NA;NA
R0030001;512652.4922;6543164.082;1;1;1;1;1;1;1;1;1;1;1;1;1;1;1;1;1;1;1;1;1;1;1;1;1;NA;NA
R0050001;508676.7652;6552989.038;1;1;1;1;1;1;1;1;1;1;1;1;1;1;1;1;1;1;1;1;1;1;1;1;1;NA;NA
R0110021;486424.881;6561868.015;1;1;1;0;0;1;1;1;1;1;1;1;1;1;1;1;1;0;0;1;1;1;1;0;0;NA;NA
R0120001;491691.2;6558308.906;1;1;1;1;1;1;1;1;1;1;1;1;1;1;1;1;1;1;1;1;1;1;1;1;1;NA;NA
R0120002;491101.8847;6557334.195;1;1;1;1;1;1;1;1;1;1;1;1;1;1;1;1;1;1;1;1;1;1;1;1;1;NA;NA
R0160001;479757.2573;6555174.755;1;1;1;1;1;1;1;1;1;1;1;1;1;1;1;1;1;1;1;1;1;1;1;1;1;NA;NA
R1000001;543058.4;6508032.5;1;1;1;1;1;1;1;1;1;1;1;1;1;1;1;1;1;1;1;1;1;1;1;1;1;NA;NA
R1080011;506717.1226;6511027.364;1;1;1;0;0;1;1;1;1;1;1;1;1;1;1;1;1;0;1;1;1;1;1;0;0;NA;NA
R1080012;505166.4;6511609.5;1;1;1;1;1;1;1;1;1;1;1;1;1;1;1;1;1;1;1;1;1;1;1;1;1;NA;NA
R1090010;495926.5846;6519918.161;1;1;1;0;1;1;1;1;1;1;1;1;1;1;1;1;1;0;1;1;1;1;1;0;0;NA;NA
R1100001;532924.9;6507138;1;1;1;1;1;1;1;1;1;1;1;1;1;1;1;1;1;1;1;1;1;1;1;1;1;NA;NA
R1150001;511135.4;6501269;1;1;1;1;1;1;1;1;1;1;1;1;1;1;1;1;1;1;1;1;1;1;1;1;1;NA;NA
R1170001;495937.6;6507154.5;1;1;1;0;0;NA;NA;NA;NA;NA;NA;NA;NA;NA;NA;NA;NA;NA;NA;NA;NA;NA;NA;NA;NA;NA;NA
R1170002;494857.7476;6508692.886;NA;NA;NA;NA;NA;1;1;1;1;1;1;1;1;1;1;1;1;0;1;1;1;1;1;0;0;NA;NA
R1200001;507474.071;6528843.174;1;1;1;1;1;1;1;1;1;1;1;1;1;1;1;1;1;1;1;1;1;1;1;1;1;NA;NA
R1210001;507627.4579;6528823.459;1;1;1;1;1;1;1;1;1;1;1;1;1;1;1;1;1;1;1;1;1;1;1;1;1;NA;NA
R1230001;501971.6979;6527193.421;1;1;1;1;1;1;1;1;1;1;1;1;1;1;1;1;1;1;1;1;1;1;1;1;1;NA;NA
R1250010;486601.0702;6533796.422;1;1;1;1;1;1;1;1;1;1;1;1;1;1;1;1;1;1;1;1;1;1;1;1;1;NA;NA
R2015011;477621.3813;6542240.1;1;1;1;0;0;1;1;1;1;1;1;1;1;1;1;1;1;0;0;1;1;1;1;0;0;NA;NA
R2015012;476999.2787;6539739.083;1;1;1;0;0;1;1;1;1;1;1;1;1;1;1;1;1;0;1;1;1;1;1;0;0;NA;NA
R2015013;476055.5774;6536867.569;1;1;1;0;1;1;1;1;1;1;1;1;1;1;1;1;1;0;1;1;1;1;1;0;0;NA;NA
R2104011;466320.203;6551898.798;1;1;1;1;1;1;1;1;1;1;1;1;1;1;1;1;1;0;1;1;1;1;1;0;0;NA;NA
R2104012;467118.1025;6545272.919;1;1;1;1;1;1;1;1;1;1;1;1;1;1;1;1;1;0;1;1;1;1;1;0;0;NA;NA
R2104013;465136.7824;6554523.618;1;1;1;0;0;1;1;1;1;1;1;1;1;1;1;1;1;1;1;1;1;1;1;0;0;NA;NA
R2110030;466348.878;6540595.166;1;1;1;1;1;1;1;1;1;1;1;1;1;1;1;1;1;1;1;1;1;1;1;1;1;NA;NA
R2110031;463676.5608;6544063.878;1;1;1;1;0;1;1;1;1;1;1;1;1;1;1;1;1;1;1;1;1;1;1;1;1;NA;NA
R2110032;464845.1781;6541960.446;1;1;1;1;1;1;1;1;1;1;1;1;1;1;1;1;1;1;1;1;1;1;1;1;1;NA;NA
R2200001;467055.0319;6532347.997;1;1;1;0;0;1;1;1;1;1;1;1;1;1;1;1;1;1;1;1;1;1;1;0;0;NA;NA
R2200002;465433.1915;6532098.086;1;1;1;0;0;1;1;1;1;1;1;1;1;1;1;1;1;1;1;1;1;1;1;0;0;NA;NA
R2200003;461881.2472;6532771.601;1;1;1;1;1;1;1;1;1;1;1;1;1;1;1;1;1;1;1;1;1;1;1;0;1;NA;NA
R2210001;471808.3712;6527256.534;1;1;1;1;1;1;1;1;1;1;1;1;1;1;1;1;1;1;1;1;1;1;1;1;1;NA;NA
R2300001;477845.2;6515212.5;1;1;1;0;0;1;1;1;1;1;1;1;1;1;1;1;1;0;1;1;1;1;1;0;0;NA;NA
R2300002;481312.6753;6520081.966;1;1;1;0;0;1;1;1;1;1;1;1;1;1;1;1;1;0;1;1;1;1;1;1;1;NA;NA
R2320031;487261;6508450.5;1;1;1;1;1;1;1;0;1;1;1;1;1;1;1;1;1;1;1;1;1;1;1;1;1;NA;NA
R2335081;481764.9;6513781.5;1;1;1;0;0;1;1;1;1;1;1;1;1;1;1;1;1;1;1;1;1;1;1;1;1;NA;NA
R3020001;466924.4;6516682;1;1;0;0;0;1;1;1;1;0;1;1;1;1;1;1;1;1;1;1;1;1;1;1;0;NA;NA
R3020002;472024.2092;6510842.24;1;1;1;0;0;1;1;1;1;1;1;1;1;1;1;1;1;0;1;1;1;1;1;0;0;NA;NA
R3020003;468045.0044;6519134.806;1;1;1;1;0;1;1;1;1;1;1;1;1;1;1;1;1;1;1;1;1;1;1;0;1;NA;NA
R3040001;477817.8999;6494545.138;1;1;0;0;0;1;1;0;0;0;1;1;0;1;1;1;1;0;0;0;1;1;1;0;0;NA;NA
R3060001;464804.8139;6501244.673;NA;1;1;1;1;1;1;1;1;1;1;1;1;1;1;1;1;1;1;1;1;1;1;1;1;NA;NA
R3114010;447996.418;6522160.271;1;1;1;1;1;1;1;1;1;1;1;1;1;1;1;1;1;1;1;1;1;1;1;1;1;NA;NA
R3120001;449468.9411;6520293.594;1;1;1;1;1;1;1;1;1;1;1;1;1;1;0;1;1;1;1;1;1;1;1;0;0;NA;NA
R3200001;450200.0001;6540788.748;1;1;0;1;1;1;1;1;1;1;1;1;1;1;1;1;1;1;1;1;1;1;1;1;1;NA;NA
R3200002;448222.6606;6541874.942;1;1;1;1;0;1;1;1;1;1;1;1;1;1;1;1;1;1;1;1;1;1;1;1;0;NA;NA
R3200003;448302.51;6540967.526;1;1;0;1;0;1;1;1;1;1;1;1;1;1;1;1;1;1;1;1;1;1;1;1;0;NA;NA
R3200004;449886.4265;6540623.706;1;1;1;1;1;1;1;1;1;1;1;1;1;1;1;1;1;1;1;1;1;1;1;1;1;NA;NA
R3214021;443333.4378;6537234.276;1;1;0;1;1;1;1;1;1;1;1;1;1;1;1;1;1;1;1;1;1;1;1;1;1;NA;NA
R3214022;444669.7779;6538083.734;1;1;0;0;0;1;1;1;1;0;1;1;1;1;1;1;1;1;1;1;1;1;1;0;0;NA;NA
R3214023;447492.7737;6539664.867;1;1;1;1;1;1;1;1;1;1;1;1;1;1;1;1;1;1;1;1;1;1;1;1;1;NA;NA
R3214024;445976.0686;6538611.226;1;1;0;0;0;1;1;1;1;0;1;1;1;1;1;1;1;1;1;1;1;1;1;1;1;NA;NA
R3214025;442252.4122;6534380.838;1;1;1;1;1;1;1;1;1;1;1;1;1;1;1;1;1;1;1;1;1;1;1;1;1;NA;NA
R3220001;447276.9242;6535199.824;1;1;0;0;0;1;1;1;1;1;1;1;1;1;1;1;1;1;0;1;1;1;1;0;0;NA;NA
R3230001;438049.843;6536086.821;1;1;0;0;0;1;1;1;1;1;1;1;1;1;1;1;1;1;1;1;1;1;1;1;0;NA;NA
R3230002;437453.0813;6531695.297;1;1;1;1;1;1;1;1;1;1;1;1;1;1;1;1;1;1;1;1;1;1;1;1;1;NA;NA
R3230003;439215.8016;6530599.252;1;1;1;1;0;1;1;1;1;1;1;1;1;1;1;1;1;1;1;1;1;1;1;0;0;NA;NA
R3230004;439216.3981;6530591.3;1;1;0;0;1;1;1;1;1;1;1;1;1;1;1;1;1;0;0;1;1;1;1;1;0;NA;NA
R4000001;463650.9593;6490667.086;1;1;1;0;0;1;1;1;1;1;1;1;1;1;1;1;1;1;1;1;1;1;1;0;0;NA;NA
R4010001;469846.6874;6485204.155;1;1;1;0;1;1;1;1;1;1;1;1;1;1;1;1;1;1;1;1;1;1;1;1;1;NA;NA
R4010002;463963.907;6489378.077;1;1;1;0;0;1;1;1;1;1;1;1;1;1;1;1;1;1;1;1;1;1;1;1;0;NA;NA
R4030001;467352.7569;6494872.238;1;1;1;1;1;1;1;1;1;1;1;1;1;1;1;1;1;1;1;1;1;1;1;1;1;NA;NA
R4030002;462480.9911;6493383.661;1;0;0;0;0;1;1;1;0;0;1;1;1;1;1;1;1;0;0;0;1;1;1;0;0;NA;NA
R4050001;460812.0427;6493907.77;1;1;1;0;0;1;1;1;0;0;1;1;1;1;0;1;1;0;0;0;1;1;1;0;0;NA;NA
R4080001;455282.9807;6488925.928;1;1;1;0;0;1;1;1;1;1;1;1;1;1;1;1;1;1;1;1;1;1;1;0;1;NA;NA
R4090001;456611.2583;6492870.926;1;1;1;1;1;1;1;1;1;1;1;1;1;1;1;1;1;1;1;1;1;1;1;1;1;NA;NA
R4110011;449770.2587;6500021.694;1;1;1;1;1;1;1;1;1;1;1;1;1;1;1;1;1;1;1;1;1;1;1;1;1;NA;NA
R4130014;436889.2902;6511837.088;1;1;1;1;0;NA;NA;NA;NA;NA;NA;NA;NA;NA;NA;NA;NA;NA;NA;NA;NA;NA;NA;NA;NA;NA;NA
R4130015;436675.567;6512314.584;NA;NA;NA;NA;NA;1;1;1;1;1;1;1;1;1;1;1;1;1;1;1;1;1;1;1;1;NA;NA
R5000001;437048.3091;6479541.035;1;1;0;0;0;1;1;1;0;0;1;1;1;0;0;1;1;0;0;1;1;1;0;0;0;NA;NA
R5000002;438736.5919;6478781.314;1;1;1;1;1;1;1;1;1;1;1;1;1;1;1;1;1;1;1;1;1;1;1;1;1;NA;NA
R5000003;438264.8132;6475700.47;1;1;1;0;0;1;1;1;1;1;1;1;1;1;1;1;1;1;1;1;1;1;1;0;0;NA;NA
R5000004;439436.55;6475599.887;1;1;1;0;0;1;1;1;1;1;1;1;1;1;1;1;1;1;1;1;1;1;1;0;0;NA;NA
R5010001;439968.311;6479932.152;1;1;1;1;1;1;1;1;1;1;1;1;1;1;1;1;1;1;1;1;1;1;1;1;1;NA;NA
R5010002;436360.9994;6483374.839;1;1;0;0;0;1;1;1;0;0;1;1;0;0;0;1;1;0;0;0;1;1;0;0;0;NA;NA
R5010003;437479.6255;6482918.325;1;1;1;1;1;1;1;1;1;1;1;1;1;1;1;1;1;1;1;1;1;1;1;1;1;NA;NA
R5023310;431581.5117;6488548.399;1;1;1;1;1;1;1;1;1;1;1;1;1;1;1;1;1;1;1;1;1;1;1;1;1;NA;NA
R5023311;434737.575;6485833.081;1;1;0;0;0;1;1;1;0;1;1;1;0;0;0;1;1;0;1;1;1;1;0;0;0;NA;NA
R5030001;424091.8961;6482588.891;1;1;1;1;1;1;1;1;1;1;1;1;1;1;1;1;1;1;1;1;1;1;1;1;1;NA;NA
R5030002;428488.0341;6485211.346;1;1;1;0;0;1;1;1;1;1;1;1;1;0;0;1;1;0;1;1;1;1;1;0;0;NA;NA
R5040001;421464.5332;6487148.957;1;1;1;1;1;1;1;1;1;1;1;1;1;1;0;1;1;1;1;1;1;1;1;1;0;NA;NA
R5040002;423001.9116;6492137.594;1;1;0;1;1;1;1;1;1;1;1;1;1;1;1;1;1;1;1;1;1;1;1;1;1;NA;NA
R5040003;423589.921;6489860.263;1;1;0;0;0;1;1;1;1;1;1;1;1;1;1;1;1;1;1;1;1;1;1;0;0;NA;NA
R5060001;446296.5839;6490069.695;1;1;1;1;1;1;1;1;1;1;1;1;1;1;1;1;1;1;1;1;1;1;1;1;0;NA;NA
R5060002;448247.3266;6487017.041;1;1;1;1;1;1;1;1;1;1;1;1;1;1;1;1;1;1;1;1;1;1;1;1;1;NA;NA
R5060003;451668.3;6485545;1;1;1;1;1;1;1;1;1;1;1;1;1;1;1;1;1;1;1;1;1;1;1;1;1;NA;NA
R5060004;438669.1969;6490320.445;1;1;1;0;0;1;1;1;1;1;1;1;1;1;0;1;1;1;1;1;1;1;1;1;0;NA;NA
R5070001;438980.7912;6488186.659;1;1;1;1;1;1;1;1;1;1;1;1;0;1;1;1;1;1;1;1;1;1;1;1;1;NA;NA
R5080001;437433.9995;6491886.635;1;1;1;0;0;1;1;1;1;1;1;1;1;1;0;1;1;1;1;1;1;1;1;0;0;NA;NA
R5080002;438698.7946;6493107.51;1;1;1;0;1;1;1;1;1;1;1;1;1;1;1;1;1;1;1;1;1;1;1;1;1;NA;NA
R5080003;435945.8823;6495067.961;1;1;1;0;0;1;1;1;1;1;1;1;0;1;0;1;1;1;1;1;1;1;1;0;0;NA;NA
R5080004;438005.3339;6496843.998;1;1;1;1;1;1;1;1;1;1;1;1;1;1;0;1;1;1;1;1;1;1;1;1;1;NA;NA
R5090001;430312.6542;6495751.236;1;1;1;0;0;1;1;1;0;1;1;1;1;0;0;1;1;0;1;1;1;1;1;0;0;NA;NA
R5090002;430436.331;6495917.69;1;1;0;0;0;1;1;1;1;1;1;1;0;1;0;1;1;0;1;1;1;1;1;0;0;NA;NA
R5090003;434446.7449;6496857.516;1;1;1;0;0;1;1;0;0;0;1;1;0;0;0;1;1;0;0;1;1;1;0;0;0;NA;NA
R5110001;426601.864;6501108.984;1;1;1;0;1;1;1;1;1;1;1;1;1;1;1;1;1;1;1;1;1;1;1;1;1;NA;NA
R5110002;424167.8967;6500609.523;1;1;1;0;1;1;1;1;1;1;1;1;1;1;1;1;1;1;1;1;1;1;1;1;1;NA;NA
R5123311;422125.9308;6504621.503;1;1;1;1;1;1;1;1;1;1;1;1;1;1;1;1;1;1;1;1;1;1;1;1;1;NA;NA
R5123312;419644.987;6506652.83;1;1;0;0;0;1;1;1;1;1;1;1;1;1;1;1;1;1;1;1;1;1;1;1;1;NA;NA
R5220001;425434.125;6535488.187;1;1;0;0;0;1;1;1;0;0;1;1;1;1;1;1;1;0;0;1;1;1;0;0;0;NA;NA
R5220002;417341.9522;6535918.648;1;1;0;1;1;1;1;1;1;1;1;1;1;1;1;1;1;1;1;1;1;1;1;1;1;NA;NA
R6000001;458431.741;6561503.827;1;1;0;0;1;1;1;1;0;1;1;1;1;1;1;1;1;0;1;1;1;1;0;0;0;NA;NA
R6000002;455115.8596;6564490.565;1;1;1;1;1;1;1;1;1;1;1;1;1;1;1;1;1;1;1;1;1;1;1;1;1;NA;NA
R6010001;456233.194;6572391.035;1;1;1;0;0;1;1;1;1;1;1;1;1;1;1;1;1;0;1;1;1;1;1;0;0;NA;NA
R6070001;445895.0266;6564114.539;1;1;1;0;0;1;1;1;1;1;1;1;1;1;1;1;1;0;0;1;1;1;0;0;0;NA;NA
R6080011;435202.3648;6555001.303;1;1;1;0;0;1;1;1;1;1;1;1;1;1;1;1;1;0;1;1;1;1;1;0;0;NA;NA
R6080012;436933.6129;6556060.562;1;0;0;0;0;0;1;0;0;0;1;0;0;0;0;0;0;0;0;0;0;0;0;0;0;NA;NA
R6080013;436888.457;6554036.446;1;1;1;0;1;1;1;1;1;1;1;1;1;1;1;1;1;0;1;1;1;1;1;1;1;NA;NA
R6100011;439138.666;6552468.578;1;1;0;0;0;1;1;1;1;1;1;1;1;1;1;1;1;1;1;1;1;1;1;1;0;NA;NA
R6100012;441140.254;6549647.56;1;1;0;0;0;1;1;1;0;1;1;1;1;1;1;1;1;0;0;1;1;1;1;0;0;NA;NA
R6100013;434600.6827;6551868.718;1;1;1;1;1;1;1;1;1;1;1;1;1;1;1;1;1;1;1;1;1;1;1;1;1;NA;NA
R6100014;434717.2121;6550656.983;1;1;1;0;0;1;1;1;1;0;1;1;1;1;1;1;1;0;0;1;1;1;1;0;0;NA;NA
R6100015;437224.3293;6550331.059;1;1;0;0;0;1;1;0;0;0;1;1;1;1;1;1;1;0;0;1;1;1;0;0;0;NA;NA
R6100016;433361.6627;6550003.657;1;1;0;1;1;1;1;1;1;1;1;1;1;1;1;1;1;1;1;1;1;1;1;1;1;NA;NA
R6100017;434108.1248;6551753.98;1;1;1;1;1;1;1;1;1;1;1;1;1;1;1;1;1;1;1;1;1;1;1;1;1;NA;NA
R6100018;435192.7;6553446.5;1;1;1;1;1;1;1;1;1;1;1;1;1;1;1;1;1;1;1;1;1;1;1;1;1;NA;NA
R6100019;433284.356;6553188.991;1;1;0;0;0;1;1;1;0;0;1;1;1;1;1;1;1;1;1;1;1;1;1;0;0;NA;NA
R6110001;432398.0452;6547686.358;1;1;1;1;1;1;1;1;1;1;1;1;1;1;1;1;1;1;1;1;1;1;1;1;1;NA;NA
R6110002;432741.8571;6548633.356;1;1;1;1;1;1;1;1;1;1;1;1;1;1;1;1;1;1;1;1;1;1;1;1;1;NA;NA
R6110003;431273.5021;6544965.189;1;1;1;1;1;1;1;1;1;1;1;1;1;1;1;1;1;1;1;1;1;1;1;1;1;NA;NA
R6110004;434173.6462;6547773.775;1;1;1;1;0;1;1;1;1;1;1;1;1;1;1;1;1;1;1;1;1;1;1;1;1;NA;NA
R6110005;429558.6704;6544709.938;1;1;0;0;0;1;1;0;0;0;1;1;0;0;0;1;1;0;0;1;1;1;0;0;0;NA;NA
R6110006;429232.0383;6543148.153;1;1;1;1;1;1;1;1;1;1;1;1;1;1;1;1;1;1;1;1;1;1;1;1;1;NA;NA
R6110007;432864.0786;6545734.202;1;0;0;0;0;0;0;0;0;0;1;0;0;0;0;0;0;0;0;0;0;0;0;0;0;NA;NA
R6120001;432103.2232;6541691.979;1;1;0;0;1;1;1;1;1;1;1;1;1;1;1;1;1;1;1;1;1;1;1;1;1;NA;NA
R6120002;433214.3924;6540982.567;1;1;0;0;0;1;1;0;0;0;1;1;0;0;0;1;0;0;0;0;1;1;0;0;0;NA;NA
R6130001;426333.6279;6539357.542;1;1;1;1;1;1;1;1;1;1;1;1;1;1;1;1;1;1;1;1;1;1;1;1;1;NA;NA
R6130002;427447.1608;6542755.492;1;1;1;1;0;1;1;1;1;1;1;1;1;1;1;1;1;1;1;1;1;1;0;0;0;NA;NA
R6142921;425646.3097;6545378.083;1;1;1;1;1;1;1;1;1;1;1;1;1;1;1;1;1;1;1;1;1;1;1;0;1;NA;NA
R6150001;420283.3412;6558064.513;1;1;1;1;1;1;1;1;1;1;1;1;1;1;1;1;1;1;1;1;1;1;1;1;1;NA;NA
R6150002;420448.6033;6555836.367;1;1;1;1;1;1;1;1;1;1;1;1;1;1;1;1;1;0;1;1;1;1;1;1;1;NA;NA
R6150003;423579.7;6557943.5;1;1;1;0;1;1;1;1;1;1;1;1;1;1;1;1;1;1;1;1;1;1;1;1;1;NA;NA
R6164610;419473.8707;6555185.562;1;1;1;1;1;1;1;1;1;1;1;1;1;1;1;1;1;1;1;1;1;1;1;1;1;NA;NA
R6164711;415878.9617;6552844.432;1;0;1;0;0;1;1;1;1;1;1;1;1;1;1;1;1;1;1;1;1;1;1;1;1;NA;NA
R6170001;418091.8197;6549133.627;1;1;1;0;0;1;1;1;1;1;1;1;1;1;1;1;1;1;1;1;1;1;1;0;1;NA;NA
R6180010;413387.1959;6547320.282;1;1;1;0;0;1;1;1;1;1;1;1;1;1;1;1;1;1;1;1;1;1;1;1;1;NA;NA
R7110001;406527.7681;6522019.549;1;1;1;1;0;1;1;1;0;1;1;1;1;1;1;1;1;1;1;1;1;1;1;0;0;NA;NA
R7130010;399043.6262;6532592.66;1;1;1;1;1;1;1;1;1;1;1;1;1;1;1;1;1;1;1;1;1;1;1;1;1;NA;NA
R7320001;410914.014;6555116.725;1;1;1;0;0;1;1;1;1;1;1;1;1;1;0;1;1;0;1;1;1;1;0;0;0;NA;NA
R7320002;407158.7996;6560142.992;1;1;1;1;1;1;1;1;1;1;1;1;1;1;1;1;1;1;1;1;1;1;1;1;1;NA;NA
R7320003;409196.8914;6562440.234;1;1;1;1;0;1;1;1;1;1;1;1;1;1;1;1;1;1;1;1;1;1;1;1;1;NA;NA
R7320004;410625.8795;6562395.705;1;1;1;0;0;1;1;1;1;1;1;1;1;1;0;1;1;1;0;1;1;1;1;0;0;NA;NA
R7320005;409100.454;6555493.201;1;1;1;0;0;1;1;1;1;1;1;1;1;1;1;1;1;0;1;1;1;1;1;0;0;NA;NA
S0100011;409003.4825;6499840.306;0;0;0;0;0;1;1;0;0;0;1;1;1;1;0;1;1;0;0;0;1;1;0;0;0;NA;NA
S0114511;404266.8063;6510748.508;1;1;1;0;1;1;1;1;1;1;1;1;1;1;1;1;1;1;1;1;1;1;1;1;1;NA;NA
S0120011;395522.2986;6514898.75;1;1;1;0;0;1;1;1;1;1;1;1;1;1;1;1;1;1;1;1;1;1;1;1;1;NA;NA
S0320001;422788.601;6474431.62;1;1;1;1;1;1;1;1;1;1;1;1;1;1;1;1;1;1;1;1;1;1;1;1;1;NA;NA
S0320002;435595.4991;6468056.358;1;1;1;1;1;1;1;1;1;1;1;1;1;1;1;1;1;1;1;1;1;1;1;1;1;NA;NA
S0320003;440767.403;6467171.547;1;1;1;1;1;1;1;1;1;1;1;1;1;1;1;1;1;1;1;1;1;1;1;1;1;NA;NA
S0320004;426898.9751;6472667.967;1;1;1;1;1;1;1;1;1;1;1;1;1;1;1;1;1;1;1;1;1;1;1;1;1;NA;NA
S1000011;380485.2021;6474208.46;1;1;0;0;0;1;1;0;0;0;1;1;0;0;0;1;0;0;0;0;1;1;0;0;0;NA;NA
S1000012;380865.1037;6479139.064;1;1;0;0;0;1;1;0;0;0;1;0;0;0;0;1;0;0;0;0;1;1;0;0;0;NA;NA
S1100001;399865.4708;6464661.456;1;1;1;1;1;1;1;1;1;1;1;1;1;1;1;1;1;1;1;1;1;1;1;1;1;NA;NA
S1140001;402024.8;6444045;1;1;1;1;1;1;1;1;1;1;1;1;1;1;1;1;1;1;1;1;1;1;1;1;1;NA;NA
S1150001;409030.9549;6439913.857;1;1;1;1;1;1;1;1;1;1;1;1;1;1;1;1;1;1;1;1;1;1;1;1;1;NA;NA
S1215011;378773.3;6438657;1;1;1;1;1;1;1;1;1;1;1;1;1;1;1;1;1;1;1;1;1;1;1;1;1;NA;NA
S1300001;377183.4927;6416729.41;1;1;1;1;1;1;1;1;1;1;1;1;1;1;1;1;1;1;1;1;1;1;1;1;1;NA;NA
S1315010;372010.6;6424383;1;1;1;1;1;1;1;1;1;1;1;1;1;1;1;1;1;1;1;1;1;1;1;1;1;NA;NA
S2010001;400950.6;6345605.5;1;1;1;1;1;1;1;1;1;1;1;1;1;1;1;1;1;1;1;1;NA;1;1;1;0;NA;NA
S2030001;399653.5472;6359726.744;1;1;1;1;1;1;1;1;1;1;1;1;1;1;1;1;1;1;1;1;NA;1;1;1;1;NA;NA
S2040002;398733.9045;6365610.489;1;1;1;1;1;1;1;1;1;1;1;1;1;1;1;1;1;1;1;1;NA;1;1;1;1;NA;NA
S2110001;420339.4345;6356953.966;1;1;1;1;1;1;1;1;1;1;1;1;1;1;1;1;1;1;1;1;NA;1;1;1;1;NA;NA
S2245511;401348.7263;6387131.966;1;1;1;1;1;1;1;1;1;1;1;1;1;1;1;1;1;1;1;1;1;1;1;1;1;NA;NA
S2260001;390947.7;6402119;1;1;1;1;1;1;1;1;1;1;1;1;1;1;1;1;1;1;1;1;1;1;1;1;1;NA;NA
S3130001;376097.7;6363310.5;1;1;1;0;0;1;1;1;1;1;1;1;1;1;1;1;1;1;1;1;NA;1;1;1;0;NA;NA
S3200001;364595.9;6358158;1;1;1;1;1;1;1;1;1;1;1;1;1;1;1;1;1;1;1;1;NA;1;1;1;1;NA;NA
S3214011;381653.0795;6345238.843;1;1;1;1;1;1;1;1;1;1;1;1;1;1;1;1;1;1;1;1;NA;1;1;1;1;NA;NA
S3225011;369410.1;6350724;1;1;1;1;1;1;1;1;1;1;1;1;1;1;1;1;1;1;1;1;NA;1;1;1;1;NA;NA
S4070001;358883.332;6334892.498;1;1;1;1;1;1;1;1;1;1;1;1;1;1;1;1;1;1;1;1;NA;1;1;1;1;NA;NA
S4130001;354716.2;6322200.5;1;1;1;1;1;1;1;1;1;1;1;1;1;1;1;1;1;1;1;1;NA;1;1;1;1;NA;NA
S4200001;364069.8;6307705.5;1;1;1;1;1;1;1;1;1;1;1;1;1;1;1;1;1;1;1;1;NA;1;1;1;1;NA;NA
S4260001;348642.4834;6301390.587;1;1;1;1;1;1;1;1;1;1;1;1;1;1;1;1;1;1;1;1;NA;1;1;1;1;NA;NA
S5220001;325627.0144;6260340.66;1;1;1;1;0;1;1;1;1;1;1;1;1;1;1;1;1;1;1;1;1;1;1;0;0;NA;NA
U0000001;930908.3581;6782252.857;1;1;1;1;1;1;1;1;1;1;1;0;1;1;1;1;1;0;0;1;1;1;1;0;0;NA;NA
U0030001;910995.1379;6771932.516;1;1;1;1;1;1;1;1;1;1;1;1;1;1;1;1;1;1;1;1;1;1;1;1;1;NA;NA
U0040505;910931.4004;6764519.905;1;1;1;1;1;1;1;1;1;1;1;1;1;1;1;1;1;1;1;1;1;1;1;1;1;NA;NA
U0040506;904878.4132;6773283.265;1;1;1;0;1;1;1;1;0;1;1;0;1;1;1;1;1;1;0;1;1;1;1;1;1;NA;NA
U0104011;948758.1303;6785656.216;1;1;1;1;1;1;1;1;1;1;1;1;1;1;1;1;1;1;1;1;1;1;1;1;1;NA;NA
U0124011;941121.18;6773348.748;1;1;1;1;1;1;1;1;1;1;1;1;1;1;1;1;1;1;1;1;1;1;1;1;1;NA;NA
U0140001;918481.7398;6759291.895;1;1;1;1;1;1;1;1;1;1;1;1;1;1;1;1;1;1;1;1;1;1;1;1;1;NA;NA
U0204002;890284.0131;6753846.378;1;1;1;1;1;1;1;1;1;1;1;1;1;1;1;1;1;0;1;1;1;1;1;1;1;NA;NA
U0300001;906920.5466;6746456.884;1;1;1;1;1;1;1;1;0;1;1;1;1;1;1;1;1;1;1;1;1;1;1;1;1;NA;NA
U0320001;930298.7;6753688.5;1;1;1;1;1;1;1;1;1;1;1;1;1;1;1;1;1;1;1;1;1;1;1;1;1;NA;NA
U0415031;966130.6;6755083.5;1;1;1;1;1;1;1;1;1;1;1;1;1;1;1;1;1;1;1;1;1;1;1;1;1;NA;NA
U0415032;967153.8746;6755940.797;1;1;1;1;1;1;1;1;1;1;1;0;1;1;1;1;1;0;0;1;1;1;1;0;0;NA;NA
U0430001;947380.9291;6766233.822;1;1;1;1;1;1;1;1;1;1;1;0;1;1;1;1;1;1;1;1;1;1;1;1;1;NA;NA
U0444311;952539.6485;6766525.345;NA;NA;NA;1;1;1;1;1;1;1;1;1;1;1;1;1;1;1;1;1;1;1;1;1;1;NA;NA
U0455011;944463.9;6757758.5;1;1;1;1;1;1;1;1;1;1;1;1;1;1;1;1;1;1;1;1;1;1;1;1;1;NA;NA
U0480001;933541.4;6738616.5;1;1;1;1;1;1;1;1;1;1;1;1;1;1;1;1;1;1;1;1;1;1;1;1;1;NA;NA
U0525611;947961.0647;6735674.874;1;1;1;1;1;1;1;1;1;1;1;1;1;1;1;1;1;1;1;1;1;1;1;1;1;NA;NA
U0620531;921781.5;6715020;1;1;1;0;1;1;1;1;1;1;1;1;1;1;1;1;1;1;1;1;1;1;1;1;1;NA;NA
U0640001;904639.3888;6733358.876;1;1;1;1;1;1;1;1;1;1;1;1;1;1;1;1;1;0;0;1;1;1;1;1;1;NA;NA
U0704011;883408.1501;6748501.132;1;1;1;1;1;1;1;1;1;1;1;1;1;1;1;1;1;1;1;1;1;1;1;1;1;NA;NA
U0715011;881496.788;6745728.7;1;1;1;1;1;1;1;1;1;1;1;1;1;1;1;1;1;0;1;1;1;1;1;1;1;NA;NA
U0815011;908969.4862;6701241.94;1;1;1;1;1;1;1;1;1;1;1;1;1;1;1;1;1;1;1;1;1;1;1;1;1;NA;NA
U0815012;911378.9217;6707708.022;1;1;1;1;1;1;1;1;1;1;1;1;1;1;1;1;1;1;1;1;1;1;1;1;1;NA;NA
U0815013;909178.1;6714713.5;1;1;0;0;1;1;1;0;1;1;0;1;1;1;0;1;0;0;0;1;1;1;1;1;1;NA;NA
U0825110;889447.0267;6715225.16;1;1;1;1;1;1;1;1;1;1;1;1;1;0;1;1;1;1;1;1;1;1;1;1;1;NA;NA
U0825111;890673.4;6709676.5;1;1;1;1;1;1;1;1;1;1;1;1;1;1;1;1;1;1;1;1;1;1;1;1;1;NA;NA
U0830001;902678.942;6701213.868;1;1;1;1;1;1;1;1;1;1;1;1;1;1;1;1;1;1;1;1;1;1;1;1;1;NA;NA
U0900001;864837.1363;6742526.495;1;1;1;1;1;1;1;1;1;1;1;1;1;1;1;1;1;1;1;1;1;1;1;1;1;NA;NA
U0930001;882219.9907;6702056.214;1;1;1;0;0;1;1;1;0;1;1;0;1;1;1;1;0;0;0;0;1;1;1;0;0;NA;NA
U1004011;977822.8;6754547.5;1;1;1;1;1;1;1;1;1;1;1;1;1;1;1;1;1;1;1;1;1;1;1;1;1;NA;NA
U1004012;967642.2702;6745983.226;1;1;1;1;1;1;1;1;1;1;1;1;1;1;1;1;1;0;0;1;1;1;1;1;1;NA;NA
U1014021;959695.7842;6739058.465;1;1;1;0;1;1;1;1;0;1;1;0;1;1;1;1;1;1;1;1;1;1;0;0;0;NA;NA
U1014022;964492.2678;6737794.134;1;1;1;0;1;1;1;1;0;1;1;0;1;1;1;1;1;0;0;1;1;1;1;0;0;NA;NA
U1025031;975912.3528;6740164.203;1;1;1;1;1;1;1;1;1;1;1;1;1;1;1;1;1;1;1;1;1;1;1;1;1;NA;NA
U1025032;963309.068;6733965.503;1;1;1;0;1;1;1;1;0;1;1;0;1;1;1;1;1;0;0;1;1;1;1;0;0;NA;NA
U1025033;980256.7;6741915.5;1;1;1;1;1;1;1;1;1;1;1;1;1;1;1;1;1;1;1;1;1;1;1;1;1;NA;NA
U1044011;947267.8999;6707764.408;1;1;1;1;1;1;1;1;1;1;1;1;1;1;1;1;1;1;1;1;1;1;1;1;1;NA;NA
U1044012;960521.8;6712532.5;1;1;1;1;1;1;1;1;1;1;1;1;1;1;1;1;1;1;1;1;1;1;1;1;1;NA;NA
U1044013;956386.1;6714422;1;1;1;1;1;1;1;1;1;1;1;1;1;1;1;1;1;1;1;1;1;1;1;1;1;NA;NA
U1044014;941548.5;6714025;1;1;1;1;1;1;1;1;1;1;1;1;1;1;1;1;1;1;1;1;1;1;1;1;1;NA;NA
U1054011;927994.8888;6699653.833;NA;NA;NA;0;1;1;1;1;1;1;1;1;0;1;0;1;0;0;0;1;1;1;1;0;0;NA;NA
U1060001;926264.7936;6702281.863;1;1;1;1;1;1;1;1;1;1;1;1;1;1;1;1;1;1;1;1;1;1;1;1;1;NA;NA
U1060002;916760.5472;6699463.343;1;1;0;1;1;1;1;1;1;1;1;1;1;1;0;1;1;1;0;1;1;1;1;1;1;NA;NA
U1075411;904191.4347;6692122.371;1;1;1;1;1;1;1;1;1;1;1;0;1;0;1;1;1;1;0;1;1;1;1;1;1;NA;NA
U1084011;894250.3;6681686.5;1;1;1;1;1;1;1;1;1;1;1;0;1;1;1;1;1;1;1;1;1;1;1;1;0;NA;NA
U1084012;899302.6009;6683630.085;1;1;1;0;1;1;1;1;1;1;1;0;1;1;1;1;1;0;1;1;1;1;1;1;1;NA;NA
U1120011;889064.0435;6678505.993;1;1;1;0;1;1;1;1;1;1;1;0;1;1;1;1;1;0;0;1;1;1;1;1;1;NA;NA
U1204011;853057.9993;6728552.736;1;1;1;1;1;1;1;1;1;1;1;0;1;1;1;1;1;1;0;1;1;1;1;1;1;NA;NA
U1215030;852883.4796;6714652.828;1;1;1;1;1;1;1;1;1;1;1;1;1;1;1;1;1;1;0;1;1;1;1;1;1;NA;NA
U1224021;866344.1805;6712350.472;1;1;1;1;1;1;1;1;1;1;1;0;1;1;1;1;1;0;0;1;1;1;1;1;1;NA;NA
U1235021;862530.2395;6695974.985;1;1;1;1;1;1;1;1;1;1;1;1;1;1;1;1;1;1;1;1;1;1;1;1;1;NA;NA
U1244041;872928.6138;6687859.715;1;1;1;1;1;1;1;1;1;1;1;1;1;1;1;1;1;1;1;1;1;1;1;1;1;NA;NA
U1314031;835119.1049;6690687.455;1;1;1;1;1;1;1;1;1;1;1;1;1;1;1;1;1;1;1;1;1;1;1;1;1;NA;NA
U1329031;846444.3569;6705084.496;1;1;0;0;0;1;1;1;0;0;1;0;0;0;0;1;0;0;0;0;1;1;0;0;0;NA;NA
U1416411;864731.8751;6676522.499;1;1;1;1;1;1;1;1;1;1;1;1;1;1;1;1;1;1;1;1;1;1;1;1;1;NA;NA
U1416412;855812.5769;6681068.827;1;1;1;1;1;1;1;1;1;1;1;1;1;1;1;1;1;1;1;1;1;1;1;1;1;NA;NA
U1416413;858446.6333;6682191.335;1;1;1;1;1;1;1;1;1;1;1;1;1;1;1;1;1;1;1;1;1;1;1;1;1;NA;NA
U1420011;860545.0789;6657462.157;1;1;1;1;1;1;1;1;1;1;1;0;1;1;1;1;0;0;0;1;1;1;1;0;0;NA;NA
U2002011;943745.9;6627512.5;1;1;1;1;1;1;1;1;1;1;1;1;1;1;1;1;1;0;1;1;1;1;1;0;1;NA;NA
U2022021;958531.6;6646929.5;1;1;1;1;1;1;1;1;1;1;1;1;1;1;1;1;1;1;1;1;1;1;1;1;1;NA;NA
U2022022;956718.659;6643840.137;1;1;1;1;1;1;1;1;1;1;1;1;1;1;1;1;1;1;1;1;1;1;1;1;1;NA;NA
U2035051;942754.4;6639436.5;1;1;1;1;1;1;1;1;1;1;1;1;1;1;1;1;1;0;1;1;1;1;1;1;1;NA;NA
U2102010;964519.6328;6662556.202;1;1;1;1;1;1;1;1;1;1;1;1;1;1;1;1;1;1;1;1;1;1;1;1;1;NA;NA
U2102021;972935.9;6663767;1;1;1;1;1;1;1;1;1;1;1;1;1;1;1;1;1;1;1;1;1;1;1;1;1;NA;NA
U2112021;981552.9;6671696.5;1;1;1;1;1;1;1;1;1;1;1;1;1;1;1;1;1;1;1;1;1;1;1;1;0;NA;NA
U2215211;966179.3;6682071.5;1;1;1;1;1;1;1;1;1;1;1;1;1;1;1;1;1;1;1;1;1;1;1;1;1;NA;NA
U2225420;990888.8547;6713887.189;1;1;1;1;1;1;1;1;1;1;1;1;1;1;1;1;1;1;1;1;1;1;1;1;1;NA;NA
U2225811;993117.7;6707329.5;1;1;1;1;1;1;1;1;1;1;1;0;1;1;1;1;1;1;1;1;1;1;1;1;1;NA;NA
U2225812;982720.2347;6705524.604;1;1;1;1;1;1;1;1;1;1;1;1;1;1;1;1;1;1;1;1;1;1;1;1;1;NA;NA
U2225813;985037.9882;6705450.533;1;1;1;1;1;1;1;1;1;1;1;1;1;1;1;1;1;1;1;1;1;1;1;1;0;NA;NA
U2225814;978649.6617;6698797.15;1;1;1;1;1;1;1;1;1;1;1;1;1;1;1;1;1;0;0;1;1;1;1;0;0;NA;NA
U2305241;1000032.6;6737312.5;1;1;1;NA;1;1;1;1;1;1;1;1;1;1;1;1;1;1;1;1;1;1;1;1;1;NA;NA
U2305242;999647;6737790.5;1;1;1;NA;1;1;1;1;1;1;1;1;1;1;1;1;1;0;1;1;1;1;1;1;1;NA;NA
U2305243;999995.5154;6743490.267;1;1;1;NA;1;1;1;1;1;1;1;1;1;1;1;1;1;1;1;1;1;1;1;1;1;NA;NA
U2324211;1001609.115;6726635.014;1;1;1;NA;1;1;1;1;1;1;1;1;1;1;1;1;1;1;1;1;1;1;1;1;1;NA;NA
U2334031;994483.7469;6720536.818;1;1;1;1;1;1;1;1;1;1;1;1;1;1;1;1;1;1;1;1;1;1;1;1;1;NA;NA
U2334032;1006844.1;6720765.5;1;1;1;NA;1;1;1;1;1;1;1;1;1;1;1;1;1;1;1;1;1;1;1;1;1;NA;NA
U2334033;999290.1;6716779;1;1;1;NA;1;1;1;1;1;1;1;1;1;1;1;1;1;1;1;1;1;1;1;1;1;NA;NA
U2346411;989973.0629;6732605.746;1;1;1;NA;1;1;1;1;1;1;1;1;1;1;1;1;1;1;1;1;1;1;1;1;1;NA;NA
U2346412;990344.6619;6740307.839;1;1;1;NA;1;1;1;1;1;1;1;1;1;1;1;1;1;1;1;1;1;1;1;1;1;NA;NA
U2346413;986036.6809;6746511.959;1;1;1;NA;1;1;1;1;1;1;1;1;1;1;1;1;1;1;1;1;1;1;1;1;1;NA;NA
U2346414;987287.0655;6737611.728;1;1;1;1;1;1;1;1;1;1;1;1;1;1;1;1;1;1;1;1;1;1;1;1;1;NA;NA
U2346415;986088.2;6740841;1;1;1;NA;1;1;1;1;1;1;1;1;1;1;1;1;1;1;1;1;1;1;1;1;1;NA;NA
U2405211;976337.5119;6709443.584;1;1;1;1;1;1;1;1;1;1;1;1;1;1;1;1;1;1;1;1;1;1;1;1;1;NA;NA
U2419111;968428.215;6710827.9;1;1;1;1;1;1;1;1;1;1;1;1;1;1;1;1;1;1;1;1;1;1;1;1;1;NA;NA
U2419112;971795.5;6709292.5;1;1;1;1;1;1;1;1;1;1;1;1;1;1;1;1;1;1;1;1;1;1;1;1;1;NA;NA
U2419113;966957.9;6711472.5;1;1;1;1;1;1;1;1;1;1;1;1;1;1;1;1;1;1;1;1;1;1;1;1;1;NA;NA
U2419114;973102.1;6694562;1;1;1;1;1;1;1;1;1;1;1;1;1;1;1;1;1;1;1;1;1;1;1;1;1;NA;NA
U2425070;954055.5323;6697495.291;1;1;1;1;1;1;1;1;1;1;1;1;1;1;1;1;1;1;1;1;1;1;1;1;1;NA;NA
U2426011;954690.6741;6688916.001;1;1;1;1;1;1;1;1;1;1;1;1;1;1;1;1;1;1;1;1;1;1;1;1;1;NA;NA
U2515531;928003.3;6682690.5;1;1;1;1;1;1;1;1;1;1;1;1;1;1;1;1;1;1;1;1;1;1;1;1;1;NA;NA
U2522021;921346.2;6676617.5;1;1;1;1;1;1;1;1;1;1;1;1;1;1;1;1;1;1;1;1;1;1;1;1;1;NA;NA
U2530001;907447.6;6679619.5;1;1;1;1;1;1;1;1;1;1;1;1;1;1;1;1;1;1;1;1;1;1;1;1;1;NA;NA
U2530002;907479.9364;6672508.068;1;1;1;1;1;1;1;1;1;1;1;1;1;1;1;1;1;1;1;1;1;1;1;1;1;NA;NA
U2542011;894105.1;6676996.5;1;1;0;0;1;1;1;1;1;1;1;0;1;1;1;1;1;0;0;1;1;1;1;1;1;NA;NA
U2542012;893379.9936;6674939.56;1;1;1;1;1;1;1;1;1;1;1;1;1;1;1;1;1;1;1;1;1;1;1;1;1;NA;NA
U2542013;906559.7037;6680840.747;1;1;1;1;1;1;1;1;1;1;1;1;1;1;1;1;1;1;1;1;1;1;1;1;1;NA;NA
U2604071;942909.5;6667883;1;1;1;1;1;1;1;1;1;1;1;1;1;1;1;1;1;1;1;1;1;1;1;1;1;NA;NA
U2604072;941034.6;6671216.5;1;1;1;1;1;1;1;1;1;1;1;1;1;1;1;1;1;1;1;1;1;1;1;0;1;NA;NA
U2604073;936547.7159;6673419.186;1;1;1;1;1;1;1;1;0;0;1;1;1;1;1;1;1;1;0;1;1;1;1;1;1;NA;NA
U2624011;919848.2;6665683.5;1;1;1;1;1;1;1;1;1;1;1;1;1;1;1;1;1;1;1;1;1;1;1;1;1;NA;NA
U2639011;905853.8;6659274;1;1;1;0;1;1;1;1;1;1;1;1;1;1;1;1;1;0;1;1;1;1;1;1;1;NA;NA
U2640002;905379.7;6655840.5;1;1;1;1;1;1;1;1;1;1;1;1;1;1;1;NA;1;1;1;1;1;1;1;1;1;NA;NA
U2640003;904142;6661816.5;NA;NA;NA;NA;NA;1;1;0;0;0;0;0;0;0;0;1;1;0;0;0;1;1;1;0;0;NA;NA
U2640004;910071.008;6654753.242;1;1;1;1;1;1;1;1;1;1;1;1;1;1;1;1;1;1;1;1;1;1;1;1;1;NA;NA
U2640005;901562.46;6660679.618;1;1;1;1;1;1;1;1;1;1;1;1;1;1;1;1;1;1;1;1;1;1;1;1;1;NA;NA
U2640006;902588.4788;6661121.759;1;1;1;1;1;NA;NA;NA;NA;NA;NA;NA;NA;NA;NA;NA;NA;NA;NA;NA;NA;NA;NA;NA;NA;NA;NA
U2655032;907953.0491;6646171.239;1;1;1;1;1;1;1;1;0;1;1;1;1;1;1;1;1;0;0;1;1;1;1;0;0;NA;NA
U2655033;894563.8365;6658506.237;1;1;1;1;1;1;1;1;1;1;1;1;1;1;1;1;1;1;1;1;1;1;1;1;1;NA;NA
U2655034;899093.1;6656249.5;1;1;1;1;1;1;1;1;1;1;1;1;1;1;1;1;1;0;1;1;1;1;1;0;0;NA;NA
U2715011;882380.7;6655049;1;1;1;1;1;1;1;1;1;1;1;1;1;1;1;1;1;1;1;1;1;1;1;1;1;NA;NA
U2715012;889774.1;6655530;1;1;0;0;0;1;1;0;0;0;0;0;1;0;0;1;0;0;0;1;1;1;1;0;0;NA;NA
U2722011;872497.2801;6657005.982;1;1;1;1;1;1;1;1;1;1;1;1;1;0;1;1;1;0;0;1;1;1;1;0;0;NA;NA
U2722012;878202.2368;6660944.697;1;1;1;0;0;1;1;1;1;1;1;0;0;0;1;1;1;0;0;1;1;1;1;1;1;NA;NA
U2745021;864119.9;6647466.5;1;1;1;1;1;1;1;1;1;1;1;0;1;1;1;1;1;1;1;1;1;1;1;1;1;NA;NA
U3004011;818744.7995;6642894.938;1;1;1;1;1;1;1;1;1;1;1;1;1;1;1;1;1;1;1;1;1;1;1;1;1;NA;NA
U3004012;819751.7382;6644244.877;1;1;1;1;1;1;1;1;1;1;1;1;1;1;1;1;1;1;1;1;1;1;1;1;1;NA;NA
U3014011;824607.8701;6651973.707;1;1;1;1;1;1;1;1;1;1;1;1;1;1;1;1;1;1;1;1;1;1;1;1;1;NA;NA
U3020001;835416.158;6653904.265;1;1;1;1;1;1;1;1;1;1;1;1;1;1;1;1;1;1;1;1;1;1;1;1;1;NA;NA
U3020002;835239.9066;6658988.339;1;1;1;1;1;1;1;1;1;1;1;1;1;1;1;1;1;1;1;1;1;1;1;1;1;NA;NA
U3035010;842729.3928;6674550.225;1;1;1;0;0;1;1;1;0;0;1;0;0;0;0;1;0;0;0;1;1;1;1;0;0;NA;NA
U3036011;837819.4233;6664053.065;1;1;1;0;0;1;1;1;1;1;1;0;0;1;1;1;1;0;0;1;1;1;1;0;0;NA;NA
U3110001;852595.7889;6637962.99;1;1;1;1;1;1;1;1;1;1;1;1;1;1;1;1;1;1;1;1;1;1;1;1;1;NA;NA
U3127011;827390.3921;6633983.217;1;1;1;1;1;1;1;1;1;1;1;1;1;1;1;1;1;1;1;1;1;1;1;1;1;NA;NA
U3127012;833737.9;6643299.5;1;1;1;1;1;1;1;1;1;1;1;1;1;1;1;1;1;1;1;1;1;1;1;1;1;NA;NA
U3205211;823150.4755;6570807.057;1;1;1;1;1;1;1;1;1;1;1;1;1;1;1;1;1;1;1;1;1;1;1;1;1;NA;NA
U3205212;824010.431;6582157.689;1;1;1;1;1;1;1;1;1;1;1;1;1;1;1;1;1;1;1;1;1;1;1;1;1;NA;NA
U3225011;815507.7;6605255.5;1;1;1;1;1;1;1;1;1;1;1;1;1;1;1;1;1;0;1;1;1;1;1;1;1;NA;NA
U3225012;819540.4618;6620953.809;1;1;1;1;1;1;1;1;1;1;1;1;1;1;1;1;1;0;1;1;1;1;1;1;1;NA;NA
U3234011;833277;6617409;1;1;1;1;1;1;1;1;1;1;1;1;1;1;1;1;1;1;1;1;1;1;1;1;1;NA;NA
U3234012;828537.2774;6611269.714;1;1;1;1;1;1;1;1;1;1;1;1;1;1;1;1;1;1;1;1;1;1;1;1;1;NA;NA
U3300001;859168.2;6626980;1;1;1;1;1;1;1;1;1;1;1;1;1;1;1;1;1;1;1;1;1;1;1;1;1;NA;NA
U3404031;902059.6;6625853;1;1;1;1;1;1;1;1;1;1;1;1;1;1;1;1;1;0;0;1;1;1;1;1;1;NA;NA
U3404032;897420.098;6633548.754;1;1;1;1;1;1;1;1;1;1;1;1;1;1;1;1;1;1;1;1;1;1;1;1;1;NA;NA
U3404033;890193.7;6628722.5;1;1;1;1;1;1;1;1;1;1;1;1;1;1;1;1;1;0;1;1;1;1;1;1;1;NA;NA
U3404034;888878.6;6630332.5;1;1;1;1;1;1;1;1;1;1;1;1;1;1;1;1;1;1;1;1;1;1;1;1;1;NA;NA
U3404035;893229.8;6625634;1;1;1;1;1;1;1;1;1;1;1;1;1;1;1;1;1;1;1;1;1;1;1;1;1;NA;NA
U3404036;889980.6207;6633560.365;1;1;0;0;1;1;1;0;0;0;0;0;1;0;0;1;0;0;0;0;1;1;1;0;0;NA;NA
U3415031;902499.9505;6637398.509;1;1;1;1;1;1;1;1;1;1;1;1;1;1;1;1;1;1;1;1;1;1;1;1;1;NA;NA
U3424011;870542.7417;6620527.713;1;1;1;1;1;1;1;1;1;1;1;1;1;1;1;1;1;1;1;1;1;1;1;1;1;NA;NA
U3446411;874955.366;6574418.648;1;1;0;0;1;1;1;0;0;0;1;0;1;0;0;1;0;0;0;0;1;1;0;0;1;NA;NA
U3455051;881900.4614;6617273.369;1;1;1;1;1;1;1;1;1;1;1;1;1;1;1;1;1;1;1;1;1;1;1;1;1;NA;NA
U3470001;864308.7;6594227;1;1;1;1;1;1;1;0;1;1;1;1;1;1;1;1;1;1;1;1;1;1;1;1;1;NA;NA
U3470002;866937.2;6605385.5;1;1;1;1;1;1;1;1;1;1;1;1;1;1;1;1;1;1;1;1;1;1;1;1;1;NA;NA
U3470003;869319.4;6603526.5;1;1;1;1;1;1;1;1;1;1;1;1;1;1;1;1;1;0;0;1;1;1;1;1;1;NA;NA
U4030001;865904;6583907;1;1;1;0;1;1;1;1;0;0;1;0;1;0;0;1;0;0;0;1;1;1;1;0;1;NA;NA
U4100001;834157;6594660;1;1;1;1;1;1;1;1;1;1;1;1;1;1;1;1;1;0;1;1;1;1;1;1;1;NA;NA
U4110001;849118.9;6584620;1;1;1;1;1;1;1;1;1;1;1;1;1;1;1;1;1;0;0;1;1;1;1;1;1;NA;NA
U4110002;847769.6;6580475;1;1;1;1;1;1;1;1;1;1;1;1;1;1;1;1;1;1;1;1;1;1;1;1;1;NA;NA
U4216011;864650.3311;6557680.201;1;1;1;1;1;1;1;1;1;1;1;1;1;1;1;1;1;1;1;1;1;1;1;1;1;NA;NA
U4235011;860807.3;6546992;1;1;1;1;1;1;1;1;1;1;1;1;1;1;1;1;1;0;0;1;1;1;1;1;1;NA;NA
U4240001;857643.1433;6579058.843;1;1;1;1;1;1;1;1;1;1;1;1;1;1;1;1;1;1;1;1;1;1;1;1;1;NA;NA
U4240002;847515.5;6577050;1;1;0;1;1;1;1;0;1;1;1;1;1;1;0;1;1;0;0;0;1;1;1;1;1;NA;NA
U4305411;828860;6583364.5;1;1;1;1;1;1;1;1;1;1;1;1;1;1;1;1;1;1;1;1;1;1;1;1;1;NA;NA
U4310001;842022;6569658.5;1;1;1;1;1;1;1;1;1;1;1;1;1;1;1;1;1;1;1;1;1;1;1;1;1;NA;NA
U4310002;833922.3639;6564343.696;1;1;1;1;1;1;1;1;1;1;1;0;1;1;1;1;0;0;0;1;1;1;1;1;1;NA;NA
U4310003;830971.3155;6571364.117;1;1;1;1;1;1;1;1;1;1;1;1;1;1;1;1;1;1;1;1;1;1;1;1;1;NA;NA
U4405021;849718.2;6560630;1;1;1;1;1;1;1;1;1;1;1;1;1;1;1;1;1;1;1;1;1;1;1;1;1;NA;NA
U4405022;846621.4;6559532.5;1;1;1;1;1;1;1;1;1;1;1;1;1;1;1;1;1;1;1;1;1;1;1;1;1;NA;NA
U4405023;856398.9278;6555367.114;1;1;1;1;1;1;1;1;1;1;1;1;1;1;1;1;1;1;1;1;1;1;1;1;1;NA;NA
U4405024;850780.9;6558133;1;1;1;0;1;1;1;1;1;1;1;1;1;1;1;1;1;1;1;1;1;1;1;1;1;NA;NA
U4405025;845410.8;6562840;1;1;0;0;1;1;1;0;0;0;1;0;1;0;0;1;0;0;0;0;1;1;0;0;0;NA;NA
U4405026;833570.8301;6562607.901;1;1;1;1;1;1;1;1;1;1;1;1;1;1;1;1;1;1;1;1;1;1;1;1;1;NA;NA
U4506011;826357.1363;6559753.708;1;1;1;1;1;1;1;1;1;1;1;1;1;1;1;1;1;1;1;1;1;1;1;1;1;NA;NA
U4506012;832202.7181;6560090.587;1;1;1;1;1;1;1;1;1;1;1;1;1;1;1;1;1;1;1;1;1;1;1;1;1;NA;NA
U4515421;831148.6153;6552898.392;1;1;1;1;1;1;1;1;1;1;1;0;1;1;1;1;0;0;0;1;1;1;1;1;1;NA;NA
U4515422;824281.5291;6552137.494;1;1;1;1;1;1;1;1;1;1;1;1;1;1;1;1;1;1;1;1;1;1;1;1;1;NA;NA
U4525211;830524.9422;6542405.205;1;1;0;0;0;1;1;1;0;0;0;0;0;0;0;0;0;0;0;0;0;0;0;0;0;NA;NA
U4525212;823699.9555;6546335.451;1;1;1;1;1;1;1;1;1;1;1;1;1;1;1;1;1;0;1;1;1;1;1;1;1;NA;NA
U4600001;814306.5906;6551833.678;1;1;1;1;1;1;1;1;1;1;1;1;1;1;1;1;1;1;1;1;1;1;1;1;1;NA;NA
U4614011;818626.5189;6540230.699;1;1;1;1;1;1;1;1;1;1;1;0;1;1;1;1;1;0;0;1;1;1;1;0;0;NA;NA
U4625011;827514.5353;6533555.942;1;1;1;1;1;1;1;1;1;1;1;1;1;1;1;1;1;1;1;1;1;1;1;1;1;NA;NA
U4625012;818777.7707;6534830.175;1;1;1;1;1;1;1;1;1;1;1;1;1;1;1;1;1;0;0;1;1;1;1;1;1;NA;NA
U4636611;818775.6541;6527133.268;1;1;1;1;1;1;1;1;1;1;1;1;1;1;1;1;1;1;1;1;1;1;1;1;1;NA;NA
U4636612;821904.1058;6522430.874;1;1;1;1;1;1;1;1;1;1;1;1;1;1;1;1;1;1;1;1;1;1;1;1;1;NA;NA
U4636613;814657.6403;6518633.017;1;1;1;1;1;1;1;1;0;1;1;1;1;1;1;1;1;0;0;1;1;1;1;1;1;NA;NA
U4636614;813868.1864;6529856.542;1;1;1;1;1;1;1;1;1;1;1;1;1;1;1;1;1;0;0;1;1;1;1;1;1;NA;NA
U4636615;809012.7321;6533445.749;1;1;1;1;1;1;1;1;1;1;1;1;1;1;1;1;1;1;1;1;1;1;1;1;1;NA;NA
V0002011;1002003.048;6546953.385;1;1;1;1;1;1;1;1;1;1;1;1;1;1;1;1;1;1;1;1;1;1;1;1;1;NA;NA
V0020001;988844.9;6530478.5;1;1;1;1;1;1;1;1;1;1;1;1;1;1;1;1;1;1;1;1;1;1;1;1;1;NA;NA
V0032011;983147.1;6541128.5;1;1;1;1;1;1;1;1;1;1;1;1;1;1;1;1;1;1;1;1;1;1;1;1;1;NA;NA
V0060001;973528.2;6551862.5;1;1;1;1;1;1;1;1;1;1;1;1;1;1;1;1;1;1;1;1;1;1;1;1;1;NA;NA
V0120001;988468.8988;6560566.669;1;1;1;1;1;1;1;1;1;1;1;1;1;1;1;1;1;1;1;1;1;1;1;1;1;NA;NA
V0130001;979084.8126;6568209.383;1;1;1;1;1;1;1;1;1;1;1;1;1;1;1;1;1;1;1;1;1;1;1;1;1;NA;NA
V0140001;972577.0706;6567566.342;1;1;1;0;1;1;1;1;1;1;1;1;1;1;1;1;1;0;1;1;1;1;1;1;1;NA;NA
V0155011;969789.7908;6574364.336;1;1;1;0;1;1;1;1;1;1;1;1;1;1;1;1;0;0;1;1;1;1;1;1;1;NA;NA
V0205421;967333.5;6555927.5;1;1;1;1;1;1;1;1;1;1;1;1;1;1;1;1;1;1;1;1;1;1;1;1;1;NA;NA
V0220001;952163.8293;6565867.018;1;1;1;1;1;1;1;1;1;1;1;1;1;1;1;1;1;1;1;1;1;1;1;1;1;NA;NA
V0235021;961472.2;6574293;1;1;1;1;1;1;1;1;1;1;1;1;1;1;1;1;1;1;1;1;1;1;1;1;1;NA;NA
V0235022;964443.3;6571824.5;1;1;1;1;1;1;1;1;1;1;1;1;1;1;1;1;1;1;1;1;1;1;1;1;1;NA;NA
V0235023;962131.5;6566179;1;1;1;1;1;1;1;1;1;1;1;1;1;1;1;1;1;1;1;1;1;1;1;1;1;NA;NA
V0245611;938154;6564697;1;1;1;1;1;1;1;1;1;1;1;1;1;1;1;1;1;1;1;1;1;1;1;1;1;NA;NA
V0316611;991014.8;6586112.5;1;1;1;0;1;1;1;1;1;1;1;1;1;1;1;1;1;1;1;1;1;1;1;1;1;NA;NA
V0325011;987375.3;6569063.5;1;1;1;0;1;1;1;1;1;1;1;1;1;1;1;1;1;0;1;1;1;1;1;1;1;NA;NA
V0334011;974203.7;6591314;1;1;1;0;1;1;1;1;1;1;1;1;1;1;1;1;1;1;1;1;1;1;1;1;1;NA;NA
V0345211;962947.6;6583742.5;1;1;1;1;1;1;1;1;1;1;1;1;1;1;1;1;1;1;1;1;1;1;1;1;1;NA;NA
V0355011;958147;6587830.5;1;1;1;1;1;1;1;1;1;1;1;1;1;1;1;1;1;1;1;1;1;1;1;1;1;NA;NA
V0415040;933076.4;6581896.5;1;1;1;1;1;1;1;1;1;1;1;1;1;1;1;1;1;1;1;1;1;1;1;1;1;NA;NA
V0415411;927451.9;6572128;1;1;1;1;1;1;1;1;1;1;1;1;1;1;1;1;1;1;1;1;1;1;1;1;1;NA;NA
V1015821;916439.4851;6568395.548;1;1;1;1;1;1;1;1;1;1;1;1;1;1;1;1;1;1;1;1;1;1;1;1;1;NA;NA
V1015822;928050.9365;6586406.843;1;1;1;1;1;1;1;1;1;1;1;1;1;1;1;1;1;1;1;1;1;1;1;1;1;NA;NA
V1100001;946408.9;6554484.5;1;1;1;1;1;1;1;1;1;1;1;1;1;1;1;1;1;1;1;1;1;1;1;1;1;NA;NA
V1114031;932715.5;6549252;1;1;1;1;1;1;1;1;1;1;1;1;1;1;1;1;1;1;1;1;1;1;1;1;1;NA;NA
V1200001;958590.2305;6531529.029;1;1;1;1;1;1;1;1;1;1;1;1;1;1;1;1;1;1;1;1;1;1;1;1;1;NA;NA
V1200002;966458;6537266;1;1;1;0;1;1;1;1;1;1;1;1;1;1;1;1;1;1;1;1;1;1;1;1;1;NA;NA
V1214011;949311.1;6538218.5;1;1;1;1;1;1;1;1;1;1;NA;NA;NA;NA;NA;NA;NA;NA;NA;NA;NA;NA;NA;NA;NA;NA;NA
V1225021;949712.2;6552293;1;1;1;1;1;1;1;1;1;1;1;1;1;1;1;1;1;1;1;1;1;1;1;1;1;NA;NA
V1225022;941332.2;6543922.5;1;1;1;1;1;1;1;1;1;1;1;1;1;1;1;1;1;1;1;1;1;1;1;1;1;NA;NA
V1237411;956022.1;6521060.5;1;1;1;1;1;1;1;1;1;1;NA;NA;NA;NA;NA;NA;NA;NA;NA;NA;NA;NA;NA;NA;NA;NA;NA
V1237412;952613.2584;6523663.985;1;1;1;1;1;1;1;1;1;1;1;1;1;1;1;1;1;1;1;1;1;1;1;1;1;NA;NA
V1237413;945898.3;6530025;1;1;1;1;1;1;1;1;1;1;1;1;1;1;1;1;1;1;1;1;1;1;1;1;1;NA;NA
V1258411;941427.4;6505695;1;1;1;1;1;1;1;1;1;1;1;1;1;1;1;1;1;1;1;1;1;1;1;1;1;NA;NA
V1258412;945934;6512135.5;1;1;1;1;1;1;1;1;1;1;1;1;1;1;1;1;1;0;1;1;1;1;1;1;1;NA;NA
V1258413;946190.6;6509450.5;1;1;1;0;1;1;1;1;1;1;1;1;1;1;1;1;1;1;1;1;1;1;1;1;1;NA;NA
V1258414;939546.07;6515767.389;1;1;1;1;1;1;1;1;1;1;1;1;1;1;1;1;1;1;1;1;1;1;1;1;1;NA;NA
V1264021;918065.2;6539052;1;1;1;1;1;1;1;1;1;1;1;1;1;1;1;1;1;1;1;1;1;1;1;1;1;NA;NA
V1305211;927348.6;6507869.5;1;1;1;1;1;1;1;1;1;1;1;1;1;1;1;1;1;1;1;1;1;1;1;1;1;NA;NA
V1318211;922741.2;6508863;1;1;1;1;1;1;1;1;1;1;1;1;1;1;1;1;1;1;1;1;1;1;1;1;1;NA;NA
V1318212;925342.4601;6499479.742;1;1;1;1;1;1;1;1;1;1;1;1;1;1;1;1;1;1;1;1;1;1;1;1;1;NA;NA
V1318213;924027.5;6503337;1;1;1;1;1;1;1;1;1;1;1;1;1;1;1;1;1;1;1;1;1;1;1;1;1;NA;NA
V1318214;931209.4;6496176.5;1;1;1;1;1;1;1;1;1;1;1;1;1;1;1;1;1;1;1;1;1;1;1;1;1;NA;NA
V1318215;925543.6536;6498771.337;1;1;1;1;1;1;1;1;1;1;1;1;1;1;1;1;1;1;1;1;1;1;1;1;1;NA;NA
V1325021;927255.4;6517941;1;1;1;1;1;1;1;1;1;1;1;1;1;1;1;1;1;1;1;1;1;1;1;1;1;NA;NA
V1325022;927567.8;6520571;1;1;1;1;1;1;1;1;1;1;1;1;1;1;1;1;1;1;1;1;1;1;1;1;1;NA;NA
V1414011;906761.0691;6538101.987;1;1;1;0;1;1;1;1;1;1;1;1;1;1;1;1;1;1;1;1;1;1;1;1;1;NA;NA
V1430001;916498.3;6520671.5;1;1;1;1;1;1;1;1;1;1;1;1;1;1;1;1;1;1;1;1;1;1;1;1;1;NA;NA
V1446211;914181.3;6515546;1;1;1;1;1;1;1;1;1;1;1;1;1;1;1;1;1;1;1;1;1;1;1;1;1;NA;NA
V1470001;909688.9237;6503631.921;1;1;1;1;1;1;1;1;1;1;1;1;1;1;1;1;1;1;1;1;1;1;1;1;1;NA;NA
V1515011;924887.6355;6486008.343;1;1;1;1;1;1;1;1;1;1;1;1;1;1;1;1;1;1;1;1;1;1;1;1;1;NA;NA
V1525411;901012.051;6484499.09;1;1;1;1;1;1;1;1;1;1;1;1;1;1;1;1;1;1;1;1;1;1;1;1;1;NA;NA
V1525412;915233.8;6491064.5;1;1;1;1;1;1;1;1;1;1;1;1;1;1;1;1;1;1;1;1;1;1;1;1;1;NA;NA
V1535211;910569.7912;6500078.32;1;1;1;1;1;1;1;1;1;1;1;1;1;1;1;1;1;1;1;1;1;1;1;1;1;NA;NA
V1535212;913923;6495376;1;1;1;1;1;1;1;1;1;1;1;1;1;1;1;1;1;1;1;1;1;1;1;1;1;NA;NA
V1535213;915962.9;6503131.5;1;1;1;1;1;1;1;1;1;1;1;1;1;1;1;1;1;1;1;1;1;1;1;1;1;NA;NA
V1600001;905409.6647;6496119.029;1;1;1;1;0;1;1;1;0;1;1;1;1;1;1;1;1;0;0;1;1;1;1;1;0;NA;NA
V1610001;903007.1;6517410.5;1;1;1;1;1;1;1;1;1;1;1;1;1;1;1;1;1;1;1;1;1;1;1;1;1;NA;NA
V1610002;903745.7;6521975;1;1;1;1;1;1;1;1;1;1;1;1;1;1;1;1;1;1;1;1;1;1;1;0;0;NA;NA
V1610003;891504.5172;6512310.514;1;1;1;1;1;1;1;1;1;1;1;1;1;1;1;1;1;1;1;1;1;1;1;1;1;NA;NA
V1714011;889306.5;6499039.5;1;1;1;1;1;1;1;1;1;1;1;1;1;1;1;1;1;1;1;1;1;1;1;1;1;NA;NA
V2002010;930662.1;6632256.5;1;1;1;0;1;1;1;1;0;1;1;0;1;1;0;1;1;0;0;1;1;1;1;0;1;NA;NA
V2024011;935016.8;6622746.5;1;1;1;1;1;1;1;1;1;1;1;1;1;1;1;1;1;1;1;1;1;1;1;1;1;NA;NA
V2024012;931119.9;6618104;1;1;1;1;1;1;1;1;1;1;1;1;1;1;1;1;1;0;0;1;1;1;1;0;1;NA;NA
V2039111;925263.9;6619188.5;1;1;1;1;1;1;1;1;1;1;1;1;1;1;1;1;1;1;1;1;1;1;1;1;1;NA;NA
V2305631;915105.9;6609753.5;1;1;1;1;1;1;1;1;1;1;1;1;1;1;1;1;1;1;1;1;1;1;1;1;1;NA;NA
V2310001;904605.9093;6613823.659;1;1;1;1;1;1;1;1;1;1;1;1;1;1;1;1;1;1;1;1;1;1;1;1;1;NA;NA
V2409411;931662.6;6608017.5;1;1;1;1;1;1;1;1;1;1;1;1;1;1;1;1;1;1;1;1;1;1;1;1;1;NA;NA
V2409412;936704.8;6603527.5;1;1;1;1;1;1;1;1;1;1;1;1;1;1;1;1;1;1;1;1;1;1;1;1;1;NA;NA
V2430001;914562.5752;6599043.517;1;1;1;1;1;1;1;1;1;1;1;1;1;1;1;1;1;0;1;1;1;1;1;0;0;NA;NA
V2430002;915818.6;6596763;1;1;1;1;1;1;1;1;1;1;1;1;1;1;1;1;1;1;1;1;1;1;1;1;1;NA;NA
V2444031;908404.5;6589193;1;1;1;1;1;1;1;1;1;1;1;1;1;1;1;1;1;1;1;1;1;1;1;1;1;NA;NA
V2500001;895157.8105;6553495.761;1;1;1;1;1;1;1;1;1;1;1;0;1;1;1;1;1;1;1;1;1;1;1;0;0;NA;NA
V2515211;902230.4;6572984.5;1;1;0;0;1;1;1;0;0;0;1;0;1;1;0;1;0;0;1;1;1;1;0;0;0;NA;NA
V2600001;901506.3;6603870;1;1;1;1;1;1;1;1;1;1;1;1;1;1;1;1;1;1;0;1;1;1;1;1;1;NA;NA
V2624011;895972.17;6594500.368;1;1;1;1;1;1;1;1;1;1;1;1;1;1;1;1;1;1;1;1;1;1;1;1;1;NA;NA
V2700001;885984.2;6556692.5;1;1;1;1;1;1;1;1;1;1;1;1;1;1;1;1;1;1;1;1;1;1;1;1;1;NA;NA
V2712011;884735.6;6552072.5;1;1;1;1;1;1;1;1;1;1;1;1;1;1;1;1;1;1;1;1;1;1;1;1;1;NA;NA
V2805311;891362.3539;6596280.479;1;1;1;1;1;1;1;1;1;1;1;1;1;1;1;1;0;1;1;1;1;1;1;1;1;NA;NA
V2805312;889548.8093;6592379.393;1;1;1;0;1;1;1;1;0;1;1;1;1;1;1;1;1;0;0;1;1;1;0;0;0;NA;NA
V2815811;885854.8;6570157.5;1;1;1;1;1;1;1;1;1;1;1;1;1;1;1;1;1;1;1;1;1;1;1;1;1;NA;NA
V2910001;900392.5465;6549777.7;1;1;1;0;1;1;1;1;0;1;1;0;1;1;0;1;0;0;1;1;1;1;0;0;0;NA;NA
V2934011;884088.4425;6540103.5;1;1;1;1;1;1;1;1;1;1;1;1;1;1;1;1;1;1;1;1;1;1;1;1;1;NA;NA
V2934012;880503.2;6541458;1;1;1;1;1;1;1;1;1;1;1;1;1;1;1;1;1;1;1;1;1;1;1;1;1;NA;NA
V3009111;864684.2;6537661.5;1;1;0;0;1;1;1;1;1;1;1;1;1;1;1;1;1;0;0;1;1;1;1;0;0;NA;NA
V3015021;836420.665;6519152.092;1;1;1;1;1;1;1;1;1;1;1;1;1;1;1;1;1;1;1;1;1;1;1;1;1;NA;NA
V3015022;823933.2468;6513557.296;1;1;1;1;1;1;1;1;1;1;1;1;1;1;1;1;1;1;1;1;1;1;1;1;1;NA;NA
V3025111;841316.7641;6512233.4;1;1;1;1;1;1;1;1;1;0;1;1;1;1;1;1;1;1;1;1;1;1;1;1;1;NA;NA
V3025112;852222.8187;6506381.955;1;1;0;0;1;1;1;1;1;1;1;1;1;1;1;1;1;1;1;1;1;1;1;1;1;NA;NA
V3036611;837158.7854;6504838.885;1;1;0;0;0;1;1;1;0;0;1;0;1;1;0;1;0;0;0;1;1;1;0;0;0;NA;NA
V3036612;831619.8874;6502000.124;1;1;1;1;1;1;1;1;1;1;1;1;1;1;1;1;1;0;0;1;1;1;1;1;1;NA;NA
V3104011;818703.3;6481908.5;1;1;1;1;1;1;1;1;1;1;1;1;1;1;1;1;1;1;1;1;1;1;1;1;1;NA;NA
V3115011;824319.3;6492581.5;1;1;1;1;1;1;1;1;1;1;1;1;1;1;1;1;1;0;0;1;1;1;1;1;0;NA;NA
V3204011;860793.795;6487815.12;1;1;1;1;1;1;1;1;1;1;1;1;1;1;1;1;1;1;1;1;1;1;1;1;1;NA;NA
V3215010;853314.7509;6492423.55;1;1;1;1;1;1;1;1;1;1;1;1;1;1;1;1;1;1;1;1;1;1;1;0;1;NA;NA
V3230001;841215.4429;6489238.743;1;1;1;1;1;1;1;1;1;1;1;1;1;1;1;1;1;1;1;1;1;1;1;1;1;NA;NA
V3230002;836957.4448;6490061.825;1;1;1;1;1;1;1;1;0;1;1;1;1;1;1;1;1;1;1;1;1;1;1;1;1;NA;NA
V3300001;852059.8895;6483249.445;1;1;0;0;0;1;1;0;0;0;1;0;1;1;1;1;1;0;0;1;1;1;0;0;0;NA;NA
V3315011;830665.5915;6482702.57;1;1;1;1;1;1;1;1;1;1;1;1;1;1;1;1;1;1;1;1;1;1;1;1;1;NA;NA
V3324011;855515.2229;6474639.242;1;1;0;0;0;1;1;1;1;1;1;1;1;1;1;1;1;0;1;1;1;1;1;0;1;NA;NA
V3410001;870697.59;6479776.15;1;1;1;1;1;1;1;1;1;1;1;1;1;1;1;1;1;1;1;1;1;1;1;1;1;NA;NA
V3425611;865789.5642;6473669.254;0;1;0;0;0;1;1;1;1;1;1;1;1;1;1;1;1;1;1;1;0;0;0;0;0;NA;NA
V3434011;857024.4661;6469259.473;1;1;1;1;1;1;1;1;1;1;1;1;1;1;1;1;1;1;1;1;1;1;1;1;1;NA;NA
V3504011;826638.8;6460773;1;1;1;1;1;1;1;1;1;1;1;1;1;1;1;1;1;1;1;1;1;1;1;1;1;NA;NA
V3517011;829196.8993;6464778.839;1;1;1;1;1;1;1;1;1;1;1;1;1;1;1;1;1;1;1;1;1;1;1;1;1;NA;NA
V3517012;822004.5;6467856;1;1;1;1;1;1;1;1;1;1;1;1;1;1;1;1;1;1;1;1;1;1;1;1;1;NA;NA
V3530002;832613;6452186;1;1;1;1;1;1;1;1;1;1;1;1;1;1;1;1;1;1;1;1;1;1;1;1;1;NA;NA
V3600001;858865.6046;6463642.802;1;1;0;0;1;1;1;1;1;1;1;1;1;1;1;1;1;0;1;1;1;1;1;1;1;NA;NA
V3600002;871094;6465596.368;1;1;0;0;1;1;1;1;1;1;1;0;1;1;1;1;1;0;1;1;1;1;0;0;1;NA;NA
V3700001;818269.3594;6439327.36;1;1;1;1;1;1;1;1;1;1;1;1;1;1;1;1;1;1;1;1;1;1;1;1;1;NA;NA
V3714021;821675.7773;6430366.708;1;1;1;1;1;1;1;1;1;1;1;1;1;1;1;1;1;1;1;1;1;1;1;1;1;NA;NA
V3730001;836776.3;6442493.5;1;1;1;0;1;1;1;1;1;1;1;0;1;1;1;1;1;0;0;1;1;1;1;1;0;NA;NA
V3744011;835411.2262;6427480.235;1;1;1;0;1;1;1;1;1;1;1;1;1;1;1;1;1;1;0;1;1;1;1;1;1;NA;NA
V3744012;835874.2;6436534;1;1;1;1;1;1;1;1;1;1;1;1;1;1;1;1;1;1;0;1;1;1;1;1;1;NA;NA
V4000001;845717.4639;6429124.019;1;1;0;0;1;1;1;0;0;0;1;0;0;0;1;0;1;0;0;1;0;1;0;0;0;NA;NA
V4015010;867632.0983;6430613.728;1;1;0;0;1;1;1;1;1;1;1;1;1;1;1;1;1;0;1;1;1;1;1;0;0;NA;NA
V4025011;840874.1;6419527;1;1;1;0;1;1;1;1;1;1;1;1;1;1;1;1;1;0;0;1;1;1;1;1;1;NA;NA
V4034021;854000.0034;6419895.842;1;1;0;0;1;1;1;1;1;1;1;1;1;1;1;1;1;1;1;1;1;1;1;1;0;NA;NA
V4034022;859348.924;6424321.989;1;1;1;1;1;1;1;1;1;1;1;1;1;1;1;1;1;1;1;1;1;1;1;1;1;NA;NA
V4040001;853734.03;6418055.561;1;1;0;1;0;1;1;1;1;1;1;1;1;1;1;1;1;1;1;1;1;1;1;1;0;NA;NA
V4145212;822414.3;6413512.5;1;1;1;1;1;1;1;1;1;1;1;1;1;1;1;1;1;0;0;1;1;1;1;1;1;NA;NA
V4160001;827921.3683;6422961.47;1;1;1;1;1;1;1;1;1;1;1;1;1;1;1;1;1;1;1;1;1;1;1;1;1;NA;NA
V4160002;826755.7084;6425184.943;1;1;1;1;1;1;1;1;1;1;1;1;1;1;1;1;1;1;0;1;1;1;1;1;1;NA;NA
V4200001;900827.0294;6386874.584;1;1;1;0;1;1;1;1;1;0;1;1;1;0;0;1;1;1;1;1;1;1;1;0;0;NA;NA
V4226021;902295.0833;6407565.135;1;1;1;1;1;1;1;1;1;1;1;1;1;1;1;1;1;1;1;1;NA;NA;NA;NA;NA;NA;NA
V4230001;885976.3774;6412007.007;1;1;1;1;1;1;1;1;1;1;1;1;1;1;1;1;1;1;1;1;1;1;1;1;1;NA;NA
V4230002;889522;6400824;NA;NA;NA;NA;NA;NA;NA;NA;NA;NA;NA;NA;NA;NA;NA;NA;NA;NA;NA;NA;1;1;1;1;1;NA;NA
V4240001;879703.6176;6412023.215;1;1;0;0;1;1;1;1;1;1;1;1;1;1;1;1;1;0;1;1;1;1;1;1;0;NA;NA
V4275911;869947.859;6411796.921;1;1;1;1;1;1;1;1;1;1;1;1;1;1;1;1;1;1;1;1;1;1;1;1;1;NA;NA
V4284021;841447.4652;6409396.338;1;1;1;0;1;1;1;1;1;1;1;1;1;1;1;1;1;1;1;1;1;1;1;1;1;NA;NA
V4287011;852029.0879;6405629.14;1;1;0;1;1;1;1;1;1;1;1;1;1;1;1;1;1;1;1;1;1;1;1;1;1;NA;NA
V4300002;822501.4;6406150;1;1;1;1;1;1;1;1;1;1;1;1;1;1;1;1;1;1;1;1;1;1;1;1;1;NA;NA
V4320001;844640.9;6401678;1;0;0;0;0;1;1;1;1;1;1;1;1;1;1;1;1;1;1;1;1;1;1;1;0;NA;NA
V4400001;876069.7944;6382157.944;1;1;0;0;1;1;1;0;0;0;1;0;0;0;1;1;0;0;1;0;1;1;1;0;0;NA;NA
V4415811;857855.5492;6391068.793;1;1;1;1;1;1;1;1;1;1;1;1;1;1;1;1;1;0;1;1;1;1;1;0;0;NA;NA
V4455031;866008.452;6385900.246;1;1;0;0;1;1;1;1;1;0;1;1;1;1;1;1;1;0;1;1;1;1;1;0;0;NA;NA
V4500001;826755.5;6385550.5;1;1;1;1;1;1;1;1;1;1;1;1;1;1;1;1;1;0;1;1;1;1;1;1;1;NA;NA
V4510001;829396.7121;6378959.323;1;1;0;0;1;1;1;1;0;0;1;0;1;1;1;1;1;0;0;1;1;1;0;0;0;NA;NA
V4540001;854070.3176;6373796.016;1;1;1;0;1;1;1;1;1;1;1;1;1;1;1;1;1;1;1;1;1;1;1;0;0;NA;NA
V4550001;843714.9071;6371572.549;1;1;0;0;1;1;1;1;1;1;1;1;1;0;1;1;1;1;1;1;1;1;1;0;0;NA;NA
V5006211;798374.5;6393111;1;1;1;0;1;1;1;1;1;1;1;1;1;1;1;1;1;1;1;1;1;1;1;1;1;NA;NA
V5006212;788165.2046;6396921.265;1;1;1;1;1;1;1;1;1;1;1;1;1;1;1;1;1;1;1;1;1;1;1;1;1;NA;NA
V5006213;796263.8;6401718.5;1;1;1;0;1;1;1;1;1;1;1;1;1;1;1;1;1;0;0;1;1;1;1;1;0;NA;NA
V5015211;812069.9;6397174.5;1;1;1;1;1;1;1;1;1;1;1;1;1;1;1;1;1;1;0;1;1;1;1;1;1;NA;NA
V5026411;816301.6;6387996;1;1;0;0;1;1;1;0;0;0;1;1;1;1;1;1;1;0;0;1;1;1;1;1;1;NA;NA
V5026412;804906.9;6378757.5;1;1;0;0;1;1;1;1;1;1;1;1;1;1;1;1;1;0;0;1;1;1;1;1;1;NA;NA
V5026413;821958.202;6391752.354;1;1;1;1;1;1;1;1;1;1;1;1;1;1;1;1;1;1;1;1;1;1;1;1;1;NA;NA
V5035021;800920.0525;6375367.551;1;1;1;0;1;1;1;1;1;1;1;1;1;1;1;1;1;1;0;1;1;1;1;1;1;NA;NA
V5048811;798312.1961;6366633.336;1;1;1;1;1;1;1;1;1;1;1;1;1;1;1;1;1;1;1;1;1;1;1;1;1;NA;NA
V5048812;758962.5811;6385476.068;1;0;0;0;1;1;1;0;0;0;1;0;1;1;1;1;0;0;0;0;1;1;0;0;0;NA;NA
V5054011;815062.9;6374408;1;1;1;1;1;1;1;1;1;1;1;1;1;0;1;0;1;0;0;1;1;1;0;0;0;NA;NA
V5064011;824513.6203;6356391.808;1;1;0;0;1;1;1;1;0;0;1;0;1;1;1;1;1;1;0;1;1;1;1;0;0;NA;NA
V5064014;826112.8633;6353124.14;1;0;0;0;0;1;1;0;0;0;1;0;1;0;1;1;1;0;1;1;1;1;0;0;0;NA;NA
V5100001;845979.5718;6362151.093;1;1;1;0;1;1;1;1;1;1;1;1;1;1;1;1;1;1;1;1;1;1;1;1;0;NA;NA
V5200001;869889.0219;6376884.502;1;1;1;1;1;1;1;1;1;1;1;1;1;1;1;1;1;1;1;1;1;1;1;1;1;NA;NA
V5214021;854147.8692;6370071.714;1;1;0;0;0;1;1;1;1;1;1;1;0;0;1;1;1;0;0;0;1;1;0;0;0;NA;NA
V5214022;854915.7363;6369785.447;1;1;1;0;0;1;1;1;1;1;1;0;1;1;1;1;1;1;0;1;1;1;1;1;0;NA;NA
V5214023;852366.9;6363952;1;1;1;0;1;1;1;1;1;1;1;1;1;1;1;1;1;1;1;1;1;1;1;1;1;NA;NA
V5214024;859403.9628;6368837.421;1;1;1;0;0;1;1;1;1;1;1;1;1;1;0;1;1;1;1;1;1;1;1;0;0;NA;NA
V5220001;852959.6;6362933;1;1;0;0;0;1;1;0;1;1;1;0;0;0;0;1;1;0;0;1;1;1;0;0;0;NA;NA
V5304011;896821.462;6366343.417;1;1;1;0;1;1;1;1;1;1;1;1;1;1;1;1;1;1;1;1;1;1;1;1;0;NA;NA
V5326011;882021.1994;6362921.391;1;1;0;0;1;1;1;1;1;1;1;1;1;1;1;1;1;1;1;1;1;1;1;0;0;NA;NA
V5334011;866527.5;6368587.5;1;1;1;0;1;1;1;1;1;1;1;1;1;1;1;1;1;1;1;1;1;1;1;1;1;NA;NA
V5354011;843174.7214;6347863.468;1;1;0;0;0;1;1;1;1;1;1;1;0;1;1;1;1;1;1;1;1;1;1;0;0;NA;NA
V5404026;778134.2478;6364566;1;1;1;1;1;1;1;1;0;0;1;1;1;1;1;1;1;0;1;1;1;1;1;0;1;NA;NA
V5404027;777939.8;6366440;1;1;1;0;1;1;1;1;0;0;1;1;1;1;1;1;1;0;1;1;1;1;1;0;0;NA;NA
V5404031;778058.098;6366556.236;1;1;0;0;0;1;1;1;0;0;1;0;1;1;1;1;1;0;1;1;1;1;0;0;0;NA;NA
V5404035;778372.1552;6360030.936;1;1;1;1;1;1;1;1;1;1;1;1;1;1;1;1;1;1;1;1;1;1;1;1;1;NA;NA
V5404036;775444.4577;6368407.654;1;1;1;0;1;1;1;1;1;1;1;1;1;1;1;1;1;1;1;1;1;1;1;1;1;NA;NA
V5404037;775531.1282;6368671.153;1;1;0;0;1;1;1;1;1;1;1;1;1;1;1;1;1;0;0;1;1;1;1;0;1;NA;NA
V5410001;781924.1392;6356082.767;1;1;0;0;0;1;1;1;0;0;1;1;1;1;1;1;1;0;1;1;1;1;1;0;0;NA;NA
V5410002;777999.7556;6355628.197;1;1;0;0;0;1;1;1;0;0;1;0;1;1;1;1;0;0;1;1;1;1;0;0;0;NA;NA
V5410003;777126.4226;6357689.099;1;1;1;1;1;1;1;1;1;1;1;1;1;1;1;1;1;1;1;1;1;1;1;1;1;NA;NA
V5425211;787805.2;6361402;1;1;1;1;1;1;1;1;1;1;1;1;1;1;1;1;1;1;1;1;1;1;1;1;1;NA;NA
V5425212;789638.4925;6354559.566;1;0;0;0;0;1;1;1;0;0;1;0;1;0;1;1;0;0;1;1;1;0;0;0;0;NA;NA
V5445021;798362.6827;6343667.051;1;1;1;1;1;1;1;1;1;1;1;1;1;1;1;1;1;1;1;1;1;1;1;0;1;NA;NA
V5445022;800936.1;6348114.5;1;1;1;0;1;1;1;1;1;1;1;1;1;1;1;1;1;0;1;1;1;1;1;0;1;NA;NA
V5454010;803793.7998;6350278.827;1;1;1;1;1;1;1;1;1;1;1;1;1;1;1;1;1;0;1;1;1;1;1;1;1;NA;NA
V5454011;802732.4299;6349925.98;1;1;1;1;1;1;1;1;1;1;1;1;1;1;1;1;1;1;1;1;1;1;1;1;1;NA;NA
V5454012;802150.9066;6351943.174;1;1;1;1;1;1;1;1;1;1;1;1;1;1;1;1;1;1;1;1;1;1;1;1;1;NA;NA
V5465712;810701.364;6342494.833;1;1;1;0;1;1;1;1;1;0;1;1;1;1;1;1;1;1;0;1;1;1;1;0;0;NA;NA
V5465713;816222.6788;6343178.825;1;1;1;1;1;1;1;1;1;1;1;1;1;1;1;1;1;1;0;1;1;1;1;1;1;NA;NA
V5474017;817962.5558;6334404.339;1;1;1;0;1;1;1;1;1;0;1;1;1;1;1;1;1;1;0;1;1;1;1;0;1;NA;NA
V5474020;821171.2505;6347047.544;1;0;0;0;0;1;1;1;0;0;1;0;1;1;1;1;1;1;1;1;1;1;1;0;1;NA;NA
V5474022;820839.9134;6340278.149;1;1;1;1;1;1;1;1;1;1;1;1;1;1;1;1;1;1;1;1;1;1;1;1;1;NA;NA
V5474025;825992.9813;6334803.42;1;1;1;1;1;1;1;1;1;1;1;1;1;1;1;1;1;1;1;1;1;1;1;1;1;NA;NA
V5480002;836231.0427;6328398.691;1;1;1;1;1;1;1;1;1;1;1;1;1;1;1;1;1;1;1;1;1;1;1;1;1;NA;NA
V6010001;881886.7;6357902;1;1;0;0;1;1;1;1;1;1;1;1;1;1;1;1;1;1;1;1;1;1;1;0;0;NA;NA
V6035011;886256.6391;6346376.203;1;1;1;0;0;1;1;1;1;1;1;1;0;0;1;1;1;1;1;1;1;0;0;0;0;NA;NA
V6042011;874635.6898;6353628.246;1;1;1;1;1;1;1;1;1;1;1;1;1;1;1;1;1;1;1;1;1;1;1;0;1;NA;NA
V6042012;869597.7;6347127.5;1;1;1;1;0;1;1;1;1;1;1;1;1;1;1;1;1;1;1;1;1;1;1;0;0;NA;NA
V6052011;858573.6105;6345936.554;1;1;1;0;1;1;1;1;1;1;1;1;1;1;1;1;1;1;1;1;1;1;1;1;1;NA;NA
V6060001;854671.4906;6331805.841;1;1;0;0;0;1;1;1;1;1;1;1;1;1;1;1;1;1;1;1;1;1;1;1;1;NA;NA
V6060002;853595.6;6336114.5;1;0;0;0;0;1;1;1;1;1;1;1;0;0;1;1;1;0;1;1;1;1;1;0;0;NA;NA
V6110001;865037.3;6335140;1;1;1;0;0;1;1;1;1;1;1;1;1;1;1;1;1;1;1;1;1;1;1;1;0;NA;NA
V6110002;867190.659;6337094.523;1;1;0;0;0;1;1;1;1;1;1;1;1;1;1;1;1;1;1;1;1;1;1;1;0;NA;NA
V6110003;865734.0749;6333680.573;1;1;1;0;1;1;1;1;1;1;1;1;1;1;1;1;1;1;1;1;1;1;1;1;1;NA;NA
V6125011;876149.2444;6330059.339;1;1;1;0;1;1;1;1;1;1;1;1;1;1;1;1;1;1;1;1;1;1;1;0;0;NA;NA
V6125012;877193.6588;6330211.713;1;1;0;0;0;1;1;1;1;1;1;1;1;1;1;1;1;1;1;1;1;1;1;0;0;NA;NA
V6130001;889146.388;6332650.126;1;1;0;0;1;1;1;1;1;1;1;1;1;1;1;1;1;1;1;1;1;1;1;0;0;NA;NA
V6130002;891436.5762;6335545.802;1;0;0;0;0;1;1;1;1;1;1;1;1;1;1;1;1;1;1;1;1;1;0;0;0;NA;NA
V6140001;868592.1494;6326175.645;1;0;0;0;0;1;1;0;1;1;1;1;1;0;1;1;1;1;0;1;1;1;1;0;0;NA;NA
V7105211;767781;6344088.5;1;1;1;0;1;1;1;1;0;0;1;1;1;1;1;1;1;1;1;1;1;1;1;0;0;NA;NA
V7105212;765044.6806;6347202.672;1;1;1;1;1;1;1;1;1;1;1;1;1;1;1;1;1;1;1;1;1;1;1;0;1;NA;NA
V7115011;761182.7;6341033.5;1;1;1;1;1;1;1;1;1;1;1;1;1;1;1;1;1;0;0;1;1;1;1;0;1;NA;NA
V7115012;757245.2;6344634;1;1;1;1;1;1;1;1;1;1;1;1;1;1;1;1;1;1;1;1;1;1;1;1;1;NA;NA
V7124016;775788.1517;6334942.988;1;0;0;0;1;1;1;0;0;0;1;0;0;0;1;0;0;0;0;1;1;1;0;0;0;NA;NA
V7124017;773062.7772;6336884.413;1;1;1;1;1;1;1;1;0;0;1;1;1;0;1;1;1;0;1;1;1;1;1;1;1;NA;NA
V7135036;776625.0851;6331572.883;1;0;0;0;0;1;0;0;0;0;0;0;0;0;1;0;0;0;0;0;1;0;0;0;0;NA;NA
V7135038;764181.8472;6332295.845;1;1;0;0;1;1;1;1;0;0;1;0;1;0;1;0;1;0;1;1;1;1;0;0;0;NA;NA
V7135039;764193.2904;6331968.103;1;1;1;0;0;1;1;1;1;1;1;1;1;1;1;1;0;0;1;1;1;1;1;0;1;NA;NA
V7135040;759294.7534;6337901.689;1;1;1;0;1;1;1;0;0;0;1;1;1;0;1;1;1;0;1;1;1;1;1;0;1;NA;NA
V7135041;770556.1427;6334185.404;1;1;1;1;1;1;1;1;1;1;1;1;1;1;1;1;1;1;1;1;1;1;1;1;1;NA;NA
V7135042;767054.2632;6335406.084;1;1;1;0;1;1;1;1;1;1;1;1;1;1;1;1;1;0;1;1;1;1;1;1;1;NA;NA
V7135043;768070.0272;6335537.319;1;1;1;0;1;1;1;1;1;1;1;0;1;0;1;1;1;0;1;1;1;1;1;0;1;NA;NA
V7156211;785283.5783;6329468.226;1;1;0;0;0;1;1;1;1;1;1;1;1;0;1;1;1;0;1;1;1;1;0;0;0;NA;NA
V7156212;781157.1175;6346856.773;1;1;0;0;1;1;1;1;0;0;1;1;1;1;1;1;1;0;1;1;1;1;1;0;0;NA;NA
V7156213;781927.203;6340314.597;1;1;1;1;1;1;1;1;1;1;1;1;1;1;1;1;1;1;1;1;1;1;1;1;1;NA;NA
V7156214;783049.744;6340133;1;1;1;0;1;1;1;1;1;1;1;1;1;1;1;1;1;1;1;1;1;1;1;1;1;NA;NA
V7156215;784507.5409;6339823.976;1;1;1;0;1;1;1;1;1;0;1;1;1;1;1;1;1;0;1;1;1;1;1;0;1;NA;NA
V7156217;780151.0526;6348734.228;1;0;0;0;1;1;1;1;0;0;1;1;1;1;1;1;1;1;1;1;1;1;1;0;0;NA;NA
V7156218;779665.7671;6348552.591;1;1;0;0;1;1;1;0;0;0;1;0;1;1;1;1;1;0;1;1;1;1;1;0;0;NA;NA
V7156219;785492.1968;6333499.506;1;1;0;0;0;1;1;1;1;1;1;1;1;1;1;1;1;1;0;1;1;1;1;1;1;NA;NA
V7156221;783944.2386;6335536.195;1;1;0;0;0;1;1;0;0;0;0;0;0;0;1;1;1;0;0;1;1;1;0;0;0;NA;NA
V7156223;773822.8563;6348760.263;1;1;1;1;1;1;1;1;1;1;1;1;1;1;1;1;1;1;1;1;1;1;1;1;1;NA;NA
V7156224;772457.0334;6346036.79;1;1;1;1;1;1;1;1;1;1;1;1;1;1;1;1;1;1;1;1;1;1;1;1;1;NA;NA
V7156225;765528.9896;6353585.176;1;1;1;0;1;1;1;1;1;1;1;1;1;1;1;1;1;0;0;1;1;1;0;0;0;NA;NA
V7164016;797657.7537;6322190.789;1;1;1;0;1;1;1;1;1;1;1;1;1;1;1;1;1;1;1;1;1;1;1;0;1;NA;NA
V7164017;795937.4967;6325867.277;1;1;1;0;1;1;1;1;1;1;1;1;1;1;1;1;1;1;0;1;1;1;1;0;1;NA;NA
V7164019;794816.9201;6329159.166;1;1;1;0;1;1;1;0;1;0;1;1;1;1;1;1;1;1;1;1;1;1;0;0;1;NA;NA
V7164020;798388.3136;6330287.588;1;0;0;0;0;1;1;0;0;0;0;0;0;0;1;1;1;0;0;1;1;1;0;0;0;NA;NA
V7170002;803508.6431;6328531.741;1;0;0;0;0;1;1;0;0;0;0;0;1;0;1;1;1;0;0;1;1;0;0;0;0;NA;NA
V7170003;795462.4686;6320177.795;1;0;0;0;1;1;1;0;0;0;0;0;0;0;1;1;0;0;1;1;1;1;0;0;1;NA;NA
V7170004;801021.4797;6315543.292;1;0;1;0;NA;1;1;1;1;0;1;1;1;1;1;1;1;1;1;1;1;0;1;1;1;NA;NA
V7170005;804739.4864;6315934.968;1;1;1;0;1;1;1;1;1;1;1;1;1;1;1;1;1;0;1;1;1;1;1;0;0;NA;NA
V7170006;804785.2345;6316359.695;1;0;0;0;0;1;1;0;0;0;1;1;1;0;1;1;1;0;1;0;1;1;0;0;0;NA;NA
V7170007;798035.0044;6317084.543;1;1;0;0;0;1;0;0;0;0;0;0;0;0;1;1;0;0;0;1;1;0;0;0;0;NA;NA
V7185012;809013.5991;6331243.768;1;1;1;0;0;1;1;1;1;0;1;0;1;1;1;1;1;0;0;1;1;1;0;0;0;NA;NA
V7185013;819582.9239;6327071.893;1;0;0;0;0;1;0;0;0;0;1;0;0;0;1;1;1;0;0;0;1;0;0;0;0;NA;NA
V7185015;809005.4995;6329116.963;1;0;0;0;0;1;0;0;0;0;0;0;1;0;1;1;1;0;0;1;0;0;0;0;0;NA;NA
V7185016;812641.5;6322202;1;1;1;0;1;1;1;1;1;1;1;1;1;1;1;1;1;1;1;1;1;1;1;0;1;NA;NA
V7185017;817278.7088;6329245.59;1;1;0;0;0;1;1;1;0;0;1;1;1;1;1;1;1;0;1;1;1;1;1;0;0;NA;NA
V7216511;847816.2106;6307754.904;1;1;1;1;1;1;1;1;1;1;1;1;1;1;1;1;1;1;1;1;1;1;1;1;1;NA;NA
V7216512;838047.7377;6293821.422;1;0;1;1;0;1;1;1;0;0;1;1;1;1;1;1;1;1;1;1;1;0;0;0;0;NA;NA
V7216513;841467.5866;6307916.067;1;1;1;1;1;1;1;1;1;1;1;1;1;1;1;1;1;1;1;1;1;1;1;1;1;NA;NA
V7216514;843292.9463;6306284.886;1;1;1;1;1;1;1;1;1;1;1;1;1;1;1;1;1;1;1;1;1;1;1;1;1;NA;NA
V7216515;838044.9044;6304649.372;1;1;1;1;1;1;1;1;1;1;1;1;1;1;1;1;1;1;1;1;1;1;1;1;1;NA;NA
V7300001;823738.6758;6281553.199;1;1;1;1;1;1;1;1;1;1;1;1;1;1;1;1;1;1;1;1;1;1;1;1;1;NA;NA
W0040001;991821.6;6504420.5;1;1;1;0;1;1;1;1;1;1;1;1;1;1;1;1;1;1;1;1;1;1;1;1;1;NA;NA
W0110012;976133.1;6493736;1;1;1;1;1;1;1;1;1;1;1;1;1;1;1;1;1;1;1;1;1;1;1;1;1;NA;NA
W0400001;979937.5;6535086.5;1;1;1;1;1;1;1;1;1;1;1;1;1;1;1;1;1;1;1;1;1;1;1;1;1;NA;NA
W0414011;970506.5;6527664.5;1;1;0;0;1;1;1;1;1;1;1;1;1;1;1;1;1;1;1;1;1;1;1;1;1;NA;NA
W0500001;960339.3003;6511652.116;1;1;1;1;1;1;1;1;1;1;1;1;1;1;1;1;1;1;1;1;1;1;1;1;1;NA;NA
W0500002;961698.2;6515401.5;1;1;1;1;1;1;1;1;1;1;1;1;1;1;1;1;1;1;1;1;1;1;1;1;1;NA;NA
W0500003;958453.7;6511073;1;1;1;1;1;1;1;1;1;1;1;1;1;1;1;1;1;1;1;1;1;1;1;1;1;NA;NA
W0510001;958143.9236;6507666.527;1;1;0;0;1;1;1;1;1;1;1;1;1;1;1;1;1;1;1;1;1;1;1;1;1;NA;NA
W1074032;956697.3;6484107.5;1;1;1;1;1;1;1;1;1;1;1;1;1;1;1;1;1;1;1;1;1;1;1;1;1;NA;NA
W1074033;956472.7;6488180.5;1;1;1;1;1;1;1;1;1;1;1;1;1;1;1;1;1;1;1;1;1;1;1;1;1;NA;NA
W1110012;937322.5;6488480.5;1;1;1;0;1;1;1;1;1;1;1;1;1;1;1;1;1;1;1;1;1;1;1;1;0;NA;NA
W1300011;933062.3476;6482624.11;1;1;1;0;1;1;1;1;1;1;1;1;1;1;1;1;1;0;1;1;1;1;1;1;0;NA;NA
W1310011;929724.7308;6473575.197;1;1;1;0;1;1;1;1;1;1;1;1;1;1;1;1;1;0;1;1;1;1;1;1;1;NA;NA
W1310012;936369.9038;6473548.29;1;1;1;0;1;1;1;1;1;1;1;1;1;1;1;1;1;1;0;1;1;1;1;0;0;NA;NA
W1410011;924623.0136;6461441.005;1;1;1;0;1;1;1;1;1;1;1;1;1;1;1;1;1;1;1;1;1;1;1;1;1;NA;NA
W2025811;948818.7971;6399456.465;1;1;1;1;1;1;1;1;1;1;1;1;1;1;1;1;1;1;1;1;1;1;1;1;1;NA;NA
W2025812;956454.1439;6401972.64;1;1;1;1;1;1;1;1;1;1;1;1;1;1;1;1;1;1;1;1;1;1;1;1;1;NA;NA
W2030001;946453.813;6409936.268;1;1;0;0;0;1;1;1;0;1;1;1;1;0;0;1;1;0;1;1;1;1;0;0;1;NA;NA
W2030002;947997.031;6397906.943;1;1;1;1;1;1;1;1;1;1;1;1;1;1;1;1;1;1;1;1;1;1;1;1;1;NA;NA
W2114011;945528.1904;6416948.651;1;1;1;1;1;1;1;1;1;0;1;1;1;1;1;1;1;1;1;1;1;1;1;1;1;NA;NA
W2314011;936927.493;6424650.355;1;1;1;1;1;1;1;1;1;1;1;1;1;1;1;1;1;1;1;1;1;1;1;1;1;NA;NA
W2335211;927194.6951;6434958.184;1;1;1;0;1;1;1;1;1;1;1;1;1;1;1;1;1;1;1;1;1;1;1;1;0;NA;NA
W2405021;919217.3367;6432747.952;1;1;0;0;1;1;1;1;0;0;1;1;1;1;1;1;1;0;0;0;1;1;1;0;0;NA;NA
W2500001;918278.6381;6408379.024;1;1;1;0;1;1;1;1;1;1;1;1;1;1;1;1;1;1;1;1;1;1;1;1;0;NA;NA
W2520001;913544.7;6415788;1;1;1;1;1;1;1;1;1;1;1;1;1;1;1;1;1;1;1;1;1;1;1;1;1;NA;NA
W2746011;939145.3494;6445171.217;1;1;1;1;1;1;1;1;1;1;1;1;1;1;1;1;1;1;1;1;1;1;1;1;1;NA;NA
W2750001;938862.8094;6452430.384;1;1;1;1;1;1;1;1;1;1;1;1;1;1;1;1;1;1;1;1;1;1;1;1;1;NA;NA
W2767212;934069.141;6451258.339;1;1;1;1;1;1;1;1;1;1;1;1;1;1;1;1;1;1;1;1;1;1;1;1;1;NA;NA
W2767213;925880.5;6444905;1;1;1;1;1;1;1;1;1;1;1;1;1;1;1;1;1;1;1;1;1;1;1;1;1;NA;NA
W2804021;901088.3805;6424661.319;1;1;1;1;1;1;1;1;1;1;1;1;1;1;1;1;1;1;1;1;1;1;1;1;1;NA;NA
W2832012;910608.0315;6449637.036;1;1;1;0;1;1;1;1;1;1;1;1;1;1;1;1;1;1;0;1;1;1;1;0;0;NA;NA
W3020001;908809.205;6465110.915;1;1;1;1;1;1;1;1;1;1;1;1;1;1;1;1;1;0;0;1;1;1;0;0;0;NA;NA
W3020002;905285.5889;6466800.534;1;1;1;0;1;1;1;1;1;1;1;1;1;1;1;1;1;1;1;1;1;1;1;1;1;NA;NA
W3100001;908415.267;6481055.575;1;1;0;0;0;1;1;0;0;0;1;0;1;0;0;1;1;0;0;1;1;1;0;0;0;NA;NA
W3125211;900542.634;6489987.819;1;1;1;1;0;1;1;1;0;1;1;1;1;1;1;1;1;1;0;1;1;1;1;1;0;NA;NA
W3235011;884785.0996;6458500.756;1;1;0;0;0;1;1;1;1;1;1;1;1;1;1;1;1;0;1;1;1;1;0;0;0;NA;NA
W3315011;898366.4025;6446334.162;1;1;1;0;1;1;1;1;1;1;1;1;1;1;1;1;1;1;1;1;1;1;1;1;1;NA;NA
W3335211;891563.5266;6428264.238;1;1;1;1;1;1;1;1;1;1;1;1;1;1;1;1;1;1;1;1;1;1;1;1;1;NA;NA
W3410001;870080.8466;6451340.478;1;1;0;0;0;1;1;1;1;1;1;1;1;1;1;1;1;1;1;1;1;1;1;1;1;NA;NA
W3410002;869523.5;6434427;1;1;1;1;1;1;1;1;1;1;1;1;1;1;1;1;1;1;1;1;1;1;1;1;1;NA;NA
W3420001;870143.5393;6453401.811;1;1;1;1;1;1;1;1;1;1;1;1;1;1;1;1;1;1;1;1;1;1;1;1;1;NA;NA
W3420002;868128.8718;6455544.929;1;1;0;0;1;1;1;1;0;1;1;1;1;1;1;1;1;0;1;1;1;1;1;1;1;NA;NA
W3510001;865927.4;6460399.5;1;1;0;0;1;1;1;1;0;1;1;1;1;1;1;1;1;1;1;1;1;1;1;1;1;NA;NA
X0015611;980715.6;6433726.5;1;1;1;0;0;1;1;1;1;1;1;1;1;1;1;1;1;1;1;1;1;1;1;1;1;NA;NA
X0015612;991098;6431773.5;1;1;1;1;1;1;1;1;1;1;1;1;1;1;1;1;1;1;1;1;1;1;1;1;1;NA;NA
X0110001;984234.1;6424804.5;1;1;1;1;1;1;1;1;1;0;1;1;1;1;1;1;1;1;1;1;1;1;1;1;1;NA;NA
X0120001;979475.828;6419961.03;1;1;1;1;1;1;1;1;1;1;1;1;1;1;1;1;1;1;1;1;1;1;1;1;1;NA;NA
X0145021;984526.5386;6408654.617;1;1;1;1;1;1;1;1;1;1;1;1;1;1;1;1;1;1;1;1;1;1;1;1;1;NA;NA
X0230001;1001471.99;6401058.31;1;1;1;1;1;1;1;1;1;1;1;1;1;1;1;1;1;1;1;1;1;1;1;1;1;NA;NA
X0240001;986793.4886;6402400.938;1;1;1;1;1;1;1;1;1;1;1;1;1;1;1;1;1;1;1;1;1;1;1;1;1;NA;NA
X0305010;982748.271;6399565.195;1;1;1;1;1;1;1;1;1;1;1;1;1;1;1;1;1;1;1;1;1;1;1;1;1;NA;NA
X0315411;988484.7957;6389522.449;1;1;1;0;0;1;1;1;1;0;1;1;1;1;1;1;1;1;1;1;1;1;1;1;1;NA;NA
X0426221;997793.1051;6375362.188;1;1;1;1;NA;1;1;1;NA;NA;NA;NA;NA;NA;NA;NA;1;1;1;1;1;NA;1;0;0;NA;NA
X0426222;997030.0802;6375111.646;1;1;1;1;NA;1;1;1;NA;NA;NA;NA;NA;NA;NA;NA;1;1;1;1;1;NA;1;1;1;NA;NA
X0434011;988732.7488;6370902.211;1;1;1;NA;NA;1;1;1;NA;NA;NA;NA;NA;NA;NA;NA;1;1;1;1;1;NA;1;1;1;NA;NA
X0434012;998858.7916;6362292.333;1;1;1;NA;NA;1;1;1;NA;NA;NA;NA;NA;NA;NA;NA;1;1;1;1;1;NA;1;1;1;NA;NA
X0456311;980616.6349;6365021.568;1;1;1;NA;NA;1;1;1;NA;NA;NA;NA;NA;NA;NA;NA;1;1;1;1;1;NA;1;1;1;NA;NA
X0505511;966362.3013;6366263.061;1;1;1;NA;NA;1;1;1;NA;NA;NA;NA;NA;NA;NA;NA;1;0;1;1;1;NA;1;1;1;NA;NA
X0505512;965140.0678;6394638.204;1;1;0;0;0;1;1;1;1;0;1;1;1;1;0;1;1;0;1;1;1;1;1;1;1;NA;NA
X0515911;954695.8111;6388892.599;1;1;0;0;1;1;1;1;1;1;1;1;1;1;1;1;1;0;1;1;1;1;1;1;1;NA;NA
X0600001;946998.1154;6389694.371;1;1;1;0;1;1;1;1;1;1;1;1;1;1;1;1;1;0;1;1;1;1;1;1;1;NA;NA
X0600002;940354.062;6377405.489;1;1;0;0;0;1;1;1;1;1;1;1;0;0;0;1;1;0;1;1;1;1;1;0;1;NA;NA
X0610001;936423.4046;6372549.07;1;1;1;1;1;1;1;1;1;1;1;1;1;1;1;1;1;1;1;1;1;1;1;1;1;NA;NA
X0700001;952643;6365016.904;1;1;0;0;1;1;1;1;1;1;1;1;1;1;1;1;1;1;1;1;1;1;1;1;1;NA;NA
X0710001;943797.7755;6368125.144;1;1;1;0;1;1;1;1;1;1;1;1;1;1;1;1;1;0;0;0;1;1;1;0;0;NA;NA
X1000001;915063.0996;6392663.26;1;1;1;0;0;1;1;1;1;1;1;1;1;1;1;1;1;1;1;1;1;1;1;1;1;NA;NA
X1026911;919955.7491;6376904.81;1;1;1;0;1;1;1;1;1;1;1;1;1;1;1;1;1;1;1;1;1;1;1;1;1;NA;NA
X1026912;930542.6384;6388508.642;1;1;0;0;0;1;1;1;1;1;1;1;1;1;0;1;1;1;1;1;1;1;1;0;1;NA;NA
X1026913;930162.3384;6388985.632;1;1;0;0;0;1;1;1;1;1;1;1;1;1;0;1;1;1;1;1;1;1;1;0;0;NA;NA
X1026914;926980.3376;6387463.289;1;1;0;0;1;1;1;1;1;1;1;0;1;1;0;1;1;0;1;1;1;1;1;0;1;NA;NA
X1034021;907629.384;6371766.532;1;1;0;0;0;1;1;1;1;1;1;1;1;1;0;1;1;0;1;1;1;1;0;0;0;NA;NA
X1034022;918456.032;6368763.06;1;1;0;0;0;1;1;1;1;1;0;0;1;0;0;1;1;0;1;1;1;1;0;0;0;NA;NA
X1040001;911599.0329;6365676.327;1;1;0;0;0;1;1;1;1;1;1;1;1;0;0;1;1;1;0;1;1;1;1;0;0;NA;NA
X1040002;925890.1661;6363587.058;1;1;1;1;1;1;1;1;1;1;1;1;1;1;0;1;1;1;1;1;1;1;1;0;1;NA;NA
X1050001;922746.4784;6357726.776;1;1;0;0;0;1;1;1;1;1;1;1;1;0;0;1;0;0;1;1;1;1;1;0;1;NA;NA
X1100001;918284.4475;6345316.59;1;1;1;1;1;1;1;1;1;1;1;1;1;1;1;1;1;1;1;1;1;1;1;1;1;NA;NA
X1100002;927867.9981;6345019.759;1;1;1;0;1;1;1;1;1;1;1;1;1;0;1;1;1;1;1;1;1;1;1;1;1;NA;NA
X1115011;943350.7896;6353966.465;1;1;1;1;1;1;1;1;1;1;1;1;1;1;1;1;1;1;1;1;1;1;1;1;1;NA;NA
X1120001;942193.4938;6344646.966;1;1;1;1;1;1;1;1;1;1;1;1;1;1;1;1;1;1;1;1;1;1;1;1;1;NA;NA
X1120002;939210.4956;6341462.387;1;1;0;0;1;1;1;1;1;1;1;1;1;1;1;1;1;1;1;1;1;1;1;1;1;NA;NA
X1210001;961752.5;6342445;1;1;1;1;NA;1;1;1;1;1;1;1;1;1;1;NA;1;1;1;1;1;1;1;1;1;NA;NA
X1240001;948894.8321;6334197.986;1;1;1;1;NA;1;1;1;1;1;1;1;1;1;1;NA;1;1;1;1;1;1;1;0;1;NA;NA
X1335011;925506.2943;6330974.814;1;1;0;0;0;1;1;1;1;0;1;1;1;0;0;1;1;0;0;0;1;NA;0;0;0;NA;NA
X1400001;971788.8;6323514.5;1;1;1;0;1;1;1;1;1;1;1;1;1;NA;1;1;1;1;1;1;1;NA;1;1;1;NA;NA
X1400002;971022.3095;6330648.472;1;1;1;1;1;1;1;1;1;0;1;1;1;NA;1;1;1;1;1;1;1;NA;1;1;1;NA;NA
X1410001;972408.7;6320330.5;1;1;1;1;1;1;1;1;1;1;1;1;1;NA;1;1;1;1;1;1;1;NA;1;1;1;NA;NA
X1440001;943288.8664;6315816.339;1;1;1;1;NA;1;1;1;1;1;1;1;1;NA;1;1;1;1;1;1;1;NA;1;0;1;NA;NA
X1440002;933722.3143;6313237.939;1;1;1;1;NA;1;1;1;1;1;1;1;1;1;1;1;1;1;1;1;1;NA;1;0;1;NA;NA
X1500001;916004.1088;6318910.651;1;1;1;0;0;1;1;1;1;1;NA;1;1;1;1;1;1;1;1;1;1;NA;0;0;0;NA;NA
X1500002;922839.2031;6314419.314;1;1;1;0;0;1;1;1;1;1;NA;1;1;1;1;1;1;0;0;0;1;NA;0;0;0;NA;NA
X1510001;919833.5992;6321393.531;1;1;1;0;0;1;1;1;1;0;NA;1;1;0;0;1;1;0;0;0;1;NA;0;0;0;NA;NA
X1510002;923341;6329503;1;1;1;0;0;1;1;1;0;0;1;1;1;0;0;1;1;1;0;0;1;NA;0;0;0;NA;NA
X2015211;986718.3;6341528;1;1;1;1;1;1;1;1;1;1;1;1;1;NA;1;1;1;1;1;1;1;NA;1;1;1;NA;NA
X2100001;978547.1311;6337808.276;1;1;0;0;0;1;1;1;1;0;1;1;1;NA;1;1;1;0;1;1;1;NA;1;0;0;NA;NA
X2202021;987182.8075;6319242.349;1;1;1;1;1;1;1;1;1;1;1;1;1;NA;1;1;1;1;1;1;1;NA;1;1;1;NA;NA
X2305011;986592.6795;6305043.972;1;1;1;1;0;1;1;1;1;1;1;1;1;1;1;1;1;1;1;1;1;1;1;1;1;NA;NA
X2405010;995660.474;6305887.795;1;1;1;0;0;1;1;1;1;1;1;1;1;1;0;1;NA;1;1;0;1;1;1;0;1;NA;NA
X2405011;992850.2666;6302504.167;1;1;1;0;0;1;1;1;0;0;1;1;0;1;0;1;1;1;0;0;1;0;0;0;0;NA;NA
X2424011;988454.2;6296508.5;1;1;1;0;0;1;1;1;0;0;1;1;1;1;0;1;1;0;0;0;1;1;0;0;0;NA;NA
X2424012;982840.6;6292872.5;1;1;0;0;0;1;1;1;1;1;1;1;1;1;1;1;1;0;0;1;1;1;1;1;1;NA;NA
X2700001;951715.385;6308157.918;1;1;0;0;0;1;1;1;1;1;1;1;1;1;1;1;1;1;1;1;1;NA;0;0;0;NA;NA
X2710001;943731.1684;6304124.915;1;1;1;1;1;1;1;1;1;1;1;1;1;1;1;1;1;1;1;1;1;NA;1;1;1;NA;NA
X3001011;919554.9;6290183;1;1;1;1;1;1;1;1;1;1;1;1;1;1;1;1;1;1;1;1;0;0;0;0;0;NA;NA
X3010001;915456.8;6283968;1;1;1;1;1;1;1;1;1;1;1;1;1;1;1;1;1;1;1;1;1;1;1;1;1;NA;NA
X3110001;906716.6;6296381;1;1;1;0;0;1;1;1;0;0;1;1;1;0;1;1;1;0;0;0;0;0;0;0;0;NA;NA
X3200001;897703.3;6295481.5;1;1;1;0;0;1;1;1;1;1;1;1;1;1;1;1;1;0;0;1;1;0;0;0;0;NA;NA
X3210202;892800.3518;6296542.143;1;1;1;0;0;1;1;1;1;1;1;1;1;1;1;1;1;1;1;0;1;1;0;0;0;NA;NA
X3220001;888525.8234;6304059.92;1;1;1;1;1;1;1;1;1;1;1;1;1;1;1;1;1;1;1;1;1;1;1;1;0;NA;NA
X3220002;888664.6;6303505.5;1;1;1;0;0;1;1;1;1;1;1;1;1;1;1;1;1;1;1;1;1;0;0;0;0;NA;NA
X3220003;889337.1;6300150.5;1;1;1;1;1;1;1;1;1;1;1;1;1;1;1;1;1;1;1;1;1;1;1;1;1;NA;NA
X3414011;907653.7;6313055;1;1;1;0;1;1;1;1;1;1;1;1;1;1;1;1;1;1;1;1;1;0;1;1;1;NA;NA
X3420001;906836.2;6310449.5;1;1;1;0;0;1;1;1;1;0;1;1;1;1;1;1;1;1;1;1;1;1;0;0;0;NA;NA
X3420002;908602.6988;6310112.144;1;1;1;0;0;1;1;1;1;1;NA;1;1;0;0;1;1;0;0;0;1;NA;0;0;0;NA;NA
X3434011;905870.1167;6309808.859;1;1;1;0;1;1;1;1;1;1;1;1;1;1;1;1;1;1;1;1;1;1;0;0;0;NA;NA
X3470001;879482.3;6309250.5;1;1;1;0;1;1;1;0;1;1;1;1;1;1;1;1;1;1;1;1;1;1;0;0;0;NA;NA
X3484020;873787.6989;6308952.499;1;1;0;0;0;1;1;1;1;1;1;1;1;1;1;1;1;1;1;1;1;0;0;0;0;NA;NA
X3500011;856891.8458;6300694.341;1;1;1;1;1;1;1;1;1;1;1;1;1;1;1;1;1;1;1;1;1;1;1;1;1;NA;NA
X3500012;852779.0721;6306735.82;1;1;1;1;1;1;1;1;1;1;1;1;1;1;1;1;1;1;1;1;1;1;1;1;1;NA;NA
X3500013;851893.3;6304056;1;1;1;1;1;1;1;1;1;1;1;1;1;1;1;1;1;1;1;1;1;1;1;1;1;NA;NA
Y0004011;623378.4515;6157787.355;1;1;1;1;1;NA;1;1;1;1;1;1;1;1;1;1;1;1;1;1;1;1;1;1;1;NA;NA
Y0004012;617162.7048;6152177.553;1;1;1;0;0;NA;1;1;1;1;1;1;1;1;1;1;1;1;1;1;1;1;1;1;1;NA;NA
Y0010001;612759.1088;6148416.157;1;1;1;1;1;NA;1;1;1;1;1;1;1;1;1;1;1;1;1;1;1;1;1;1;1;NA;NA
Y0010002;617007.3494;6152201.578;1;1;0;0;0;NA;1;1;1;1;1;1;1;1;1;1;1;1;1;1;1;1;1;1;1;NA;NA
Y0025011;612723.7782;6148597.774;1;1;1;1;1;NA;1;1;1;1;1;1;1;1;1;1;1;1;1;1;1;1;1;1;1;NA;NA
Y0025012;609536.41;6152896.446;1;1;1;1;1;NA;1;1;1;1;1;1;1;1;1;1;1;1;1;1;1;1;1;1;1;NA;NA
Y0030001;614185.18;6146280.241;1;1;0;0;0;NA;1;1;1;1;1;1;1;1;1;1;1;1;1;1;1;1;1;1;1;NA;NA
Y0045011;609997.6506;6150564.193;1;1;1;1;1;NA;1;1;1;1;1;1;1;1;1;1;1;1;1;1;1;1;1;1;1;NA;NA
Y0045012;607057.6988;6153209.349;1;1;0;0;0;NA;1;1;1;1;1;1;1;1;1;1;1;1;1;1;1;1;1;1;1;NA;NA
Y0115411;699061.3;6157123.5;1;1;1;1;1;NA;1;1;1;1;1;1;1;1;1;1;1;1;1;1;1;1;1;1;1;NA;NA
Y0220001;666880.9616;6145338.84;1;1;1;1;1;NA;1;1;1;1;1;1;1;1;1;1;1;1;1;1;1;1;1;1;1;NA;NA
Y0234011;669197.1088;6150991.939;1;1;1;1;1;NA;1;1;1;1;1;1;1;1;1;1;1;1;1;1;1;1;1;1;1;NA;NA
Y0255021;673459.2267;6155443.493;1;1;0;0;0;NA;1;1;0;0;1;1;0;0;0;1;1;0;0;0;1;1;0;0;0;NA;NA
Y0255022;677557.9351;6153189.901;1;1;1;1;1;NA;1;1;1;1;1;1;1;1;1;1;1;1;1;1;1;1;1;1;1;NA;NA
Y0274011;686023.0704;6154334.034;1;1;0;0;0;NA;1;1;0;0;0;0;0;0;0;1;0;0;0;0;1;0;0;0;0;NA;NA
Y0274012;683934.2628;6154392.28;1;1;1;1;1;NA;1;1;1;1;1;1;1;1;1;1;1;1;1;1;1;1;1;1;1;NA;NA
Y0284061;694761.8867;6164162.198;1;1;1;1;1;NA;1;1;1;1;1;1;1;1;1;1;1;1;1;1;1;1;1;1;1;NA;NA
Y0284062;692036.3828;6157076.09;1;1;1;1;1;NA;1;1;1;1;1;1;0;1;1;1;1;1;1;1;1;1;1;1;1;NA;NA
Y0315021;684318.911;6165296.629;1;1;0;0;0;NA;1;1;0;1;1;0;0;1;1;1;1;0;0;0;1;1;0;0;0;NA;NA
Y0410001;635932.9038;6158381.036;1;1;1;1;1;NA;1;1;1;1;1;1;1;1;1;1;1;1;1;1;1;1;1;1;1;NA;NA
Y0424011;639606.8075;6161747.603;1;1;1;1;1;NA;1;1;1;1;1;1;1;1;1;1;1;1;1;1;1;1;1;1;1;NA;NA
Y0436406;647071.0481;6168380.699;1;1;1;1;1;NA;1;1;1;1;1;1;1;1;1;1;1;1;1;1;1;1;1;1;1;NA;NA
Y0436407;646401.3013;6155134.349;1;1;1;1;1;NA;1;1;1;1;1;1;1;1;1;1;1;1;1;1;1;1;1;1;1;NA;NA
Y0436408;650294.5063;6161206.952;1;1;0;0;0;NA;1;1;1;0;1;1;1;1;1;1;1;1;0;0;1;1;0;0;0;NA;NA
Y0455031;659802.5063;6168621.048;1;1;1;1;1;NA;1;1;1;1;1;1;1;1;1;1;1;1;1;1;1;1;1;1;1;NA;NA
Y0466006;666526.0438;6169322.859;1;1;1;1;1;NA;1;1;1;1;1;1;1;1;1;1;1;1;1;1;1;1;1;1;1;NA;NA
Y0466007;673513.9294;6172743.19;1;0;0;0;0;NA;0;0;0;0;0;0;0;0;0;0;0;0;0;0;0;0;0;0;0;NA;NA
Y0466008;664548.7238;6178528.843;1;1;0;0;0;NA;1;1;1;1;1;1;0;0;0;1;1;0;0;0;1;0;0;0;0;NA;NA
Y0475611;680984.0358;6175134.925;1;1;1;1;1;NA;1;1;1;1;1;1;1;1;1;1;1;1;1;1;1;1;1;1;1;NA;NA
Y0615041;649488.1;6189014.5;1;1;1;1;1;NA;1;1;1;1;1;1;1;1;1;1;1;1;1;1;1;1;1;1;1;NA;NA
Y0625221;657197.9038;6184621.699;1;1;1;1;1;NA;1;1;1;1;1;1;1;1;1;1;1;1;1;1;1;1;1;1;1;NA;NA
Y0625222;656703.795;6179834.699;1;1;1;1;1;NA;1;1;1;1;1;1;1;1;1;1;1;1;1;1;1;1;1;1;1;NA;NA
Y0640001;673783.0481;6187722.554;1;1;0;0;0;NA;1;1;1;1;1;1;1;1;1;1;1;1;0;0;1;1;0;0;0;NA;NA
Y0655021;670589.8;6196442;1;1;1;1;1;1;1;1;1;1;1;1;1;1;1;1;NA;1;1;1;1;1;1;1;1;NA;NA
Y0655022;677473.2094;6198630.533;1;1;0;0;0;1;1;1;0;0;1;0;0;0;0;1;NA;0;0;0;1;0;0;0;0;NA;NA
Y0814002;682717.0644;6210473.575;1;0;0;0;0;1;1;1;0;0;1;0;0;0;0;1;NA;0;0;0;1;0;0;0;0;NA;NA
Y0824031;693233.8638;6217168.128;1;1;0;0;0;1;1;1;0;0;1;0;0;0;0;1;NA;0;0;0;1;1;0;0;0;NA;NA
Y1105011;622808.5;6192804;1;1;1;1;1;1;1;1;1;1;1;1;1;1;1;1;NA;1;1;1;1;1;1;1;1;NA;NA
Y1112011;635755.8044;6196935.575;1;1;1;1;0;1;1;1;1;1;1;1;1;1;1;1;NA;1;1;1;1;1;1;0;0;NA;NA
Y1135011;644373.0158;6201119.635;1;1;1;1;1;1;1;1;1;1;1;1;1;1;1;1;NA;1;1;1;1;1;1;1;1;NA;NA
Y1152011;631985.1681;6210068.072;1;1;1;1;1;1;1;1;1;1;1;1;1;1;1;1;NA;1;1;1;1;1;1;0;1;NA;NA
Y1152012;631380.3833;6216080.901;1;1;1;1;0;1;1;1;0;0;1;1;1;1;1;1;NA;0;1;1;1;1;0;0;1;NA;NA
Y1205011;629330.1701;6225396.787;1;1;1;1;0;1;1;1;1;1;1;1;1;1;1;1;NA;1;1;1;1;1;1;1;0;NA;NA
Y1225021;652768.6;6216303;1;1;1;1;1;1;1;1;1;1;1;1;1;1;1;1;NA;1;1;1;1;1;1;1;1;NA;NA
Y1300001;612663.4;6250926.5;1;1;1;1;1;1;1;1;1;1;1;1;1;1;1;1;NA;1;1;1;1;1;1;1;1;NA;NA
Y1325011;613710.6363;6246121.128;1;1;1;0;1;1;1;1;1;1;1;1;1;1;1;1;NA;1;1;1;1;1;1;1;1;NA;NA
Y1345011;623795.4663;6252772.544;1;1;1;0;1;1;1;1;1;1;1;1;1;1;1;1;NA;0;1;0;1;1;0;0;0;NA;NA
Y1416211;656278.5111;6251684.461;1;1;0;1;1;1;1;1;0;0;1;1;1;1;1;1;NA;0;0;1;1;1;1;1;1;NA;NA
Y1416212;651412.167;6243200.574;1;1;1;1;1;1;1;1;1;1;1;1;1;1;1;1;NA;1;1;1;1;1;1;1;1;NA;NA
Y1435411;664917.5873;6243785.566;1;1;1;0;0;1;1;1;1;1;1;1;1;1;1;1;NA;1;0;1;1;1;1;0;0;NA;NA
Y1452021;674639.1294;6229804.498;1;1;1;0;0;1;1;1;1;1;1;1;1;1;0;1;NA;1;1;1;1;1;NA;0;0;NA;NA
Y1452022;685968.9663;6242669.475;1;1;0;1;0;NA;NA;NA;NA;NA;NA;NA;NA;NA;NA;NA;NA;NA;NA;NA;NA;NA;NA;NA;NA;NA;NA
Y1510001;657691.794;6208143.241;1;1;1;1;1;1;1;1;1;1;1;1;1;1;1;1;NA;1;1;1;1;1;1;1;1;NA;NA
Y1524021;664612.4987;6216089.188;1;1;1;1;1;1;1;1;1;1;1;1;1;1;1;1;NA;1;1;1;1;1;1;1;1;NA;NA
Y1535210;667346.9469;6221729.972;1;1;0;0;0;1;1;1;0;0;1;1;1;1;0;1;NA;0;0;0;1;1;0;0;0;NA;NA
Y1540001;675589.1329;6226244.19;1;1;1;1;1;1;1;1;1;1;1;1;1;1;1;1;NA;1;1;1;1;1;1;1;1;NA;NA
Y1550001;676088.4017;6226039.085;0;0;0;0;0;1;1;1;0;0;1;0;0;0;0;1;NA;0;0;0;0;0;0;0;0;NA;NA
Y1570001;686967.9063;6231100.99;1;1;1;1;1;1;1;1;1;1;1;1;1;1;1;1;NA;1;1;1;1;1;1;1;1;NA;NA
Y1605061;693134.2501;6242327.342;NA;NA;NA;NA;NA;1;1;1;1;1;1;1;1;1;1;1;NA;1;1;1;1;1;1;1;1;NA;NA
Y1605062;669998.1227;6253922.461;1;1;1;1;NA;1;1;1;1;1;1;1;NA;1;1;1;1;1;1;1;1;1;1;1;1;NA;NA
Y1612051;695211.9009;6250609.112;1;1;0;0;NA;1;1;1;0;0;1;0;NA;0;0;1;0;0;1;0;0;0;0;0;0;NA;NA
Y2000023;750683.1027;6328581.854;1;1;1;1;1;1;1;1;1;1;1;1;1;1;1;1;1;1;1;1;1;1;1;1;1;NA;NA
Y2000025;750716.1573;6328035.897;1;1;1;1;1;1;1;1;1;1;1;1;1;1;1;1;1;1;1;1;1;1;1;1;1;NA;NA
Y2000026;752364.2159;6329365.73;1;1;1;0;0;1;1;1;1;1;1;1;1;1;1;1;1;1;1;1;1;1;1;1;1;NA;NA
Y2010022;747315.6459;6325797.9;1;1;1;1;1;1;1;1;1;1;1;1;1;1;1;1;1;1;1;1;1;1;1;1;1;NA;NA
Y2010027;742460.6913;6319166.327;1;1;1;1;1;1;1;1;1;1;1;1;1;1;1;1;1;1;1;1;1;1;1;1;1;NA;NA
Y2010028;742444.9135;6319258.351;1;1;1;1;1;1;1;1;1;1;1;1;1;1;1;1;1;0;1;1;1;1;1;1;1;NA;NA
Y2010029;746815.6062;6320473.904;1;1;1;0;0;1;1;1;1;0;1;1;1;1;1;1;1;0;1;1;1;1;1;0;1;NA;NA
Y2010031;751965.5506;6323512.867;1;1;1;1;1;1;1;1;1;1;1;1;1;1;1;1;1;1;1;1;1;1;1;1;1;NA;NA
Y2010033;752981.0079;6322645.577;1;1;1;1;1;1;1;1;1;1;1;1;1;1;1;1;1;1;1;1;1;1;1;1;1;NA;NA
Y2100021;757394.1419;6320556.581;1;1;1;0;1;1;1;1;1;1;1;1;1;1;1;1;1;1;1;1;1;1;1;1;1;NA;NA
Y2100022;757410.3213;6320544.681;1;1;1;0;1;1;1;1;1;1;1;1;1;1;1;1;1;0;1;1;1;1;1;0;0;NA;NA
Y2100023;762157.9;6312872.5;1;0;0;0;NA;1;1;0;0;0;0;0;NA;0;1;1;0;0;0;1;1;0;0;0;0;NA;NA
Y2110001;750356.4;6303381.5;1;1;1;1;NA;1;1;1;1;1;1;1;NA;1;1;1;1;1;1;1;1;1;1;1;1;NA;NA
Y2120001;763817.4;6302287.5;1;1;0;0;NA;1;1;0;0;0;1;1;NA;0;1;1;1;0;1;1;1;1;1;0;0;NA;NA
Y2140021;747576.5;6284751.5;1;1;0;0;NA;1;1;1;1;1;0;0;NA;0;0;1;1;0;1;0;1;1;0;1;1;NA;NA
Y2140022;743129;6280124;1;0;0;1;NA;1;1;1;0;1;0;0;NA;0;1;1;1;1;1;1;1;1;1;0;0;NA;NA
Y2200001;730714.9172;6297903.054;1;1;1;1;NA;1;1;1;1;1;1;1;NA;1;1;1;1;1;1;1;1;1;1;1;1;NA;NA
Y2220001;731110.7;6286755.5;1;1;1;1;NA;1;1;1;1;1;1;1;NA;1;1;1;1;1;1;1;1;1;1;1;1;NA;NA
Y2220002;730979.9;6287232;1;0;0;0;NA;1;1;1;1;1;1;1;NA;1;1;1;1;1;1;1;1;1;1;1;1;NA;NA
Y2230011;724409.7298;6283878.658;1;0;0;0;NA;1;1;1;1;1;1;1;NA;1;1;1;1;1;1;1;1;1;1;1;1;NA;NA
Y2320001;729414.3873;6275053.224;1;0;0;0;NA;1;1;0;0;0;0;0;NA;0;1;1;0;0;1;1;1;1;0;0;0;NA;NA
Y2360001;724550.1356;6261230.762;1;1;1;0;NA;1;1;1;1;1;1;0;NA;1;1;1;1;0;1;1;1;1;1;0;0;NA;NA
Y2410011;717336.874;6263855.922;1;1;1;0;NA;1;1;1;1;0;1;0;NA;1;1;1;1;0;1;1;1;1;1;0;0;NA;NA
Y2440001;732557.8381;6245887.619;1;0;0;0;NA;1;1;0;0;0;0;0;NA;0;0;1;0;0;1;0;1;0;0;0;0;NA;NA
Y2510031;715889.7;6290432.5;1;1;1;1;NA;1;1;1;1;1;1;1;NA;1;1;1;1;1;1;1;1;1;1;1;1;NA;NA
Y2520021;698622.7;6285348.5;1;1;1;0;NA;1;1;1;1;1;1;1;NA;1;1;1;1;1;1;1;1;1;1;0;0;NA;NA
Y2540031;676567.2;6263773;1;1;0;0;NA;1;1;1;0;0;1;1;NA;1;1;1;1;1;1;1;1;1;1;1;1;NA;NA
Y2540032;688437.6027;6270084.509;1;1;0;0;NA;1;1;1;0;0;1;1;NA;1;1;1;1;1;1;1;1;1;1;1;1;NA;NA
Y2560031;697804.7935;6259042.122;1;1;1;1;NA;1;1;1;1;1;1;1;NA;1;1;1;1;1;1;1;1;1;1;1;1;NA;NA
Y2570051;712867.4191;6259608.947;1;1;0;0;NA;1;1;1;0;0;0;0;NA;0;0;1;1;0;0;1;1;1;0;0;0;NA;NA
Y2580511;709830.1935;6251596.073;1;1;0;0;NA;1;1;1;0;0;1;0;NA;0;0;1;1;0;0;1;1;0;0;0;0;NA;NA
Y3020001;756188.4985;6264319.245;1;1;0;0;NA;1;1;1;1;0;0;1;NA;0;0;1;0;0;1;1;1;1;0;0;0;NA;NA
Y3100001;762787.7;6285455;1;0;0;0;NA;1;1;1;0;0;0;0;NA;0;1;1;0;0;1;1;1;1;1;0;1;NA;NA
Y3200031;769736.4;6290749.5;1;0;0;0;NA;1;1;0;0;0;0;0;NA;0;0;1;0;0;1;1;1;1;0;0;0;NA;NA
Y3310011;774954.7005;6285211.969;1;0;0;0;NA;1;1;0;0;0;1;1;NA;1;1;1;1;0;1;1;1;1;1;1;1;NA;NA
Y3320001;779400.3;6285579.5;1;0;0;0;NA;1;1;0;0;0;1;0;NA;0;0;1;1;0;1;1;1;1;0;0;0;NA;NA
Y3330001;787366.6374;6280312.789;1;1;0;0;NA;1;1;1;0;0;1;1;NA;1;0;1;1;1;1;1;1;1;0;0;0;NA;NA
Y3405011;765082.3432;6318743.468;1;0;0;0;0;1;1;1;0;0;0;0;0;0;1;1;1;0;1;1;1;1;1;0;0;NA;NA
Y3414011;774420.7489;6320907.213;1;1;0;0;1;1;1;1;0;1;1;0;0;0;1;1;1;0;0;1;1;1;1;1;1;NA;NA
Y3414012;772025.2169;6321204.2;1;1;1;1;1;1;1;1;1;1;1;1;1;1;1;1;1;1;1;1;1;1;1;1;1;NA;NA
Y3414013;772103.0497;6321083.337;1;1;1;1;1;1;1;1;1;1;1;1;1;1;1;1;1;1;1;1;1;1;1;1;1;NA;NA
Y3414014;772108.7923;6321083.624;1;1;1;0;1;1;1;1;1;1;1;1;0;0;1;1;1;0;0;1;1;1;1;0;0;NA;NA
Y3420001;779090.3459;6305560.295;1;1;0;0;0;1;1;0;0;0;1;0;0;0;1;1;1;0;1;1;1;1;0;0;0;NA;NA
Y3435016;780656.5622;6317693.891;1;0;0;0;0;1;0;0;0;0;0;0;0;0;1;1;0;0;0;1;1;0;0;0;0;NA;NA
Y3444021;789742.2531;6316025.274;1;0;0;0;0;1;1;0;0;0;1;0;1;0;1;1;1;0;0;1;1;1;0;0;1;NA;NA
Y3454021;786913.5956;6301072.787;1;0;0;0;0;1;1;0;0;0;0;0;0;0;1;0;1;0;0;1;1;1;0;0;0;NA;NA
Y3454022;786092.4872;6301128.737;1;0;0;0;0;1;0;0;0;0;0;0;0;0;1;1;0;0;1;0;0;1;0;0;0;NA;NA
Y3454023;787389.2;6296443.5;1;0;0;0;NA;1;1;0;0;0;0;0;NA;0;1;1;1;0;1;1;1;1;0;1;0;NA;NA
Y4002011;918415.4991;6267861.11;1;1;0;0;0;1;1;1;0;0;1;1;1;1;0;1;1;1;1;1;1;0;0;0;1;NA;NA
Y4022011;905920.3;6272372;1;1;0;0;0;1;1;1;1;0;1;1;1;1;0;1;1;1;1;1;1;0;0;0;0;NA;NA
Y4022012;909582.4409;6272070.061;1;1;1;1;1;1;1;1;1;1;1;1;1;1;1;1;1;1;1;1;1;1;1;0;1;NA;NA
Y4022013;904830.313;6270691.313;1;1;1;1;1;1;1;1;1;1;1;1;1;1;1;1;1;1;1;1;1;1;1;1;1;NA;NA
Y4100001;911379.6;6276347;1;1;0;0;0;1;1;1;0;0;1;1;1;0;0;1;1;1;1;1;1;0;0;0;0;NA;NA
Y4200001;878032.3733;6283595.376;1;1;1;1;1;1;1;1;1;1;1;1;1;1;1;1;1;1;1;1;1;1;0;0;0;NA;NA
Y4200002;884822.4063;6282874.265;1;1;1;1;1;1;1;1;1;1;1;1;1;1;1;1;1;1;1;1;1;1;1;1;1;NA;NA
Y4200003;885371.5242;6280604.607;1;1;1;1;1;1;1;1;1;1;1;1;1;1;1;1;1;1;1;1;1;1;1;1;1;NA;NA
Y4200004;899849;6279281;1;1;1;1;1;1;1;1;1;1;1;1;1;1;1;1;1;1;1;1;1;0;0;0;0;NA;NA
Y4214041;881478.2;6286149.5;1;1;0;0;0;1;1;1;0;0;1;1;1;1;1;1;1;1;1;1;0;0;0;0;0;NA;NA
Y4306511;849130.9671;6290747.751;1;0;0;0;0;1;1;0;0;0;1;1;1;1;1;1;1;0;1;0;0;0;0;0;0;NA;NA
Y4306512;845577;6292022.5;1;1;1;1;1;1;1;1;1;1;1;1;1;1;1;1;1;1;1;1;1;1;1;1;1;NA;NA
Y4306513;845121.4078;6292224.664;1;1;1;1;1;1;1;1;1;1;1;1;1;1;1;1;1;1;1;1;1;1;1;1;1;NA;NA
Y4306514;851590.9;6289463.5;1;1;1;1;1;1;1;1;1;1;1;1;1;1;1;1;1;1;1;1;1;1;1;1;1;NA;NA
Y4415621;914750.2;6255993.5;1;1;1;1;1;1;1;1;1;1;1;1;1;1;1;1;1;1;1;1;1;0;0;0;0;NA;NA
Y4415622;915789.059;6254763.055;1;1;1;1;1;1;1;1;1;1;1;1;1;1;1;1;1;1;1;1;1;1;1;1;1;NA;NA
Y4415623;911580.2;6255485.5;1;1;0;0;0;1;1;1;1;0;1;1;1;0;0;1;1;1;1;1;0;0;0;0;0;NA;NA
Y4425011;913607.4903;6247832.646;1;1;1;1;1;1;1;1;1;1;1;1;1;1;1;1;1;1;1;1;1;0;1;1;1;NA;NA
Y4425012;914592.2;6247239.5;1;1;1;1;1;1;1;1;1;1;1;1;1;1;1;1;1;1;1;1;1;0;1;1;1;NA;NA
Y4604021;948010.8153;6235977.243;1;1;1;1;1;1;1;1;1;1;1;1;1;1;1;1;1;1;1;1;1;1;1;1;1;NA;NA
Y4615021;958990;6250362;1;1;1;1;1;1;1;1;1;1;1;1;1;1;1;1;1;1;1;1;1;1;0;1;0;NA;NA
Y4615022;969813.7987;6243614.416;1;1;0;0;0;1;1;1;0;1;1;1;1;0;1;1;1;1;0;1;1;1;0;0;0;NA;NA
Y4615023;967184.9409;6242313.67;1;1;0;0;0;1;1;1;1;1;1;1;1;1;1;1;1;1;0;1;1;1;0;0;0;NA;NA
Y4615024;949337.0722;6242759.175;1;1;1;1;0;1;1;1;1;1;1;1;1;1;1;1;1;1;1;1;1;0;0;0;0;NA;NA
Y4615025;954333.4211;6237982.707;1;1;1;1;1;1;1;1;1;1;1;1;1;1;1;1;1;1;1;1;1;1;1;1;1;NA;NA
Y4615026;962601.9775;6249170.77;1;1;0;0;0;1;1;1;0;1;1;1;1;0;1;1;1;1;0;0;1;1;0;0;0;NA;NA
Y5005211;938809.1;6268161.5;1;1;1;1;1;1;1;1;1;1;1;1;1;1;1;1;1;1;1;1;1;1;1;1;1;NA;NA
Y5010001;939901.7539;6276656.058;1;1;1;1;1;1;1;1;1;1;1;1;1;1;1;1;1;1;1;1;1;0;0;0;0;NA;NA
Y5010002;941276.7825;6274352.82;1;1;1;1;1;1;1;1;1;1;1;1;1;1;1;1;1;1;1;1;1;1;1;0;0;NA;NA
Y5020001;939694.5828;6280863.663;1;1;1;1;1;1;1;1;1;1;1;1;1;1;1;1;1;1;1;1;1;0;1;1;1;NA;NA
Y5106611;957346.4735;6254449.693;1;1;1;0;0;1;1;1;1;1;1;1;1;1;0;1;1;1;0;0;1;0;0;0;0;NA;NA
Y5106612;961209.2544;6257559.38;1;1;1;1;1;1;1;1;1;1;1;1;1;1;1;1;1;1;1;1;1;1;0;0;0;NA;NA
Y5106613;938368.4;6260475.5;1;1;1;1;1;1;1;1;1;1;1;1;1;1;1;1;1;1;1;1;1;1;1;1;1;NA;NA
Y5106614;941579.6037;6260878.517;1;1;1;1;1;1;1;1;1;1;1;1;1;1;1;1;1;1;1;1;1;1;1;1;1;NA;NA
Y5106615;960837.1053;6265805.897;1;1;1;1;1;1;1;1;1;1;1;1;1;1;1;1;1;1;1;0;1;1;0;0;0;NA;NA
Y5202011;971352.7087;6278482.822;1;1;1;1;1;1;1;1;1;1;1;1;1;1;1;1;1;1;1;1;1;1;1;0;0;NA;NA
Y5215021;978178.4454;6256074.777;1;1;0;1;0;1;1;1;0;1;1;1;0;1;1;1;1;0;0;1;1;1;0;0;0;NA;NA
Y5215022;972142.8646;6250938.327;1;1;1;0;1;1;1;1;1;1;1;1;1;0;1;1;1;1;1;1;1;1;0;0;0;NA;NA
Y5215023;980057.723;6261513.545;1;1;1;0;1;1;1;1;1;1;1;1;1;1;1;1;1;1;1;1;1;1;0;0;1;NA;NA
Y5305031;987207.6609;6284673.496;1;1;1;1;1;1;1;1;1;1;1;1;1;0;1;1;1;1;1;1;1;1;1;1;1;NA;NA
Y5305032;996403.2805;6281572.921;1;1;1;0;1;1;1;1;1;0;1;1;1;0;0;1;1;0;0;1;1;1;0;0;0;NA;NA
Y5424011;984454.1288;6247749.107;1;1;0;0;0;1;1;1;0;0;1;1;0;0;0;1;1;0;0;0;1;0;0;0;0;NA;NA
Y5436211;981718.0436;6240688.572;1;1;1;1;1;1;1;1;1;1;1;1;1;1;1;1;1;1;1;1;1;1;1;1;1;NA;NA
Y5450001;992866.146;6254243.499;1;1;1;1;0;1;1;1;0;0;1;1;0;1;0;1;1;1;0;0;1;1;1;0;0;NA;NA
Y5505411;1016014.5;6276692.5;1;0;0;0;0;1;1;0;0;0;1;1;0;0;0;1;NA;0;0;0;1;0;0;0;0;NA;NA
Y5516011;1015291.622;6301481.51;1;1;1;0;0;1;1;0;1;1;1;1;0;0;0;1;NA;0;0;0;0;0;0;0;0;NA;NA
Y5520001;995443.6578;6289828.211;1;1;1;1;1;1;1;1;1;1;1;1;1;1;1;1;1;1;1;1;1;1;1;1;1;NA;NA
Y5535711;1015943.574;6286586.986;1;0;0;0;0;1;1;1;1;0;1;1;0;0;0;1;NA;1;0;0;1;0;0;0;0;NA;NA
Y5605811;1030570.127;6289180.684;1;1;1;1;1;1;1;1;1;1;1;1;1;1;1;1;NA;1;1;1;1;1;1;0;0;NA;NA
Y5616211;1011823.446;6306271.233;1;1;1;1;1;1;1;1;1;1;1;1;1;1;1;1;NA;1;1;1;1;1;1;1;1;NA;NA
Y5616212;1020670.147;6307698.101;1;1;1;1;1;1;1;1;1;1;1;1;1;1;1;1;NA;1;1;1;1;1;1;1;1;NA;NA
Y5616213;1024389.5;6295240.5;1;1;1;1;1;1;1;1;1;1;1;1;1;1;1;1;NA;1;1;1;1;1;1;1;1;NA;NA
Y5625111;1033847.211;6297756.924;1;1;1;0;1;1;1;1;1;1;1;1;1;1;1;1;NA;1;1;1;1;1;0;0;0;NA;NA
Y6002031;1000012.928;6356670.916;1;1;1;1;1;1;1;1;1;1;1;1;1;1;1;1;1;1;1;1;1;1;1;1;1;NA;NA
Y6002032;999657.6348;6350460.911;1;1;1;1;1;1;1;1;1;1;1;1;1;1;1;1;1;1;1;1;1;1;1;1;1;NA;NA
Y6012011;1008803.86;6338644.531;1;1;1;1;1;1;1;1;1;1;1;1;1;1;1;1;1;1;1;1;1;1;1;1;1;NA;NA
Y6035621;990562.7113;6331678.939;1;1;1;1;0;1;1;1;1;1;1;1;1;NA;1;1;1;1;1;1;1;NA;1;1;1;NA;NA
Y6100001;1011664;6326529;1;1;1;1;1;1;1;1;1;1;1;1;1;1;1;1;1;1;1;1;1;1;1;1;1;NA;NA
Y6115031;1019141.194;6337877.183;1;1;1;1;1;1;1;1;1;1;1;1;1;1;1;1;1;1;1;1;1;1;1;1;1;NA;NA
Y6115032;1018563.06;6334761.485;1;1;1;1;1;1;1;1;1;1;1;1;1;1;1;1;1;1;1;1;1;1;1;1;1;NA;NA
Y6115033;1020460.824;6331165.234;1;1;1;0;1;1;1;1;1;1;1;1;1;1;1;1;1;1;1;1;1;1;1;1;1;NA;NA
Y6125011;1026204.3;6323797;1;1;1;1;1;1;1;1;1;1;1;1;1;1;1;1;1;1;1;1;1;1;1;1;1;NA;NA
Y6205811;1016186.417;6355429.684;1;1;1;1;1;1;1;1;1;1;1;1;1;1;1;1;1;1;1;1;1;1;1;1;1;NA;NA
Y6205812;1011374.505;6363942.719;1;1;1;1;1;1;1;1;1;1;1;1;1;1;1;1;1;1;1;1;1;1;1;1;1;NA;NA
Y6234021;1033983.353;6324514.616;1;1;1;1;1;1;1;1;1;1;1;1;1;1;1;1;1;1;1;1;1;1;1;1;1;NA;NA
Y6234022;1033541.446;6339443.341;1;1;1;1;1;1;1;1;1;1;1;1;1;1;1;1;1;1;1;1;1;1;1;1;1;NA;NA
Y6300001;1041637.712;6345113.924;1;1;1;1;1;1;1;1;1;1;1;1;1;1;1;1;1;1;1;1;1;1;1;1;1;NA;NA
Y6310001;1044539.261;6332930.555;1;1;1;1;1;1;1;1;1;1;1;1;1;1;1;1;1;1;1;1;1;1;1;1;1;NA;NA
Y6320001;1045575.646;6329042.459;1;1;1;1;1;1;1;1;1;1;1;1;1;1;1;1;1;1;1;1;1;1;1;1;1;NA;NA
Y6320002;1042978.1;6325638.5;1;1;1;1;1;1;1;1;1;1;1;1;1;1;1;1;1;1;1;1;1;1;1;1;1;NA;NA
Y6334051;1042604.674;6321810.022;1;1;1;1;1;1;1;1;1;1;1;1;1;1;1;1;1;1;1;1;1;1;1;1;1;NA;NA
Y6400001;998935.367;6313527.14;1;1;0;0;0;1;1;1;1;1;1;1;1;1;1;1;NA;1;1;1;1;1;1;0;1;NA;NA
Y6410001;1010405.045;6317434.945;1;1;1;1;1;1;1;1;1;1;1;1;1;1;1;1;NA;1;1;1;1;1;1;1;1;NA;NA
Y6425141;1022227.861;6316591.958;1;1;1;1;1;1;1;1;1;1;1;1;1;1;1;1;1;1;1;1;1;1;1;1;1;NA;NA
Y6435831;1030768.1;6315788.5;1;1;1;1;1;1;1;1;1;1;1;1;1;1;1;1;1;1;1;1;1;1;1;1;1;NA;NA
Y6442021;1038068.464;6309202.73;1;1;1;1;1;1;1;1;1;1;1;1;1;1;1;1;1;0;1;1;0;0;0;0;0;NA;NA
Y6517011;1046633.318;6311054.85;1;1;1;0;1;1;1;1;1;1;1;1;1;0;1;1;1;1;1;1;0;0;0;0;0;NA;NA
Y6517012;1051027.036;6315219.06;1;1;1;1;1;1;1;1;1;1;1;1;1;1;1;1;1;1;1;1;1;1;1;1;1;NA;NA
Y6520001;1046434.8;6302307.413;1;1;0;0;0;1;1;1;1;1;1;1;1;1;1;1;1;0;1;1;0;1;0;0;0;NA;NA
Y6536611;1060694.3;6313033.5;1;1;0;0;0;1;0;1;1;1;1;1;0;0;1;1;0;1;0;1;1;1;0;0;0;NA;NA
Y6600001;1069910.574;6340199.266;1;1;1;1;1;1;1;1;1;1;1;1;1;1;1;1;1;1;1;1;1;1;1;1;1;NA;NA
Y6620001;1063190.035;6332178.754;1;1;0;0;0;1;1;1;1;1;1;1;1;1;1;1;0;0;0;0;0;0;0;0;0;NA;NA
Y6620002;1064601.003;6330784.413;1;1;1;1;1;1;1;1;1;1;1;1;1;1;1;1;1;1;1;1;1;1;1;1;1;NA;NA
Y6635011;1054899.4;6320283.5;1;1;1;1;1;1;1;1;1;1;1;1;1;1;1;1;1;1;1;1;1;1;1;1;1;NA;NA
Y6635012;1057274.8;6318429.5;1;1;1;1;1;1;1;1;1;1;1;1;1;1;1;1;1;1;1;1;1;1;1;1;1;NA;NA
Y7010001;1205173.683;6163840.251;1;1;0;0;1;1;1;1;1;NA;1;1;1;1;0;1;1;1;0;0;NA;1;1;0;1;NA;NA
Y7110001;1203340.3;6177010.5;1;1;1;0;1;1;1;1;1;NA;1;1;1;0;0;1;1;1;1;0;NA;1;1;0;1;NA;NA
Y7310001;1228756.256;6190070.534;1;1;1;1;1;1;1;1;1;NA;1;1;1;0;0;1;1;1;1;1;NA;1;0;0;0;NA;NA
Y7310002;1217882.992;6184072.562;1;1;1;1;1;1;1;1;1;NA;1;1;1;1;1;1;1;1;1;1;NA;1;1;0;1;NA;NA
Y7330001;1222221.978;6199514.576;1;1;1;1;1;1;1;1;0;NA;1;1;1;1;0;1;1;1;1;1;NA;0;1;0;1;NA;NA
Y7400001;1226575.082;6215613.432;1;1;1;0;1;1;1;1;0;NA;1;1;1;1;1;1;1;1;1;1;NA;1;1;1;0;NA;NA
Y7410001;1226492.8;6220781.5;1;1;1;1;1;1;1;1;1;NA;1;1;1;1;1;1;1;1;1;1;NA;1;1;1;1;NA;NA
Y7500001;1217054.889;6189236.666;1;1;1;0;1;1;1;1;1;NA;1;1;1;1;0;1;1;1;1;1;NA;1;0;0;0;NA;NA
Y7600001;1200646.196;6188886.004;1;1;0;0;1;1;1;1;0;NA;1;1;1;0;0;1;1;1;0;0;NA;1;0;0;0;NA;NA
Y7610001;1187378.438;6180424.698;1;1;1;1;1;1;1;1;1;NA;1;1;1;1;1;1;1;1;1;1;NA;0;1;1;1;NA;NA
Y7610002;1192899.284;6184258.494;1;1;1;0;1;1;1;1;1;NA;1;1;1;1;1;1;1;1;1;1;NA;1;1;0;1;NA;NA
Y7700001;1182302.27;6174641.586;1;0;0;0;1;1;0;1;0;NA;1;1;1;0;0;1;1;0;0;0;NA;0;0;0;1;NA;NA
Y7710001;1177541.287;6171758.69;1;1;0;0;1;1;1;1;1;NA;1;1;1;1;0;1;1;1;1;1;NA;1;1;0;1;NA;NA
Y7910001;1176220.6;6145866.5;1;1;1;1;1;1;1;1;1;NA;1;1;1;1;1;1;1;0;1;1;NA;1;1;1;1;NA;NA
Y7920001;1164447.5;6136898;1;1;0;0;0;1;1;0;0;NA;1;1;0;0;0;1;1;0;0;0;NA;1;0;0;0;NA;NA
Y7920002;1167248.5;6143423;1;1;0;0;0;1;1;1;0;NA;1;1;1;1;1;1;1;1;0;0;NA;1;1;0;0;NA;NA
Y8000001;1173679.538;6133813.2;1;1;1;1;1;1;1;1;1;NA;1;1;1;1;1;1;1;1;1;1;NA;1;1;1;1;NA;NA
Y8310001;1190760.667;6123201.232;1;1;1;1;1;1;1;1;1;NA;1;1;1;1;1;1;1;1;1;1;NA;1;1;1;1;NA;NA
Y8400001;1198425.155;6114508.442;1;1;1;1;1;1;1;1;1;NA;1;1;1;1;1;1;1;1;1;1;NA;1;1;1;1;NA;NA
Y8600001;1207778.472;6112156.934;1;1;1;1;1;1;1;1;1;NA;1;1;1;1;1;1;1;1;1;1;NA;1;1;1;1;NA;NA
Y8610001;1199217.996;6105040.397;1;1;1;1;1;1;1;1;1;NA;1;1;1;1;1;1;1;1;1;1;NA;1;1;1;1;NA;NA
Y8700001;1196284.61;6084838.392;1;1;1;1;1;1;1;1;1;NA;1;1;1;1;1;1;1;0;1;1;NA;1;1;1;1;NA;NA
Y8820001;1206131.69;6082840.972;1;1;1;1;1;1;1;1;1;NA;1;1;1;1;1;1;1;1;1;1;NA;1;1;1;1;NA;NA
Y9010001;1216178.031;6152320.919;1;1;1;1;1;1;1;1;1;NA;1;1;1;1;1;1;1;1;1;1;NA;1;1;1;1;NA;NA
Y9010002;1212309.464;6150397.288;1;1;1;0;1;1;1;1;1;NA;1;1;1;1;1;1;1;1;1;1;NA;1;1;0;1;NA;NA
Y9110001;1231054.558;6133812.18;1;1;1;1;1;1;1;1;1;NA;1;1;1;1;1;1;1;1;1;1;NA;1;1;1;1;NA;NA
Y9210001;1238658.987;6144171.468;1;1;1;0;1;1;1;1;1;NA;1;1;1;1;1;1;1;1;1;1;NA;1;1;1;1;NA;NA
Y9420001;1224666.292;6125045.06;1;1;1;1;1;1;1;1;1;NA;1;1;1;1;1;1;1;1;1;1;NA;1;1;1;1;NA;NA
Y9610001;1230447.45;6093408.919;1;1;1;0;1;1;1;1;1;NA;1;1;1;1;1;1;1;0;1;0;NA;1;1;1;1;NA;NA
Y9610002;1231324.277;6096452.685;1;0;0;0;0;1;1;0;0;NA;1;1;1;1;0;1;1;0;0;0;NA;0;0;0;1;NA;NA
Y9700001;1227912.964;6088409.715;1;1;1;0;1;1;1;1;1;NA;1;1;1;1;1;1;1;0;1;0;NA;1;1;1;1;NA;NA
Y9710001;1225423.976;6084254.517;1;1;1;1;1;1;1;1;1;NA;1;1;1;1;1;1;1;0;1;1;NA;1;1;1;1;NA;NA
Y9800001;1214248.522;6070208.095;1;1;1;1;1;1;1;1;1;NA;1;1;1;1;1;1;1;0;0;0;NA;1;1;1;1;NA;NA
